STATE,District Name,Market Name,Commodity,Variety,Grade,Min_Price,Max_Price,Modal_Price,Price Date
Maharashtra,nashik,Lasalgaon(Niphad),Wheat,Maharashtra 2189,FAQ,2172.0,2399.0,2300.0,6/6/2023
Maharashtra,satara,Patan,Tomato,Other,FAQ,1000.0,1500.0,1250.0,6/6/2023
Uttar Pradesh,mainpuri,Bewar,Potato,Local,FAQ,800.0,820.0,810.0,6/6/2023
Rajasthan,chittorgarh,Nimbahera,Wheat,Other,FAQ,2040.0,2668.0,2300.0,6/6/2023
Rajasthan,pratapgarh,Pratapgarh,Onion,Other,FAQ,476.0,1043.0,617.0,6/6/2023
Rajasthan,bharatpur,Bayana,Onion,Onion,FAQ,1000.0,1000.0,1000.0,6/6/2023
Haryana,ambala,Naraingarh,Tomato,Tomato,FAQ,500.0,800.0,700.0,6/6/2023
Uttar Pradesh,pratapgarh,Pratapgarh,Onion,Other,FAQ,476.0,1043.0,617.0,6/6/2023
West Bengal,birbhum,Sainthia,Wheat,Other,FAQ,2150.0,2250.0,2200.0,6/6/2023
Himachal Pradesh,mandi,Mandi(Takoli),Tomato,Other,FAQ,1100.0,1300.0,1200.0,6/6/2023
Uttar Pradesh,sambhal,Muradabad,Tomato,Deshi,FAQ,730.0,770.0,750.0,6/6/2023
Rajasthan,pratapgarh,Pratapgarh,Wheat,Dara,FAQ,2250.0,2450.0,2300.0,6/6/2023
Uttar Pradesh,pratapgarh,Pratapgarh,Wheat,Dara,FAQ,2250.0,2450.0,2300.0,6/6/2023
Haryana,panipat,Panipat,Potato,Other,FAQ,600.0,1000.0,800.0,6/6/2023
Gujarat,bhavnagar,Mahuva(Station Road),Wheat,Kalyan,FAQ,2040.0,3050.0,2545.0,6/6/2023
Uttar Pradesh,bareilly,Bareilly,Onion,Red,FAQ,1075.0,1150.0,1120.0,6/6/2023
Haryana,kaithal,Kaithal,Onion,1st Sort,FAQ,700.0,1200.0,950.0,6/6/2023
Himachal Pradesh,kangra,Palampur,Onion,Other,FAQ,1300.0,1800.0,1550.0,6/6/2023
Meghalaya,west garo hills,Tura,Potato,Local,FAQ,1700.0,1900.0,1800.0,6/6/2023
Maharashtra,nashik,Lasalgaon(Vinchur),Wheat,Other,FAQ,2100.0,2382.0,2200.0,6/6/2023
Madhya Pradesh,rajgarh,Kurawar,Wheat,Lok -1 (Nilami Rate),FAQ,1900.0,2505.0,2050.0,6/6/2023
Madhya Pradesh,sagar,Kesli,Wheat,Other,FAQ,2220.0,2230.0,2225.0,6/6/2023
Haryana,panipat,Panipat,Tomato,Other,FAQ,400.0,700.0,500.0,6/6/2023
Andhra Pradesh,nalgonda,Venkateswarnagar,Potato,Local,FAQ,1800.0,1800.0,1800.0,6/6/2023
Gujarat,anand,Khambhat(Grain Market),Wheat,Other,FAQ,2125.0,2350.0,2225.0,6/6/2023
Kerala,ernakulam,Thrippunithura,Onion,Big,FAQ,2000.0,2400.0,2000.0,6/6/2023
Madhya Pradesh,satna,Nagod,Wheat,Dara Mill Quality,FAQ,2220.0,2265.0,2240.0,6/6/2023
Madhya Pradesh,mandla,Nainpur,Wheat,Local,FAQ,2200.0,2200.0,2200.0,6/6/2023
West Bengal,birbhum,Birbhum,Onion,Other,FAQ,1900.0,2000.0,1950.0,6/6/2023
Gujarat,patan,Patan,Wheat,Other,FAQ,2100.0,3405.0,2755.0,6/6/2023
Uttar Pradesh,amethi,Sultanpur,Tomato,Deshi,FAQ,1150.0,1350.0,1200.0,6/6/2023
Haryana,sonipat,Sonepat(Kharkhoda),Tomato,Deshi,FAQ,1000.0,1000.0,1000.0,6/6/2023
Uttar Pradesh,bulandshahar,Siyana,Tomato,Local,FAQ,1100.0,1200.0,1150.0,6/6/2023
Madhya Pradesh,jhabua,Petlawad,Wheat,147 Average,FAQ,2125.0,2225.0,2180.0,6/6/2023
Nagaland,mokokchung,Mokokchung Town,Onion,Other,FAQ,2500.0,3500.0,3000.0,6/6/2023
Himachal Pradesh,una,Una,Potato,Potato,FAQ,900.0,1200.0,1000.0,6/6/2023
Kerala,thiruvananthapuram,Neyyatinkara,Tomato,Tomato,FAQ,5400.0,6000.0,5600.0,6/6/2023
Himachal Pradesh,hamirpur,Kurara,Wheat,Dara,FAQ,2000.0,2200.0,2100.0,6/6/2023
Orissa,nayagarh,Sarankul,Tomato,Other,FAQ,2700.0,3000.0,2800.0,6/6/2023
Maharashtra,ahmednagar,Pathardi,Onion,Red,FAQ,200.0,900.0,600.0,6/6/2023
Gujarat,surat,Surat,Potato,Other,FAQ,650.0,1650.0,1150.0,6/6/2023
Maharashtra,dhule,Pratap Nana Mahale Khajgi Bajar Samiti,Onion,Red,FAQ,300.0,750.0,461.93,6/6/2023
Maharashtra,satara,Phaltan,Onion,Hybrid,FAQ,300.0,1300.0,700.0,6/6/2023
Haryana,yamuna nagar,Radaur,Tomato,Other,FAQ,500.0,700.0,600.0,6/6/2023
Maharashtra,ahmednagar,Shrirampur,Wheat,Other,FAQ,2100.0,2350.0,2300.0,6/6/2023
Haryana,jind,Jind,Onion,Other,FAQ,800.0,1200.0,1000.0,6/6/2023
Uttar Pradesh,jaunpur,Mugrabaadshahpur,Tomato,Deshi,FAQ,800.0,1000.0,900.0,6/6/2023
Himachal Pradesh,hamirpur,Raath,Potato,Desi,FAQ,1050.0,1125.0,1100.0,6/6/2023
Uttar Pradesh,jaunpur,Shahganj,Potato,Badshah,FAQ,900.0,1000.0,930.0,6/6/2023
Uttar Pradesh,mainpuri,Ghiraur,Potato,Local,FAQ,735.0,935.0,835.0,6/6/2023
Karnataka,bangalore,Ramanagara,Tomato,Tomato,FAQ,2000.0,2800.0,2500.0,6/6/2023
Uttar Pradesh,etawah,Jasvantnagar,Onion,Red,FAQ,1220.0,1320.0,1270.0,6/6/2023
Madhya Pradesh,vidisha,Shamshabad,Wheat,Lok -1 (Nilami Rate),FAQ,1990.0,2236.0,2101.0,6/6/2023
Assam,lakhimpur,Golagokarnath,Potato,Badshah,FAQ,885.0,1020.0,985.0,6/6/2023
West Bengal,nadia,Ranaghat,Tomato,Other,FAQ,3900.0,4050.0,4000.0,6/6/2023
Gujarat,amreli,Savarkundla,Wheat,Bansi,FAQ,2175.0,2680.0,2428.0,6/6/2023
Madhya Pradesh,tikamgarh,Palera,Wheat,Mill Quality,FAQ,2130.0,2150.0,2140.0,6/6/2023
Uttar Pradesh,mirzapur,Mirzapur,Tomato,Hybrid,FAQ,825.0,950.0,875.0,6/6/2023
Haryana,kurukshetra,Shahabad,Potato,Potato,FAQ,741.0,900.0,800.0,6/6/2023
Maharashtra,nashik,Pimpalgaon,Onion,Other,FAQ,200.0,2156.0,1051.0,6/6/2023
Madhya Pradesh,rajgarh,Sarangpur,Wheat,Other,FAQ,2030.0,2412.0,2200.0,6/6/2023
Uttar Pradesh,ghazipur,Gazipur,Potato,Desi,FAQ,920.0,960.0,940.0,6/6/2023
Punjab,ludhiana,Ludhiana,Tomato,Other,FAQ,200.0,800.0,600.0,6/6/2023
Uttar Pradesh,deoria,Barhaj,Onion,Red,FAQ,1160.0,1180.0,1170.0,6/6/2023
Orissa,kendrapara,Pattamundai,Tomato,Tomato,FAQ,2500.0,3000.0,3000.0,6/6/2023
Madhya Pradesh,bhind,Mow,Wheat,Other,FAQ,2205.0,2224.0,2215.0,6/6/2023
Andhra Pradesh,kurnool,Pattikonda,Tomato,Local,FAQ,2000.0,3000.0,2500.0,6/6/2023
West Bengal,nadia,Ranaghat,Onion,Other,FAQ,1600.0,1750.0,1700.0,6/6/2023
Haryana,fatehabad,Ratia,Onion,Other,FAQ,800.0,1000.0,900.0,6/6/2023
Madhya Pradesh,bhopal,Bhopal(F&V),Onion,Other,FAQ,300.0,1000.0,700.0,6/6/2023
Rajasthan,hanumangarh,Rawatsar,Tomato,Deshi,FAQ,400.0,400.0,400.0,6/6/2023
Himachal Pradesh,kullu,Bhuntar,Onion,Other,FAQ,1800.0,2000.0,1900.0,6/6/2023
Kerala,thiruvananthapuram,Pothencode,Tomato,Other,FAQ,17100.0,17180.0,17140.0,6/6/2023
Himachal Pradesh,mandi,Mandi(Mandi),Tomato,Tomato,FAQ,1000.0,1400.0,1200.0,6/6/2023
Gujarat,porbandar,Porbandar,Potato,(Red Nanital),FAQ,2500.0,3000.0,2750.0,6/6/2023
Madhya Pradesh,narsinghpur,Narsinghpur,Wheat,Other,FAQ,1899.0,2334.0,2250.0,6/6/2023
Haryana,yamuna nagar,Sadhaura,Onion,Onion,FAQ,1000.0,1200.0,1100.0,6/6/2023
Uttar Pradesh,saharanpur,Saharanpur,Onion,Red,FAQ,980.0,1270.0,1125.0,6/6/2023
Uttar Pradesh,unnao,Purwa,Tomato,Deshi,FAQ,950.0,1050.0,1010.0,6/6/2023
Uttar Pradesh,mathura,Mathura,Wheat,Dara,FAQ,2125.0,2345.0,2300.0,6/6/2023
Haryana,gurgaon,Pataudi,Onion,Other,FAQ,1000.0,1100.0,1050.0,6/6/2023
Haryana,gurgaon,Pataudi,Tomato,Other,FAQ,500.0,700.0,600.0,6/6/2023
Maharashtra,mumbai,Vashi New Mumbai,Potato,Other,FAQ,900.0,1400.0,1150.0,6/6/2023
Rajasthan,kota,Kota (F&V),Tomato,Other,FAQ,500.0,1000.0,600.0,6/6/2023
Himachal Pradesh,kullu,Kullu,Onion,Other,FAQ,1800.0,2000.0,1900.0,6/6/2023
Madhya Pradesh,ujjain,Mahidpur,Wheat,Other,FAQ,1950.0,2600.0,2090.0,6/6/2023
Kerala,kollam,Kottarakkara,Tomato,Other,FAQ,4000.0,4000.0,4000.0,6/6/2023
Madhya Pradesh,dindori,Dindori,Wheat,Local,FAQ,2150.0,2200.0,2200.0,6/6/2023
Rajasthan,tonk,Dooni,Wheat,147 Average,FAQ,2120.0,2140.0,2130.0,6/6/2023
Orissa,nuapada,Khariar,Onion,Dry F.A.Q.,FAQ,1500.0,2000.0,2000.0,6/6/2023
Gujarat,rajkot,Rajkot(Veg.Sub Yard),Tomato,Tomato,FAQ,1000.0,2000.0,1625.0,6/6/2023
Madhya Pradesh,mandsaur,Mandsaur,Wheat,Other,FAQ,1950.0,2531.0,2280.0,6/6/2023
Uttar Pradesh,saharanpur,Deoband,Potato,Other,FAQ,700.0,1000.0,800.0,6/6/2023
Uttar Pradesh,aligarh,Khair,Onion,Red,FAQ,1030.0,1120.0,1090.0,6/6/2023
Gujarat,bhavnagar,Mahuva(Station Road),Onion,Other,FAQ,415.0,2140.0,1710.0,6/6/2023
Madhya Pradesh,dewas,Dewas(F&V),Potato,Other,FAQ,400.0,1600.0,800.0,6/6/2023
Haryana,kaithal,Dhand,Potato,Other,FAQ,1000.0,1100.0,1100.0,6/6/2023
Orissa,keonjhar,Keonjhar(Dhekikote),Onion,Other,FAQ,2000.0,2200.0,2200.0,6/6/2023
Maharashtra,nashik,Malegaon,Wheat,Other,FAQ,1860.0,2652.0,2341.0,6/6/2023
Karnataka,davangere,Davangere,Potato,Potato,FAQ,1200.0,1500.0,1300.0,6/6/2023
Haryana,rohtak,Rohtak,Tomato,Other,FAQ,400.0,700.0,500.0,6/6/2023
Orissa,keonjhar,Saharpada,Tomato,Other,FAQ,2000.0,2200.0,2200.0,6/6/2023
Kerala,kottayam,Thalayolaparambu,Onion,Onion,FAQ,6500.0,7000.0,6700.0,6/6/2023
Haryana,rohtak,Rohtak,Potato,Other,FAQ,500.0,1000.0,700.0,6/6/2023
Uttar Pradesh,lalitpur,Lalitpur,Wheat,Dara,FAQ,2150.0,2240.0,2190.0,6/6/2023
Jammu & Kashmir,udhampur,Reasi,Potato,Potato,FAQ,1200.0,1400.0,1300.0,6/6/2023
Madhya Pradesh,sagar,Sagar(F&V),Tomato,Deshi,FAQ,1000.0,1400.0,1200.0,6/6/2023
West Bengal,kolkata,Sealdah Koley Market,Tomato,Other,FAQ,3200.0,4000.0,3600.0,6/6/2023
Gujarat,dahod,Limkheda,Wheat,Other,FAQ,2390.0,2480.0,2420.0,6/6/2023
Uttar Pradesh,hardoi,Sandila,Tomato,Hybrid,FAQ,950.0,1030.0,990.0,6/6/2023
Uttar Pradesh,hardoi,Madhoganj,Potato,Badshah,FAQ,950.0,1000.0,980.0,6/6/2023
Uttar Pradesh,bulandshahar,Buland Shahr,Onion,Red,FAQ,1000.0,1225.0,1130.0,6/6/2023
Andhra Pradesh,hyderabad,Mahboob Manison,Potato,(Red Nanital),FAQ,1200.0,1200.0,1200.0,6/6/2023
Punjab,patiala,Nabha,Onion,Other,FAQ,900.0,1400.0,1280.0,6/6/2023
Uttar Pradesh,ballia,Rasda,Tomato,Deshi,FAQ,760.0,900.0,820.0,6/6/2023
Maharashtra,kolhapur,Kolhapur,Tomato,Other,FAQ,500.0,1800.0,1200.0,6/6/2023
Himachal Pradesh,mandi,Mandi(Takoli),Potato,Other,FAQ,800.0,1000.0,900.0,6/6/2023
Punjab,ludhiana,Machhiwara,Potato,Other,FAQ,800.0,1200.0,1000.0,6/6/2023
Uttar Pradesh,shahjahanpur,Puwaha,Tomato,Hybrid,FAQ,650.0,850.0,750.0,6/6/2023
Gujarat,dahod,Dahod,Wheat,Lokwan,FAQ,2450.0,2650.0,2550.0,6/6/2023
Kerala,ernakulam,Piravam,Tomato,Other,FAQ,3000.0,4000.0,3500.0,6/6/2023
Orissa,keonjhar,Keonjhar,Onion,Other,FAQ,1800.0,2000.0,2000.0,6/6/2023
Haryana,ambala,Barara,Potato,Other,FAQ,500.0,600.0,500.0,6/6/2023
Madhya Pradesh,vidisha,Ganjbasoda,Wheat,Lok-1,FAQ,2000.0,2500.0,2400.0,6/6/2023
Madhya Pradesh,ratlam,Jaora,Wheat,Lok -1 (Nilami Rate),FAQ,2010.0,3030.0,2400.0,6/6/2023
Rajasthan,churu,Churu,Tomato,Hybrid,FAQ,1200.0,1400.0,1300.0,6/6/2023
Uttar Pradesh,unnao,Unnao,Potato,Desi,FAQ,940.0,1025.0,980.0,6/6/2023
Maharashtra,nashik,Nandgaon,Wheat,Maharashtra 2189,FAQ,2165.0,2880.0,2165.0,6/6/2023
Punjab,jalandhar,Bhogpur,Tomato,Other,FAQ,400.0,400.0,400.0,6/6/2023
Uttar Pradesh,kaushambi,Bharwari,Tomato,Deshi,FAQ,800.0,950.0,885.0,6/6/2023
Rajasthan,hanumangarh,Hanumangarh(Urlivas),Potato,(Red Nanital),FAQ,900.0,900.0,900.0,6/6/2023
Madhya Pradesh,panna,Pawai,Wheat,147 Average,FAQ,2300.0,2300.0,2300.0,6/6/2023
Haryana,yamuna nagar,Chhachrauli,Potato,Potato,FAQ,900.0,1200.0,900.0,6/6/2023
Uttar Pradesh,ghaziabad,Noida,Tomato,Hybrid,FAQ,800.0,1300.0,1200.0,6/6/2023
Haryana,panipat,Madlauda,Onion,Other,FAQ,800.0,1000.0,900.0,6/6/2023
Rajasthan,chittorgarh,Kapasan,Wheat,Lokwan,FAQ,2050.0,2250.0,2150.0,6/6/2023
Uttar Pradesh,maharajganj,Nautnava,Tomato,Hybrid,FAQ,600.0,750.0,700.0,6/6/2023
Punjab,muktsar,Malout,Onion,Onion,FAQ,800.0,1200.0,1000.0,6/6/2023
Uttar Pradesh,rampur,Milak,Tomato,Tomato,FAQ,665.0,760.0,710.0,6/6/2023
Uttar Pradesh,ballia,Rasda,Wheat,Dara,FAQ,2050.0,2200.0,2138.0,6/6/2023
Uttar Pradesh,ballia,Vilthararoad,Potato,Desi,FAQ,1100.0,1200.0,1150.0,6/6/2023
Gujarat,surat,Surat,Onion,Other,FAQ,400.0,1350.0,875.0,6/6/2023
Uttar Pradesh,amethi,Sultanpur,Wheat,Dara,FAQ,2125.0,2400.0,2310.0,6/6/2023
Kerala,idukki,Vandiperiyar,Potato,Other,FAQ,1540.0,1540.0,1540.0,6/6/2023
Madhya Pradesh,jabalpur,Paatan,Wheat,Deshi,FAQ,2000.0,2300.0,2245.0,6/6/2023
Madhya Pradesh,mandsaur,Garoth,Wheat,Other,FAQ,2170.0,2200.0,2180.0,6/6/2023
Uttar Pradesh,shahjahanpur,Tilhar,Onion,Red,FAQ,950.0,1050.0,1000.0,6/6/2023
Madhya Pradesh,shajapur,Momanbadodiya,Wheat,Other,FAQ,2000.0,2282.0,2151.0,6/6/2023
Uttar Pradesh,balrampur,Balrampur,Potato,Desi,FAQ,950.0,1170.0,1060.0,6/6/2023
Uttar Pradesh,hardoi,Madhoganj,Tomato,Hybrid,FAQ,950.0,1050.0,995.0,6/6/2023
Haryana,faridabad,Ballabhgarh,Potato,Other,FAQ,700.0,1000.0,800.0,6/6/2023
Punjab,moga,Moga,Potato,Other,FAQ,450.0,1000.0,750.0,6/6/2023
Uttar Pradesh,bareilly,Bahedi,Potato,Kufri Megha,FAQ,915.0,940.0,930.0,6/6/2023
Karnataka,shimoga,Shimoga,Onion,Onion,FAQ,800.0,1600.0,1200.0,6/6/2023
Uttar Pradesh,rampur,Milak,Wheat,Dara,FAQ,2070.0,2275.0,2175.0,6/6/2023
Kerala,idukki,Vandiperiyar,Onion,Big,FAQ,1150.0,1150.0,1150.0,6/6/2023
Madhya Pradesh,dhar,Manawar,Onion,Other,FAQ,800.0,1000.0,900.0,6/6/2023
Nagaland,mokokchung,Mokokchung Town,Potato,Other,FAQ,1500.0,2500.0,2000.0,6/6/2023
Uttar Pradesh,bulandshahar,Buland Shahr,Potato,F.A.Q.,FAQ,1050.0,1200.0,1110.0,6/6/2023
Uttar Pradesh,badaun,Wazirganj,Tomato,Deshi,FAQ,670.0,750.0,710.0,6/6/2023
Kerala,idukki,Vandiperiyar,Tomato,Other,FAQ,1260.0,1260.0,1260.0,6/6/2023
West Bengal,jalpaiguri,Moynaguri,Potato,Jyoti,FAQ,1100.0,1300.0,1200.0,6/6/2023
Madhya Pradesh,panna,Panna,Wheat,Other,FAQ,2150.0,2250.0,2185.0,6/6/2023
Punjab,jalandhar,Mehatpur,Tomato,Local,FAQ,1000.0,1000.0,1000.0,6/6/2023
Uttar Pradesh,meerut,Meerut,Tomato,Local,FAQ,575.0,890.0,785.0,6/6/2023
Rajasthan,hanumangarh,Sangriya,Onion,Onion,FAQ,300.0,1800.0,1400.0,6/6/2023
Haryana,panchkula,Panchkul(Kalka),Onion,Other,FAQ,2000.0,3000.0,2500.0,6/6/2023
Madhya Pradesh,seoni,Ghansour,Wheat,Other,FAQ,2240.0,2260.0,2260.0,6/6/2023
Himachal Pradesh,kangra,Kangra(Baijnath),Tomato,Tomato,FAQ,1300.0,1500.0,1400.0,6/6/2023
Orissa,dhenkanal,Kamakhyanagar,Tomato,Tomato,FAQ,2900.0,3200.0,3000.0,6/6/2023
Delhi,delhi,Shahdara,Onion,Nasik,FAQ,800.0,1300.0,1100.0,6/6/2023
Punjab,kapurthala,Phagwara,Potato,Other,FAQ,408.0,900.0,891.0,6/6/2023
Chattisgarh,rajnandgaon,Kheragarh,Wheat,Other,FAQ,1800.0,2000.0,1900.0,6/6/2023
Karnataka,udupi,Udupi,Onion,Onion,FAQ,1300.0,1500.0,1400.0,6/6/2023
Orissa,malkangiri,Malkanagiri,Tomato,Other,FAQ,600.0,600.0,600.0,6/6/2023
Karnataka,bidar,Basava Kalayana,Wheat,Mexican,FAQ,2101.0,2651.0,2300.0,6/6/2023
West Bengal,kolkata,Bara Bazar (Posta Bazar),Onion,Nasik,FAQ,1650.0,1825.0,1750.0,6/6/2023
Madhya Pradesh,betul,Betul,Wheat,Lokwan,FAQ,2140.0,2455.0,2300.0,6/6/2023
Rajasthan,hanumangarh,Hanumangarh Town,Tomato,Deshi,FAQ,800.0,800.0,800.0,6/6/2023
Maharashtra,nashik,Pimpalgaon Baswant(Saykheda),Onion,Other,FAQ,200.0,910.0,750.0,6/6/2023
Madhya Pradesh,hoshangabad,Pipariya,Onion,Onion,FAQ,350.0,1200.0,650.0,6/6/2023
Punjab,hoshiarpur,Garh Shankar,Onion,Other,FAQ,600.0,900.0,800.0,6/6/2023
Haryana,panipat,Madlauda,Tomato,Other,FAQ,800.0,900.0,800.0,6/6/2023
Rajasthan,jodhpur,Jodhpur(F&V)(Paota),Tomato,Other,FAQ,700.0,1000.0,900.0,6/6/2023
Rajasthan,bharatpur,Bayana,Potato,Other,FAQ,800.0,800.0,800.0,6/6/2023
Jammu & Kashmir,udhampur,Udhampur,Onion,Other,FAQ,1200.0,1600.0,1400.0,6/6/2023
Uttar Pradesh,agra,Fatehabad,Tomato,Deshi,FAQ,550.0,650.0,600.0,6/6/2023
Madhya Pradesh,shajapur,Kalapipal,Wheat,MP Sharbati,FAQ,2150.0,2880.0,2450.0,6/6/2023
Uttar Pradesh,kaushambi,Bharwari,Onion,Red,FAQ,1030.0,1190.0,1110.0,6/6/2023
Madhya Pradesh,rewa,Baikunthpur,Wheat,Dara Mill Quality,FAQ,2240.0,2285.0,2270.0,6/6/2023
Rajasthan,bikaner,Bikaner (F&V),Potato,Other,FAQ,800.0,1000.0,900.0,6/6/2023
Uttar Pradesh,agra,Fatehabad,Onion,Red,FAQ,1000.0,1100.0,1050.0,6/6/2023
Uttar Pradesh,shahjahanpur,Puwaha,Potato,Desi,FAQ,820.0,1020.0,920.0,6/6/2023
Haryana,gurgaon,Farukh Nagar,Onion,Other,FAQ,1200.0,1500.0,1200.0,6/6/2023
Kerala,thiruvananthapuram,Pothencode,Potato,Other,FAQ,13500.0,13580.0,13540.0,6/6/2023
Uttar Pradesh,jhansi,Moth,Tomato,Deshi,FAQ,1050.0,1150.0,1100.0,6/6/2023
Andhra Pradesh,nalgonda,Miryalguda(Rythu Bazar),Tomato,Deshi,FAQ,4000.0,4000.0,4000.0,6/6/2023
West Bengal,nadia,Karimpur,Wheat,Other,FAQ,2150.0,2250.0,2200.0,6/6/2023
Haryana,gurgaon,Farukh Nagar,Tomato,Other,FAQ,800.0,1000.0,800.0,6/6/2023
West Bengal,paschim bardhaman,Durgapur,Tomato,Hybrid,FAQ,2200.0,2400.0,2300.0,6/6/2023
Gujarat,gandhinagar,Kalol,Wheat,Other,FAQ,2200.0,2275.0,2250.0,6/6/2023
Orissa,bargarh,Bargarh(Barapalli),Onion,Other,FAQ,1500.0,1700.0,1600.0,6/6/2023
Gujarat,bhavnagar,Bhavnagar,Wheat,Local,FAQ,2170.0,2255.0,2220.0,6/6/2023
Orissa,sambalpur,Kuchinda,Tomato,Other,FAQ,2400.0,3000.0,2700.0,6/6/2023
Kerala,kottayam,Kottayam,Tomato,Other,FAQ,2800.0,3200.0,3000.0,6/6/2023
Himachal Pradesh,kullu,Bhuntar,Potato,Other,FAQ,1000.0,2000.0,1500.0,6/6/2023
Uttar Pradesh,gonda,Gonda,Wheat,Dara,FAQ,2300.0,2350.0,2320.0,6/6/2023
Uttar Pradesh,bijnor,Chaandpur,Potato,Desi,FAQ,900.0,1000.0,950.0,6/6/2023
Madhya Pradesh,gwalior,Lashkar,Wheat,Mill Quality,FAQ,2245.0,0.0,2255.0,6/6/2023
Rajasthan,bikaner,Lunkaransar,Wheat,Other,FAQ,2080.0,2350.0,2160.0,6/6/2023
Uttar Pradesh,mainpuri,Mainpuri,Wheat,Dara,FAQ,2240.0,2250.0,2246.0,6/6/2023
Punjab,gurdaspur,Dinanagar,Tomato,Tomato,FAQ,1500.0,2000.0,2000.0,6/6/2023
Punjab,sangrur,Dhuri,Tomato,Other,FAQ,400.0,500.0,450.0,6/6/2023
Gujarat,ahmedabad,Mandal,Wheat,Other,FAQ,1950.0,2250.0,2125.0,6/6/2023
Maharashtra,mumbai,Vashi New Mumbai,Onion,Other,FAQ,600.0,1400.0,1000.0,6/6/2023
Uttar Pradesh,jhansi,Moth,Potato,Desi,FAQ,980.0,1100.0,1060.0,6/6/2023
Karnataka,mandya,Mandya,Tomato,Tomato,FAQ,1000.0,1000.0,1000.0,6/6/2023
Maharashtra,pune,Manchar,Onion,Other,FAQ,800.0,1300.0,1050.0,6/6/2023
Madhya Pradesh,rewa,Chaakghat,Wheat,147 Average,FAQ,2200.0,2300.0,2225.0,6/6/2023
Rajasthan,ajmer,Madanganj Kishangarh,Onion,1st Sort,FAQ,900.0,1100.0,1000.0,6/6/2023
Uttar Pradesh,gorakhpur,Chorichora,Tomato,Hybrid,FAQ,1100.0,1200.0,1140.0,6/6/2023
Uttar Pradesh,meerut,Meerut,Potato,Desi,FAQ,945.0,1200.0,1125.0,6/6/2023
Haryana,kaithal,Kaithal,Tomato,Deshi,FAQ,400.0,500.0,450.0,6/6/2023
Haryana,bhiwani,Bhiwani,Onion,Other,FAQ,800.0,1200.0,1000.0,6/6/2023
Maharashtra,ahmednagar,Rahuri,Onion,Other,FAQ,100.0,1300.0,700.0,6/6/2023
Kerala,kottayam,Thalayolaparambu,Onion,Big,FAQ,1700.0,2200.0,2000.0,6/6/2023
Haryana,bhiwani,Ch. Dadri,Potato,Other,FAQ,500.0,1500.0,1000.0,6/6/2023
Haryana,mewat,Nuh,Potato,Other,FAQ,700.0,700.0,700.0,6/6/2023
Punjab,jalandhar,Bilga,Potato,Other,FAQ,800.0,1000.0,900.0,6/6/2023
Karnataka,belgaum,Belgaum,Potato,Local,FAQ,1000.0,1850.0,1400.0,6/6/2023
Gujarat,navsari,Bilimora,Potato,Other,FAQ,1400.0,1800.0,1500.0,6/6/2023
Uttar Pradesh,jhansi,Gurusarai,Wheat,Dara,FAQ,2125.0,2250.0,2190.0,6/6/2023
Uttar Pradesh,fatehpur,Bindki,Potato,Potato,FAQ,850.0,930.0,890.0,6/6/2023
West Bengal,birbhum,Birbhum,Potato,Other,FAQ,1400.0,1500.0,1450.0,6/6/2023
Uttar Pradesh,hardoi,Madhoganj,Wheat,Dara,FAQ,2200.0,2300.0,2250.0,6/6/2023
West Bengal,murshidabad,Beldanga,Potato,Jyoti,FAQ,1350.0,1370.0,1360.0,6/6/2023
Madhya Pradesh,guna,Maksudangarh,Wheat,Other,FAQ,2056.0,2351.0,2210.0,6/6/2023
Maharashtra,pune,Khed(Chakan),Tomato,Other,FAQ,1000.0,1500.0,1300.0,6/6/2023
Orissa,dhenkanal,Hindol,Onion,Other,FAQ,1300.0,1500.0,1400.0,6/6/2023
Kerala,malappuram,Manjeri,Tomato,Other,FAQ,2300.0,2400.0,2350.0,6/6/2023
Haryana,palwal,Hassanpur,Onion,Other,FAQ,500.0,700.0,600.0,6/6/2023
Uttar Pradesh,bareilly,Bareilly,Potato,Desi,FAQ,900.0,950.0,925.0,6/6/2023
Madhya Pradesh,dhar,Manawar,Tomato,Deshi,FAQ,840.0,1040.0,940.0,6/6/2023
Uttar Pradesh,fatehpur,Bindki,Wheat,Dara,FAQ,2125.0,2300.0,2220.0,6/6/2023
Punjab,muktsar,Malout,Tomato,Tomato,FAQ,400.0,600.0,500.0,6/6/2023
West Bengal,birbhum,Bolpur,Wheat,Sonalika,FAQ,2800.0,2900.0,2850.0,6/6/2023
Maharashtra,ahmednagar,Sangamner,Onion,Other,FAQ,200.0,1251.0,725.0,6/6/2023
Punjab,barnala,Barnala,Potato,Other,FAQ,800.0,900.0,850.0,6/6/2023
Madhya Pradesh,tikamgarh,Jatara,Wheat,Mill Quality,FAQ,2205.0,2220.0,2210.0,6/6/2023
Madhya Pradesh,morena,Sabalgarh,Wheat,Deshi,FAQ,2226.0,2289.0,2275.0,6/6/2023
Maharashtra,sangli,Sangli,Wheat,Other,FAQ,2800.0,3600.0,3200.0,6/6/2023
Bihar,sheikhpura,Shekhpura,Potato,(Red Nanital),FAQ,800.0,1000.0,900.0,6/6/2023
Karnataka,bangalore,Kanakapura,Tomato,Hybrid,FAQ,2200.0,2800.0,2500.0,6/6/2023
Punjab,gurdaspur,Kalanaur,Tomato,Other,FAQ,5000.0,5000.0,5000.0,6/6/2023
Haryana,rohtak,Rohtak,Onion,Other,FAQ,400.0,1000.0,600.0,6/6/2023
Karnataka,kolar,Kolar,Tomato,Tomato,FAQ,670.0,2130.0,1330.0,6/6/2023
Punjab,ludhiana,Samrala,Potato,Other,FAQ,400.0,600.0,500.0,6/6/2023
Punjab,ludhiana,Khanna,Tomato,Other,FAQ,1000.0,1500.0,1300.0,6/6/2023
Punjab,jalandhar,Lohian Khas,Tomato,Other,FAQ,800.0,1000.0,900.0,6/6/2023
Bihar,sheikhpura,Shekhpura,Wheat,147 Average,FAQ,2200.0,2300.0,2250.0,6/6/2023
Orissa,kendrapara,Kendrapara(Marshaghai),Tomato,Tomato,FAQ,2500.0,3000.0,3000.0,6/6/2023
Uttar Pradesh,meerut,Sardhana,Potato,Desi,FAQ,1000.0,1200.0,1100.0,6/6/2023
Andhra Pradesh,karimnagar,Karimnagar(Rythu Bazar),Tomato,Deshi,FAQ,4000.0,4500.0,4200.0,6/6/2023
Madhya Pradesh,shajapur,Shujalpur,Wheat,Other,FAQ,2000.0,2560.0,2250.0,6/6/2023
Rajasthan,jalore,Jalore,Tomato,Other,FAQ,1300.0,1500.0,1400.0,6/6/2023
Kerala,palakad,Koduvayoor,Onion,Big,FAQ,2000.0,2800.0,2400.0,6/6/2023
Punjab,muktsar,Bariwala,Tomato,Other,FAQ,500.0,500.0,500.0,6/6/2023
Maharashtra,jalgaon,Yawal,Wheat,Other,FAQ,2360.0,2870.0,2650.0,6/6/2023
Uttar Pradesh,mainpuri,Mainpuri,Tomato,Deshi,FAQ,600.0,790.0,700.0,6/6/2023
Maharashtra,nashik,Satana,Onion,Other,FAQ,150.0,1370.0,725.0,6/6/2023
Gujarat,gandhinagar,Mansa(Manas Veg Yard),Tomato,Other,FAQ,1500.0,2000.0,1750.0,6/6/2023
Uttar Pradesh,sitapur,Sitapur,Wheat,Dara,FAQ,2280.0,2350.0,2300.0,6/6/2023
Punjab,patiala,Rajpura,Potato,Other,FAQ,600.0,1100.0,800.0,6/6/2023
Rajasthan,rajsamand,Rajsamand,Potato,Potato,FAQ,1000.0,1200.0,1100.0,6/6/2023
West Bengal,north 24 parganas,Barasat,Potato,Other,FAQ,1500.0,1500.0,1500.0,6/6/2023
Himachal Pradesh,hamirpur,Raath,Wheat,Dara,FAQ,2125.0,2220.0,2210.0,6/6/2023
Uttar Pradesh,bareilly,Bahedi,Onion,Red,FAQ,1250.0,1285.0,1265.0,6/6/2023
Uttar Pradesh,sitapur,Viswan,Onion,Red,FAQ,1060.0,1100.0,1080.0,6/6/2023
Maharashtra,pune,Pune(Pimpri),Tomato,Local,FAQ,800.0,1200.0,1000.0,6/6/2023
Madhya Pradesh,dindori,Shahpura,Wheat,Local,FAQ,2000.0,2200.0,2100.0,6/6/2023
Kerala,ernakulam,Perumbavoor,Onion,Onion,FAQ,1400.0,2400.0,1800.0,6/6/2023
Uttar Pradesh,balrampur,Tulsipur,Wheat,Dara,FAQ,2275.0,2350.0,2300.0,6/6/2023
Haryana,faridabad,Ballabhgarh,Onion,Other,FAQ,800.0,1000.0,900.0,6/6/2023
Himachal Pradesh,shimla,Shimla,Potato,Other,FAQ,1500.0,2000.0,1600.0,6/6/2023
Punjab,sangrur,Sangrur,Tomato,Tomato,FAQ,700.0,900.0,850.0,6/6/2023
Gujarat,sabarkantha,Talod,Wheat,Other,FAQ,2125.0,2465.0,2295.0,6/6/2023
Madhya Pradesh,sidhi,Sidhi,Wheat,Mill Quality,FAQ,2126.0,2130.0,2130.0,6/6/2023
 Punjab,fazilka,Jalalabad,Tomato,Other,FAQ,400.0,400.0,400.0,6/6/2023
Uttar Pradesh,firozabad,Tundla,Wheat,Dara,FAQ,2285.0,2325.0,2315.0,6/6/2023
Maharashtra,sholapur,Solapur,Wheat,Sharbati,FAQ,2295.0,3535.0,2645.0,6/6/2023
Uttar Pradesh,auraiya,Auraiya,Wheat,Dara,FAQ,2125.0,2300.0,2260.0,6/6/2023
Uttar Pradesh,badaun,Wazirganj,Wheat,Dara,FAQ,2170.0,2220.0,2200.0,6/6/2023
Assam,lakhimpur,Golagokarnath,Tomato,Hybrid,FAQ,910.0,1110.0,1010.0,6/6/2023
Orissa,keonjhar,Saharpada,Onion,Other,FAQ,1800.0,2000.0,2000.0,6/6/2023
Madhya Pradesh,rajgarh,Narsinghgarh,Tomato,Other,FAQ,190.0,620.0,310.0,6/6/2023
West Bengal,birbhum,Rampurhat,Potato,Jyoti,FAQ,1080.0,1180.0,1130.0,6/6/2023
Uttar Pradesh,unnao,Unnao,Tomato,Hybrid,FAQ,975.0,1050.0,1015.0,6/6/2023
Gujarat,rajkot,Rajkot(Veg.Sub Yard),Potato,Desi,FAQ,700.0,1400.0,1050.0,6/6/2023
Madhya Pradesh,raisen,Gairatganj,Wheat,Dara Mill Quality,FAQ,2081.0,2357.0,2150.0,6/6/2023
Maharashtra,satara,Vai,Tomato,Local,FAQ,1000.0,1700.0,1450.0,6/6/2023
Uttar Pradesh,ghazipur,Gazipur,Wheat,Dara,FAQ,2140.0,2180.0,2160.0,6/6/2023
Haryana,panchkula,Raipur Rai,Potato,Other,FAQ,400.0,600.0,400.0,6/6/2023
Orissa,jharsuguda,Jharsuguda,Potato,Other,FAQ,2000.0,2500.0,2000.0,6/6/2023
Maharashtra,ahmednagar,Rahata,Potato,Other,FAQ,1500.0,1600.0,1550.0,6/6/2023
West Bengal,murshidabad,Jiaganj,Potato,Jyoti,FAQ,1625.0,1700.0,1650.0,6/6/2023
Punjab,nawanshahr,Nawan Shahar(Subzi Mandi),Tomato,Other,FAQ,500.0,600.0,540.0,6/6/2023
Haryana,jind,Narwana,Tomato,Other,FAQ,500.0,500.0,500.0,6/6/2023
Haryana,gurgaon,Gurgaon,Tomato,Other,FAQ,800.0,1000.0,900.0,6/6/2023
Uttar Pradesh,badaun,Visoli,Tomato,Deshi,FAQ,300.0,300.0,300.0,6/6/2023
West Bengal,birbhum,Sainthia,Onion,Nasik,FAQ,1400.0,1500.0,1450.0,6/6/2023
Haryana,panchkula,Panchkul(Kalka),Tomato,Other,FAQ,2000.0,3000.0,2500.0,6/6/2023
Jammu & Kashmir,jammu,Batote,Onion,Other,FAQ,1800.0,2000.0,1900.0,6/6/2023
Maharashtra,raigad,Panvel,Tomato,Other,FAQ,1400.0,1800.0,1600.0,6/6/2023
Punjab,amritsar,Rayya,Potato,Other,FAQ,800.0,800.0,800.0,6/6/2023
Orissa,dhenkanal,Hindol,Tomato,Tomato,FAQ,3500.0,4000.0,3800.0,6/6/2023
West Bengal,nadia,Bethuadahari,Onion,Dry F.A.Q.,FAQ,1500.0,1700.0,1600.0,6/6/2023
Kerala,ernakulam,Aluva,Potato,Potato,FAQ,2300.0,3000.0,2700.0,6/6/2023
Uttar Pradesh,etah,Etah,Wheat,Dara,FAQ,2125.0,2500.0,2280.0,6/6/2023
Uttar Pradesh,fatehpur,Fatehpur,Wheat,Dara,FAQ,2230.0,2280.0,2260.0,6/6/2023
Uttar Pradesh,agra,Fatehpur Sikri,Wheat,Dara,FAQ,2170.0,2320.0,2245.0,6/6/2023
Haryana,panchkula,"New Grain Market , Panchkula",Onion,Other,FAQ,2000.0,3000.0,2500.0,6/6/2023
Haryana,karnal,"New Grain Market(main), Karnal",Onion,Other,FAQ,700.0,1200.0,950.0,6/6/2023
Madhya Pradesh,shajapur,Shujalpur,Onion,Other,FAQ,300.0,1175.0,950.0,6/6/2023
Maharashtra,nashik,Pimpalgaon,Tomato,Other,FAQ,250.0,1350.0,600.0,6/6/2023
Maharashtra,satara,Phaltan,Tomato,Other,FAQ,250.0,2250.0,1271.0,6/6/2023
Haryana,gurgaon,Sohna,Onion,Onion,FAQ,1200.0,1200.0,1200.0,6/6/2023
Uttar Pradesh,ballia,Ballia,Potato,Potato,FAQ,870.0,995.0,935.0,6/6/2023
Bihar,sheikhpura,Barbigha,Wheat,147 Average,FAQ,2200.0,2300.0,2250.0,6/6/2023
Kerala,kottayam,Pampady,Tomato,Other,FAQ,4200.0,4600.0,4400.0,6/6/2023
Madhya Pradesh,seoni,Lakhnadon,Wheat,Mill Quality,FAQ,1950.0,2165.0,2165.0,6/6/2023
Madhya Pradesh,hoshangabad,Hoshangabad,Tomato,Deshi,FAQ,550.0,720.0,660.0,6/6/2023
Uttar Pradesh,amethi,Jafarganj,Tomato,Deshi,FAQ,1150.0,1250.0,1200.0,6/6/2023
Kerala,ernakulam,Ernakulam,Potato,Potato,FAQ,2600.0,2800.0,2800.0,6/6/2023
Gujarat,sabarkantha,Dhansura,Wheat,Milbar,FAQ,2200.0,2400.0,2250.0,6/6/2023
Maharashtra,nanded,Nanded,Wheat,Sharbati,FAQ,2190.0,2400.0,2400.0,6/6/2023
Delhi,delhi,Narela,Wheat,Mexican,FAQ,2205.0,2505.0,2355.0,6/6/2023
Uttar Pradesh,sitapur,Mehmoodabad,Onion,Red,FAQ,1050.0,1100.0,1070.0,6/6/2023
Maharashtra,pune,Pune(Khadiki),Tomato,Local,FAQ,1000.0,1500.0,1250.0,6/6/2023
Punjab,hoshiarpur,Dasuya,Onion,Other,FAQ,1100.0,1400.0,1250.0,6/6/2023
Punjab,amritsar,Rayya,Tomato,Hybrid,FAQ,1600.0,1600.0,1600.0,6/6/2023
West Bengal,bankura,Bishnupur(Bankura),Wheat,Sonalika,FAQ,2150.0,2300.0,2200.0,6/6/2023
Rajasthan,bundi,Bundi,Wheat,Other,FAQ,1725.0,2251.0,1988.0,6/6/2023
Madhya Pradesh,sagar,Deori,Potato,Other,FAQ,750.0,1010.0,900.0,6/6/2023
Punjab,moga,Baghapurana,Onion,Medium,FAQ,1000.0,1200.0,1100.0,6/6/2023
Rajasthan,rajsamand,Rajsamand,Tomato,Tomato,FAQ,800.0,1000.0,900.0,6/6/2023
Uttar Pradesh,aligarh,Charra,Onion,Red,FAQ,1050.0,1150.0,1100.0,6/6/2023
Punjab,faridkot,Faridkot,Potato,Potato,FAQ,450.0,700.0,600.0,6/6/2023
Uttar Pradesh,etawah,Bharthna,Wheat,Dara,FAQ,2185.0,2285.0,2235.0,6/6/2023
Gujarat,anand,Borsad,Wheat,Other,FAQ,2100.0,2125.0,2125.0,6/6/2023
Uttar Pradesh,badaun,Bilsi,Wheat,Local,FAQ,2200.0,2300.0,2270.0,6/6/2023
Madhya Pradesh,chhatarpur,Bijawar,Wheat,Mill Quality,FAQ,2186.0,2206.0,2195.0,6/6/2023
Orissa,ganjam,Hinjilicut,Potato,Other,FAQ,1000.0,2000.0,1500.0,6/6/2023
Madhya Pradesh,chhindwara,Chaurai,Wheat,Other,FAQ,2329.0,2359.0,2349.0,6/6/2023
Madhya Pradesh,hoshangabad,Bankhedi,Wheat,Other,FAQ,2201.0,2271.0,2261.0,6/6/2023
Maharashtra,pune,Pune(Manjri),Potato,Other,FAQ,1400.0,2000.0,1600.0,6/6/2023
Madhya Pradesh,hoshangabad,Hoshangabad,Onion,Onion,FAQ,750.0,1330.0,1010.0,6/6/2023
Uttar Pradesh,kaushambi,Bharwari,Wheat,Dara,FAQ,2180.0,2320.0,2250.0,6/6/2023
Punjab,nawanshahr,Nawan Shahar(Subzi Mandi),Onion,Other,FAQ,900.0,1000.0,950.0,6/6/2023
Madhya Pradesh,betul,Bhensdehi,Wheat,Lokwan,FAQ,1900.0,2200.0,2150.0,6/6/2023
Punjab,moga,Dharamkot,Tomato,Other,FAQ,500.0,2000.0,2000.0,6/6/2023
Madhya Pradesh,rajgarh,Biaora,Wheat,Other,FAQ,2095.0,2280.0,2185.0,6/6/2023
West Bengal,birbhum,Birbhum,Wheat,Sonalika,FAQ,2800.0,2900.0,2850.0,6/6/2023
Madhya Pradesh,harda,Timarni,Tomato,Tomato,FAQ,750.0,1500.0,1125.0,6/6/2023
Punjab,gurdaspur,Dera Baba Nanak,Potato,Desi,FAQ,400.0,600.0,500.0,6/6/2023
West Bengal,murshidabad,Jangipur,Potato,Jyoti,FAQ,1355.0,1400.0,1370.0,6/6/2023
Delhi,delhi,Shahdara,Tomato,Tomato,FAQ,1000.0,1500.0,1200.0,6/6/2023
Maharashtra,ahmednagar,Sangamner,Tomato,Other,FAQ,250.0,1875.0,1062.0,6/6/2023
Karnataka,udupi,Udupi,Tomato,Tomato,FAQ,2300.0,2400.0,2400.0,6/6/2023
Haryana,rohtak,Sampla,Tomato,Other,FAQ,1300.0,1300.0,1300.0,6/6/2023
Haryana,mewat,Nuh,Onion,Other,FAQ,600.0,700.0,700.0,6/6/2023
Rajasthan,bikaner,Nokha,Wheat,Other,FAQ,2100.0,2232.0,2166.0,6/6/2023
Madhya Pradesh,rajgarh,Pachaur,Wheat,147 Average,FAQ,1953.0,2405.0,2190.0,6/6/2023
Rajasthan,hanumangarh,Hanumangarh,Tomato,Deshi,FAQ,1600.0,1600.0,1600.0,6/6/2023
Uttar Pradesh,maharajganj,Partaval,Tomato,Hybrid,FAQ,1000.0,1200.0,1085.0,6/6/2023
Maharashtra,amarawati,Chandur Bazar,Wheat,Other,FAQ,2200.0,2600.0,2470.0,6/6/2023
Punjab,sangrur,Dhuri,Potato,Local,FAQ,900.0,1000.0,950.0,6/6/2023
Madhya Pradesh,dewas,Haatpipliya,Potato,Potato,FAQ,1000.0,1400.0,1200.0,6/6/2023
Madhya Pradesh,rajgarh,Biaora,Tomato,Deshi,FAQ,600.0,1350.0,1250.0,6/6/2023
Rajasthan,hanumangarh,Hanumangarh,Potato,(Red Nanital),FAQ,900.0,900.0,900.0,6/6/2023
Haryana,karnal,"New Grain Market(main), Karnal",Tomato,Other,FAQ,2000.0,4000.0,3000.0,6/6/2023
Haryana,panchkula,"New Grain Market , Panchkula",Tomato,Other,FAQ,2000.0,3000.0,2500.0,6/6/2023
Uttar Pradesh,jhansi,Chirgaon,Wheat,Dara,FAQ,2180.0,2260.0,2220.0,6/6/2023
Gujarat,porbandar,Porbandar,Wheat,Other,FAQ,2175.0,2290.0,2235.0,6/6/2023
Uttar Pradesh,ghaziabad,Hapur,Potato,Desi,FAQ,1000.0,1100.0,1070.0,6/6/2023
Punjab,ludhiana,Ludhiana,Onion,Other,FAQ,400.0,1100.0,900.0,6/6/2023
Maharashtra,pune,Pune,Wheat,Sharbati,FAQ,4000.0,5000.0,4500.0,6/6/2023
Uttar Pradesh,gorakhpur,Chorichora,Wheat,Dara,FAQ,2240.0,2260.0,2250.0,6/6/2023
Uttar Pradesh,amroha,Amroha,Onion,Red,FAQ,1100.0,1200.0,1160.0,6/6/2023
Punjab,hoshiarpur,Garh Shankar(Mahalpur),Tomato,Tomato,FAQ,500.0,700.0,700.0,6/6/2023
Uttar Pradesh,saharanpur,Gangoh,Tomato,Deshi,FAQ,600.0,1000.0,800.0,6/6/2023
Madhya Pradesh,burhanpur,Burhanpur,Wheat,Other,FAQ,2231.0,2343.0,2250.0,6/6/2023
Maharashtra,nashik,Lasalgaon,Onion,Other,FAQ,400.0,1301.0,900.0,6/6/2023
Uttar Pradesh,gonda,Nawabganj,Tomato,Hybrid,FAQ,1370.0,1440.0,1400.0,6/6/2023
Maharashtra,jalgaon,Parola,Wheat,Kalyan,FAQ,2172.0,2701.0,2419.0,6/6/2023
Orissa,angul,Angul(Jarapada),Tomato,Other,FAQ,2000.0,3000.0,2500.0,6/6/2023
Madhya Pradesh,bhopal,Bhopal,Wheat,Lokwan MP No. 1,FAQ,2381.0,2621.0,2470.0,6/6/2023
Rajasthan,churu,Churu,Potato,(Red Nanital),FAQ,1100.0,1300.0,1200.0,6/6/2023
West Bengal,hooghly,Pandua,Tomato,Hybrid,FAQ,2600.0,2800.0,2700.0,6/6/2023
Uttar Pradesh,gorakhpur,Chorichora,Potato,Red,FAQ,900.0,1050.0,960.0,6/6/2023
Uttar Pradesh,pratapgarh,Pratapgarh,Tomato,Deshi,FAQ,1600.0,1800.0,1680.0,6/6/2023
Rajasthan,pratapgarh,Pratapgarh,Tomato,Deshi,FAQ,1600.0,1800.0,1680.0,6/6/2023
Uttar Pradesh,banda,Atarra,Tomato,Deshi,FAQ,910.0,1010.0,960.0,6/6/2023
Uttar Pradesh,bijnor,Bijnaur,Wheat,Dara,FAQ,2180.0,2260.0,2220.0,6/6/2023
Uttar Pradesh,ghaziabad,Ghaziabad,Potato,Desi,FAQ,1100.0,1200.0,1150.0,6/6/2023
Karnataka,kolar,Chintamani,Potato,Local,FAQ,1500.0,2000.0,1750.0,6/6/2023
Rajasthan,bharatpur,Bayana,Tomato,Other,FAQ,800.0,800.0,800.0,6/6/2023
Madhya Pradesh,guna,Guna(F&V),Potato,Other,FAQ,450.0,650.0,600.0,6/6/2023
Kerala,malappuram,Parappanangadi,Onion,Other,FAQ,1500.0,1800.0,1800.0,6/6/2023
Orissa,bargarh,Bargarh,Tomato,Other,FAQ,2100.0,2300.0,2200.0,6/6/2023
Punjab,jalandhar,Noor Mehal,Tomato,Other,FAQ,1400.0,1400.0,1400.0,6/6/2023
Himachal Pradesh,mandi,Dhanotu (Mandi),Onion,Other,FAQ,1400.0,1600.0,1500.0,6/6/2023
Madhya Pradesh,indore,Gautampura,Onion,1st Sort,FAQ,125.0,700.0,200.0,6/6/2023
Himachal Pradesh,hamirpur,Muskara,Tomato,Deshi,FAQ,955.0,1025.0,975.0,6/6/2023
Himachal Pradesh,hamirpur,Maudaha,Wheat,Dara,FAQ,2130.0,2155.0,2140.0,6/6/2023
 Punjab,fazilka,Abohar,Onion,Onion,FAQ,840.0,1345.0,1245.0,6/6/2023
Madhya Pradesh,raisen,Begamganj,Wheat,Other,FAQ,2125.0,2350.0,2225.0,6/6/2023
Uttar Pradesh,meerut,Meerut,Onion,Red,FAQ,1030.0,1250.0,1130.0,6/6/2023
Uttar Pradesh,jaunpur,Jaunpur,Wheat,Dara,FAQ,2200.0,2260.0,2230.0,6/6/2023
West Bengal,birbhum,Bolpur,Potato,Jyoti,FAQ,1600.0,1700.0,1650.0,6/6/2023
Maharashtra,amarawati,Amrawati(Frui & Veg. Market),Onion,Local,FAQ,400.0,1300.0,850.0,6/6/2023
Madhya Pradesh,khandwa,Khandwa(F&V),Onion,Onion,FAQ,200.0,500.0,350.0,6/6/2023
Uttar Pradesh,etawah,Bharthna,Potato,Desi,FAQ,770.0,970.0,870.0,6/6/2023
Kerala,kottayam,Kottayam,Potato,Potato,FAQ,2500.0,2900.0,2700.0,6/6/2023
Haryana,sonipat,Sonepat,Tomato,Hybrid,FAQ,700.0,800.0,700.0,6/6/2023
Maharashtra,amarawati,Amarawati,Wheat,Other,FAQ,2450.0,2600.0,2525.0,6/6/2023
Haryana,gurgaon,Sohna,Tomato,Tomato,FAQ,800.0,1500.0,1200.0,6/6/2023
Uttar Pradesh,firozabad,Sirsaganj,Tomato,Hybrid,FAQ,630.0,830.0,730.0,6/6/2023
Himachal Pradesh,hamirpur,Hamirpur,Potato,Desi,FAQ,1200.0,1600.0,1400.0,6/6/2023
Madhya Pradesh,rajgarh,Biaora,Potato,(Red Nanital),FAQ,1000.0,1200.0,1100.0,6/6/2023
Kerala,alappuzha,Kayamkulam,Onion,Big,FAQ,1700.0,1900.0,1800.0,6/6/2023
Madhya Pradesh,morena,Kailaras,Wheat,MP(Desi),FAQ,2230.0,2245.0,2240.0,6/6/2023
Punjab,moga,Kot ise Khan,Potato,Other,FAQ,800.0,1000.0,900.0,6/6/2023
Uttar Pradesh,fatehpur,Khaga,Onion,Red,FAQ,800.0,1000.0,900.0,6/6/2023
Kerala,alappuzha,Kayamkulam,Onion,Small,FAQ,6900.0,7100.0,7000.0,6/6/2023
Haryana,mewat,Tauru,Tomato,Tomato,FAQ,800.0,1200.0,1200.0,6/6/2023
Uttar Pradesh,mathura,Mathura,Tomato,Deshi,FAQ,820.0,1020.0,920.0,6/6/2023
Madhya Pradesh,mandsaur,Mandsaur(F&V),Tomato,Other,FAQ,770.0,1220.0,1010.0,6/6/2023
Gujarat,porbandar,Porbandar,Tomato,Deshi,FAQ,1500.0,2000.0,1750.0,6/6/2023
Madhya Pradesh,datia,Datia,Wheat,Other,FAQ,2184.0,2314.0,2250.0,6/6/2023
Maharashtra,pune,Junnar(Alephata),Onion,Other,FAQ,800.0,1600.0,1100.0,6/6/2023
Madhya Pradesh,hoshangabad,Banapura,Wheat,Mill Quality,FAQ,2123.0,2338.0,2296.0,6/6/2023
Karnataka,mandya,K.R. Pet,Onion,Onion,FAQ,1200.0,1200.0,1200.0,6/6/2023
Uttar Pradesh,lucknow,Lucknow,Tomato,Deshi,FAQ,1000.0,1090.0,1040.0,6/6/2023
Haryana,sonipat,Ganaur,Tomato,Tomato,FAQ,1200.0,1500.0,1400.0,6/6/2023
Madhya Pradesh,shajapur,Agar,Wheat,Other,FAQ,1706.0,2470.0,2120.0,6/6/2023
Maharashtra,akola,Akola,Wheat,Other,FAQ,1900.0,2700.0,2300.0,6/6/2023
Uttar Pradesh,ballia,Ballia,Wheat,Dara,FAQ,2110.0,2230.0,2170.0,6/6/2023
Rajasthan,baran,Baran,Wheat,Other,FAQ,2140.0,2699.0,2320.0,6/6/2023
Kerala,kottayam,Kanjirappally,Onion,Big,FAQ,2000.0,2500.0,2200.0,6/6/2023
Uttar Pradesh,etah,Awagarh,Onion,Red,FAQ,900.0,1100.0,1000.0,6/6/2023
Rajasthan,tonk,Tonk,Tomato,Deshi,FAQ,900.0,1101.0,1050.0,6/6/2023
Gujarat,rajkot,Dhoraji,Wheat,Lokwan,FAQ,2260.0,2350.0,2310.0,6/6/2023
Haryana,yamuna nagar,Sadhaura,Tomato,Tomato,FAQ,300.0,400.0,350.0,6/6/2023
Madhya Pradesh,shivpuri,Karera,Wheat,Other,FAQ,2200.0,2250.0,2225.0,6/6/2023
Assam,lakhimpur,Lakhimpur,Onion,Red,FAQ,1020.0,1140.0,1100.0,6/6/2023
Uttar Pradesh,barabanki,Safdarganj,Tomato,Hybrid,FAQ,1500.0,1600.0,1550.0,6/6/2023
Madhya Pradesh,dhar,Kukshi,Onion,Onion,FAQ,400.0,1100.0,800.0,6/6/2023
Haryana,fatehabad,Ratia,Potato,Other,FAQ,700.0,800.0,750.0,6/6/2023
Rajasthan,bhilwara,Bhilwara,Wheat,Other,FAQ,2215.0,2300.0,2250.0,6/6/2023
West Bengal,nadia,Ranaghat,Potato,Jyoti,FAQ,1460.0,1500.0,1480.0,6/6/2023
Andhra Pradesh,mahbubnagar,Shadnagar,Tomato,Deshi,FAQ,1800.0,2900.0,2500.0,6/6/2023
Karnataka,bangalore,Bangalore,Onion,Onion,FAQ,1000.0,1300.0,1200.0,6/6/2023
Uttar Pradesh,unnao,Bangarmau,Onion,Red,FAQ,975.0,1050.0,1000.0,6/6/2023
Uttar Pradesh,etawah,Bharthna,Tomato,Hybrid,FAQ,685.0,885.0,785.0,6/6/2023
Madhya Pradesh,shivpuri,Shivpuri(F&V),Tomato,Other,FAQ,800.0,800.0,800.0,6/6/2023
West Bengal,kolkata,Bara Bazar (Posta Bazar),Onion,Other,FAQ,1550.0,1680.0,1600.0,6/6/2023
Rajasthan,sikar,Sikar,Tomato,Deshi,FAQ,300.0,1000.0,600.0,6/6/2023
Madhya Pradesh,chhindwara,Chhindwara(F&V),Potato,Desi,FAQ,1100.0,1300.0,1200.0,6/6/2023
Haryana,bhiwani,Ch. Dadri,Tomato,Other,FAQ,800.0,1500.0,1150.0,6/6/2023
Karnataka,chikmagalur,Chikkamagalore,Potato,Other,FAQ,1415.0,1615.0,1515.0,6/6/2023
Uttar Pradesh,bulandshahar,Buland Shahr,Tomato,Deshi,FAQ,700.0,900.0,810.0,6/6/2023
Uttar Pradesh,jhansi,Mauranipur,Onion,Red,FAQ,960.0,1080.0,1015.0,6/6/2023
Rajasthan,dausa,Bandikui(Geejgarh),Wheat,Other,FAQ,2139.0,2200.0,2169.0,6/6/2023
Orissa,rayagada,Rayagada,Potato,Other,FAQ,1400.0,1600.0,1500.0,6/6/2023
Uttar Pradesh,baghpat,Baraut,Tomato,Deshi,FAQ,900.0,1009.0,950.0,6/6/2023
Kerala,kottayam,Kottayam,Onion,Big,FAQ,2000.0,2400.0,2200.0,6/6/2023
Maharashtra,nashik,Lasalgaon(Niphad),Onion,Other,FAQ,400.0,1251.0,825.0,6/6/2023
Uttar Pradesh,sitapur,Hargaon (Laharpur),Wheat,Dara,FAQ,2200.0,2220.0,2210.0,6/6/2023
Uttar Pradesh,amethi,Jafarganj,Wheat,Dara,FAQ,2280.0,2350.0,2310.0,6/6/2023
Orissa,bargarh,Bargarh(Barapalli),Potato,Other,FAQ,1500.0,1700.0,1600.0,6/6/2023
West Bengal,nadia,Chakdah,Tomato,Hybrid,FAQ,3600.0,3750.0,3700.0,6/6/2023
Uttar Pradesh,unnao,Bangarmau,Wheat,Dara,FAQ,2125.0,2250.0,2150.0,6/6/2023
West Bengal,birbhum,Birbhum,Tomato,Other,FAQ,4900.0,5000.0,4950.0,6/6/2023
Uttar Pradesh,basti,Basti,Potato,Desi,FAQ,930.0,1030.0,980.0,6/6/2023
Uttar Pradesh,sambhal,Sambhal,Tomato,Deshi,FAQ,1200.0,1400.0,1350.0,6/6/2023
Jammu & Kashmir,kathua,Kathua,Tomato,Other,FAQ,700.0,800.0,750.0,6/6/2023
Rajasthan,bundi,Keshoraipatan,Wheat,Other,FAQ,2200.0,2270.0,2250.0,6/6/2023
Uttar Pradesh,bareilly,Bareilly,Tomato,Deshi,FAQ,675.0,750.0,710.0,6/6/2023
Madhya Pradesh,raisen,Bareli,Wheat,Other,FAQ,2048.0,2298.0,2173.0,6/6/2023
Maharashtra,sholapur,Barshi,Wheat,Other,FAQ,2150.0,3150.0,2300.0,6/6/2023
Kerala,alappuzha,Chengannur,Onion,Onion,FAQ,1900.0,2200.0,2000.0,6/6/2023
West Bengal,hooghly,Champadanga,Potato,Jyoti,FAQ,1360.0,1400.0,1380.0,6/6/2023
Rajasthan,chittorgarh,Chittorgarh,Onion,Other,FAQ,1000.0,1200.0,1100.0,6/6/2023
Uttar Pradesh,aligarh,Atrauli,Wheat,Dara,FAQ,2200.0,2300.0,2250.0,6/6/2023
Uttar Pradesh,badaun,Badayoun,Wheat,Dara,FAQ,2180.0,2270.0,2220.0,6/6/2023
Uttar Pradesh,jaunpur,Jaunpur,Tomato,Hybrid,FAQ,920.0,975.0,950.0,6/6/2023
Maharashtra,mumbai,Mumbai,Tomato,Other,FAQ,1000.0,1500.0,1300.0,6/6/2023
Kerala,malappuram,Parappanangadi,Potato,Other,FAQ,2100.0,2500.0,2400.0,6/6/2023
Madhya Pradesh,rewa,Hanumana,Wheat,Other,FAQ,2225.0,2225.0,2225.0,6/6/2023
Andhra Pradesh,nalgonda,Venkateswarnagar,Tomato,Local,FAQ,2000.0,2000.0,2000.0,6/6/2023
Gujarat,anand,"Anand(Veg,Yard,Anand)",Onion,Onion,FAQ,1000.0,1200.0,1100.0,6/6/2023
Rajasthan,hanumangarh,Hanumangarh(Urlivas),Wheat,Other,FAQ,2100.0,2153.0,2121.0,6/6/2023
Andhra Pradesh,hyderabad,Bowenpally,Onion,1st Sort,FAQ,400.0,1000.0,850.0,6/6/2023
West Bengal,nadia,Karimpur,Potato,Jyoti,FAQ,1420.0,1460.0,1440.0,6/6/2023
West Bengal,alipurduar,Falakata,Potato,Red,FAQ,1200.0,1300.0,1250.0,6/6/2023
Maharashtra,satara,Satara,Tomato,Other,FAQ,1000.0,1200.0,1100.0,6/6/2023
Himachal Pradesh,shimla,Shimla,Tomato,Deshi,FAQ,1800.0,2000.0,1900.0,6/6/2023
Karnataka,bellary,Hospet,Onion,Local,FAQ,1000.0,1200.0,1200.0,6/6/2023
Karnataka,dharwad,Hubli (Amaragol),Onion,Telagi,FAQ,300.0,1270.0,630.0,6/6/2023
Uttar Pradesh,barabanki,Barabanki,Onion,Red,FAQ,1020.0,1100.0,1040.0,6/6/2023
West Bengal,hooghly,Sheoraphuly,Tomato,Other,FAQ,2600.0,3000.0,2800.0,6/6/2023
Maharashtra,sangli,Islampur,Tomato,Other,FAQ,1000.0,1500.0,1250.0,6/6/2023
Madhya Pradesh,jabalpur,Jabalpur(F&V),Onion,Local,FAQ,900.0,1300.0,1100.0,6/6/2023
Madhya Pradesh,chhatarpur,Harpalpur,Wheat,Other,FAQ,2000.0,2200.0,2100.0,6/6/2023
Kerala,thiruvananthapuram,Attingal,Tomato,Other,FAQ,3700.0,4500.0,4000.0,6/6/2023
Uttar Pradesh,agra,Jagnair,Wheat,Dara,FAQ,2200.0,2240.0,2220.0,6/6/2023
Uttar Pradesh,etah,Awagarh,Tomato,Hybrid,FAQ,600.0,800.0,650.0,6/6/2023
Maharashtra,hingoli,Hingoli,Wheat,Sharbati,FAQ,2000.0,3120.0,2560.0,6/6/2023
Haryana,kurukshetra,Thanesar,Potato,Potato,FAQ,1000.0,1200.0,1100.0,6/6/2023
Uttar Pradesh,balrampur,Tulsipur,Tomato,Deshi,FAQ,1370.0,1450.0,1400.0,6/6/2023
Uttar Pradesh,badaun,Shahaswan,Onion,Red,FAQ,950.0,1100.0,1000.0,6/6/2023
Himachal Pradesh,shimla,Shimla,Onion,1st Sort,FAQ,1600.0,1800.0,1700.0,6/6/2023
Uttar Pradesh,lalitpur,Lalitpur,Onion,Red,FAQ,940.0,1000.0,970.0,6/6/2023
West Bengal,north 24 parganas,Habra,Onion,Other,FAQ,1850.0,1950.0,1850.0,6/6/2023
West Bengal,north 24 parganas,Barasat,Onion,Other,FAQ,2000.0,2000.0,2000.0,6/6/2023
Rajasthan,churu,Sujangarh,Tomato,Deshi,FAQ,800.0,1000.0,900.0,6/6/2023
Haryana,kurukshetra,Ladwa,Onion,Onion,FAQ,1000.0,1000.0,1000.0,6/6/2023
Uttar Pradesh,ghaziabad,Hapur,Onion,Red,FAQ,1100.0,1200.0,1120.0,6/6/2023
Karnataka,mysore,T. Narasipura,Tomato,Hybrid,FAQ,1500.0,2000.0,1500.0,6/6/2023
Rajasthan,hanumangarh,Hanumangarh,Wheat,Other,FAQ,2161.0,2222.0,2201.0,6/6/2023
Maharashtra,wardha,Hinganghat,Wheat,Other,FAQ,2010.0,2430.0,2180.0,6/6/2023
Uttar Pradesh,prayagraj,Sirsa,Onion,Red,FAQ,1150.0,1250.0,1200.0,6/6/2023
Himachal Pradesh,hamirpur,Hamirpur(Nadaun),Tomato,Other,FAQ,1800.0,2200.0,2000.0,6/6/2023
Uttar Pradesh,banda,Baberu,Tomato,Hybrid,FAQ,950.0,1075.0,1010.0,6/6/2023
Madhya Pradesh,hoshangabad,Hoshangabad,Wheat,Other,FAQ,2130.0,2130.0,2130.0,6/6/2023
Uttar Pradesh,fatehpur,Jahanabad,Wheat,Other,FAQ,2200.0,2300.0,2250.0,6/6/2023
Madhya Pradesh,jabalpur,Jabalpur,Wheat,Medium Fine,FAQ,2270.0,2370.0,2298.0,6/6/2023
Uttar Pradesh,bulandshahar,Jahangirabad,Wheat,Dara,FAQ,2280.0,2320.0,2305.0,6/6/2023
Madhya Pradesh,khargone,Karhi,Wheat,Other,FAQ,2305.0,2430.0,2350.0,6/6/2023
Rajasthan,baran,Kawai Salpura (Atru),Wheat,Other,FAQ,2182.0,2340.0,2261.0,6/6/2023
Chattisgarh,janjgir,Champa,Wheat,Other,FAQ,2000.0,2000.0,2000.0,6/6/2023
Madhya Pradesh,khargone,Khargone,Wheat,Other,FAQ,2166.0,2426.0,2340.0,6/6/2023
Maharashtra,satara,Karad,Tomato,Other,FAQ,800.0,1500.0,1500.0,6/6/2023
Orissa,ganjam,Digapahandi,Potato,Other,FAQ,1400.0,1650.0,1500.0,6/6/2023
Madhya Pradesh,sagar,Bina,Wheat,Sharbati,FAQ,2295.0,2600.0,2447.0,6/6/2023
West Bengal,jalpaiguri,Moynaguri,Onion,Other,FAQ,1500.0,1700.0,1600.0,6/6/2023
Orissa,kendrapara,Kendrapara,Tomato,Tomato,FAQ,3000.0,3500.0,3500.0,6/6/2023
Punjab,muktsar,Muktsar,Onion,Nasik,FAQ,800.0,1200.0,900.0,6/6/2023
Himachal Pradesh,hamirpur,Muskara,Onion,Red,FAQ,950.0,1025.0,975.0,6/6/2023
Karnataka,bangalore,Bangalore,Onion,Local,FAQ,600.0,1000.0,800.0,6/6/2023
Uttar Pradesh,jaunpur,Shahganj,Tomato,Hybrid,FAQ,850.0,1000.0,910.0,6/6/2023
Uttar Pradesh,badaun,Shahaswan,Tomato,Deshi,FAQ,800.0,900.0,850.0,6/6/2023
Maharashtra,raigad,Karjat(Raigad),Wheat,Other,FAQ,2000.0,2600.0,2300.0,6/6/2023
West Bengal,jalpaiguri,Jalpaiguri Sadar,Tomato,Other,FAQ,1300.0,1500.0,1400.0,6/6/2023
Punjab,moga,Dharamkot,Potato,Other,FAQ,1200.0,1200.0,1200.0,6/6/2023
Himachal Pradesh,kangra,Kangra(Jaisinghpur),Tomato,Tomato,FAQ,1400.0,1500.0,1450.0,6/6/2023
Rajasthan,udaipur,Udaipur (F&V),Tomato,Other,FAQ,800.0,1400.0,1100.0,6/6/2023
Nagaland,mokokchung,Mangkolemba,Onion,Other,FAQ,2500.0,3500.0,3000.0,6/6/2023
Madhya Pradesh,indore,Sanwer,Potato,Other,FAQ,1650.0,1775.0,1675.0,6/6/2023
Uttar Pradesh,rampur,Rampur,Onion,Red,FAQ,1130.0,1180.0,1150.0,6/6/2023
West Bengal,birbhum,Rampurhat,Onion,Nasik,FAQ,1380.0,1480.0,1430.0,6/6/2023
Bihar,sheikhpura,Shekhpura,Tomato,Deshi,FAQ,1600.0,2200.0,1900.0,6/6/2023
Uttar Pradesh,etawah,Etawah,Potato,Desi,FAQ,785.0,985.0,885.0,6/6/2023
West Bengal,paschim bardhaman,Durgapur,Potato,Other,FAQ,1150.0,1360.0,1200.0,6/6/2023
Madhya Pradesh,sagar,Jaisinagar,Wheat,Mill Quality,FAQ,2120.0,2140.0,2120.0,6/6/2023
Madhya Pradesh,indore,Sanwer,Tomato,Other,FAQ,2000.0,2500.0,2350.0,6/6/2023
Punjab,ludhiana,Samrala,Tomato,Other,FAQ,1000.0,1500.0,1300.0,6/6/2023
Madhya Pradesh,khargone,Khargone,Potato,(Red Nanital),FAQ,500.0,1200.0,800.0,6/6/2023
Haryana,panchkula,Raipur Rai,Tomato,Other,FAQ,800.0,1000.0,800.0,6/6/2023
Kerala,malappuram,Thirurrangadi,Onion,Other,FAQ,1800.0,1900.0,1900.0,6/6/2023
Uttar Pradesh,prayagraj,Jasra,Wheat,Dara,FAQ,2200.0,2290.0,2245.0,6/6/2023
Madhya Pradesh,neemuch,Javad,Wheat,Other,FAQ,2261.0,2261.0,2261.0,6/6/2023
Madhya Pradesh,shajapur,Kalapipal,Wheat,Lokwan,FAQ,2050.0,2481.0,2275.0,6/6/2023
Delhi,delhi,Shahdara,Potato,Potato,FAQ,800.0,1300.0,1100.0,6/6/2023
Uttar Pradesh,balrampur,Balrampur,Onion,Red,FAQ,1130.0,1250.0,1235.0,6/6/2023
Karnataka,chikmagalur,Kadur,Tomato,Tomato,FAQ,714.0,714.0,714.0,6/6/2023
Madhya Pradesh,mandsaur,Mandsaur,Onion,Onion,FAQ,231.0,801.0,515.0,6/6/2023
Maharashtra,ahmednagar,Rahuri,Wheat,Other,FAQ,2000.0,2275.0,2125.0,6/6/2023
West Bengal,bankura,Bankura Sadar,Onion,Nasik,FAQ,1600.0,1800.0,1700.0,6/6/2023
Kerala,idukki,Thodupuzha,Potato,Other,FAQ,2500.0,3000.0,3000.0,6/6/2023
Orissa,nayagarh,Bahadajholla,Potato,Other,FAQ,900.0,1200.0,1000.0,6/6/2023
Madhya Pradesh,hoshangabad,Semriharchand,Wheat,Other,FAQ,1926.0,2239.0,2230.0,6/6/2023
Kerala,kottayam,Kottayam,Tomato,Tomato,FAQ,1800.0,2200.0,2000.0,6/6/2023
Uttar Pradesh,deoria,Devariya,Wheat,Dara,FAQ,2240.0,2260.0,2250.0,6/6/2023
Haryana,rewari,Kosli,Tomato,Other,FAQ,800.0,1000.0,1000.0,6/6/2023
Gujarat,amreli,Dhari,Wheat,Lokwan Gujrat,FAQ,2075.0,2305.0,2225.0,6/6/2023
Madhya Pradesh,bhopal,Bhopal,Wheat,MP Sharbati,FAQ,2830.0,2830.0,2830.0,6/6/2023
Uttar Pradesh,pratapgarh,Pratapgarh,Onion,Red,FAQ,1100.0,1300.0,1190.0,6/6/2023
Kerala,ernakulam,Ernakulam,Onion,Big,FAQ,5900.0,6200.0,6200.0,6/6/2023
Kerala,kottayam,Ettumanoor,Onion,Onion,FAQ,6000.0,6500.0,6300.0,6/6/2023
Uttar Pradesh,sitapur,Hargaon (Laharpur),Potato,Local,FAQ,900.0,1100.0,1000.0,6/6/2023
Jammu and Kashmir,anantnag,Ashahipora (Anantnagh),Onion,Other,FAQ,1800.0,2000.0,1900.0,6/6/2023
Uttar Pradesh,hardoi,Hardoi,Potato,Kufri Megha,FAQ,950.0,1010.0,990.0,6/6/2023
Uttar Pradesh,badaun,Dataganj,Wheat,Dara,FAQ,2150.0,2200.0,2180.0,6/6/2023
Uttar Pradesh,jaunpur,Shahganj,Wheat,Dara,FAQ,2200.0,2300.0,2230.0,6/6/2023
Maharashtra,ahmednagar,Shevgaon,Wheat,Maharashtra 2189,FAQ,2050.0,2451.0,2050.0,6/6/2023
Uttar Pradesh,etah,Etah,Onion,Red,FAQ,900.0,1150.0,980.0,6/6/2023
Punjab,moga,Baghapurana,Potato,Other,FAQ,600.0,800.0,700.0,6/6/2023
Haryana,gurgaon,Farukh Nagar,Potato,Other,FAQ,1000.0,1200.0,1000.0,6/6/2023
Rajasthan,pratapgarh,Pratapgarh,Onion,Red,FAQ,1100.0,1300.0,1190.0,6/6/2023
Kerala,thiruvananthapuram,Pothencode,Onion,Other,FAQ,8100.0,8180.0,8140.0,6/6/2023
Maharashtra,ahmednagar,Rahuri(Vambori),Wheat,Other,FAQ,1801.0,2250.0,2125.0,6/6/2023
Kerala,kottayam,Pampady,Potato,Other,FAQ,3100.0,3500.0,3300.0,6/6/2023
Gujarat,rajkot,Rajkot,Wheat,Sharbati,FAQ,2140.0,2725.0,2370.0,6/6/2023
Madhya Pradesh,chhatarpur,Rajnagar,Wheat,Mill Quality,FAQ,2130.0,2160.0,2150.0,6/6/2023
Uttar Pradesh,basti,Basti,Tomato,Hybrid,FAQ,1050.0,1150.0,1100.0,6/6/2023
Himachal Pradesh,kangra,Palampur,Potato,Other,FAQ,1300.0,1400.0,1350.0,6/6/2023
Uttar Pradesh,ballia,Ballia,Tomato,Hybrid,FAQ,850.0,970.0,910.0,6/6/2023
Madhya Pradesh,shajapur,Kalapipal,Onion,Other,FAQ,110.0,1070.0,450.0,6/6/2023
Andhra Pradesh,hyderabad,Mahboob Manison,Tomato,Deshi,FAQ,1600.0,2800.0,2400.0,6/6/2023
Andhra Pradesh,mahbubnagar,Mahabubnagar(Rythu Bazar),Tomato,Deshi,FAQ,2800.0,3200.0,3000.0,6/6/2023
Uttar Pradesh,gonda,Nawabganj,Onion,Red,FAQ,1150.0,1250.0,1200.0,6/6/2023
Karnataka,hassan,Hassan,Potato,Potato,FAQ,1050.0,1666.0,1666.0,6/6/2023
Uttar Pradesh,etah,Awagarh,Potato,Desi,FAQ,700.0,900.0,800.0,6/6/2023
Himachal Pradesh,hamirpur,Bharuasumerpur,Tomato,Local,FAQ,800.0,880.0,845.0,6/6/2023
Uttar Pradesh,agra,Fatehabad,Potato,Desi,FAQ,600.0,700.0,650.0,6/6/2023
Uttar Pradesh,gorakhpur,Chorichora,Onion,Red,FAQ,1100.0,1250.0,1175.0,6/6/2023
Jammu & Kashmir,udhampur,Udhampur,Tomato,Other,FAQ,1000.0,1200.0,1100.0,6/6/2023
Uttar Pradesh,chandauli,Chandoli,Tomato,Hybrid,FAQ,880.0,960.0,910.0,6/6/2023
Rajasthan,rajsamand,Rajsamand,Onion,Onion,FAQ,1000.0,1200.0,1100.0,6/6/2023
Uttar Pradesh,maharajganj,Gadaura,Potato,Red,FAQ,700.0,900.0,800.0,6/6/2023
Punjab,hoshiarpur,Garh Shankar,Potato,Potato,FAQ,500.0,800.0,600.0,6/6/2023
Madhya Pradesh,shajapur,Susner,Wheat,Other,FAQ,2060.0,2218.0,2100.0,6/6/2023
Andhra Pradesh,hyderabad,Gudimalkapur,Onion,1st Sort,FAQ,300.0,1500.0,800.0,6/6/2023
Madhya Pradesh,rajgarh,Suthalia,Wheat,Other,FAQ,2184.0,2191.0,2189.0,6/6/2023
Uttar Pradesh,barabanki,Safdarganj,Onion,Red,FAQ,900.0,980.0,950.0,6/6/2023
Rajasthan,bhilwara,Gulabpura,Wheat,Other,FAQ,1900.0,2250.0,2180.0,6/6/2023
West Bengal,paschim bardhaman,Durgapur,Wheat,Kalyan,FAQ,2750.0,2900.0,2800.0,6/6/2023
Haryana,panchkula,Barwala,Tomato,Other,FAQ,600.0,800.0,700.0,6/6/2023
Madhya Pradesh,sheopur,Syopurkalan(F&V),Tomato,Other,FAQ,400.0,600.0,500.0,6/6/2023
Bihar,supaul,Birpur,Potato,Local,FAQ,1200.0,1500.0,1400.0,6/6/2023
Uttar Pradesh,bahraich,Naanpara,Potato,Desi,FAQ,1040.0,1100.0,1070.0,6/6/2023
Punjab,ludhiana,Samrala,Onion,Other,FAQ,1400.0,1600.0,1500.0,6/6/2023
Uttar Pradesh,agra,Samsabad,Onion,Red,FAQ,1100.0,1300.0,1200.0,6/6/2023
Uttar Pradesh,mainpuri,Ghiraur,Tomato,Hybrid,FAQ,630.0,830.0,730.0,6/6/2023
Haryana,sonipat,Gohana,Tomato,Tomato,FAQ,800.0,1000.0,800.0,6/6/2023
Rajasthan,hanumangarh,Hanumangarh Town,Wheat,Other,FAQ,2165.0,2252.0,2200.0,6/6/2023
Uttar Pradesh,ghaziabad,Hapur,Wheat,Dara,FAQ,2200.0,2340.0,2250.0,6/6/2023
Rajasthan,ganganagar,Sriganganagar (Grain),Wheat,Other,FAQ,2100.0,2522.0,2192.0,6/6/2023
Maharashtra,satara,Satara,Onion,Other,FAQ,800.0,1200.0,1000.0,6/6/2023
Haryana,karnal,Gharaunda,Potato,Other,FAQ,1100.0,1300.0,1300.0,6/6/2023
Madhya Pradesh,dhar,Dhar(F&V),Tomato,Other,FAQ,1800.0,1880.0,1860.0,6/6/2023
Karnataka,chikmagalur,Chikkamagalore,Tomato,Tomato,FAQ,2093.0,2293.0,2193.0,6/6/2023
West Bengal,paschim bardhaman,Durgapur,Wheat,Other,FAQ,2550.0,2700.0,2650.0,6/6/2023
Maharashtra,dhule,Dondaicha,Wheat,Other,FAQ,2050.0,2531.0,2482.0,6/6/2023
Haryana,rewari,Kosli,Onion,Other,FAQ,800.0,1000.0,1000.0,6/6/2023
Haryana,kurukshetra,Ladwa,Tomato,Tomato,FAQ,600.0,600.0,600.0,6/6/2023
West Bengal,puruliya,Balarampur,Potato,Other,FAQ,1120.0,1140.0,1130.0,6/6/2023
Chhattisgarh,bilaspur,Tiphra,Tomato,Other,FAQ,2600.0,2800.0,2700.0,6/6/2023
Kerala,ernakulam,Thrippunithura,Tomato,Tomato,FAQ,4500.0,5000.0,4700.0,6/6/2023
Karnataka,bangalore,Bangalore,Potato,Potato,FAQ,1400.0,1800.0,1600.0,6/6/2023
Karnataka,gadag,Gadag,Wheat,White,FAQ,2569.0,5159.0,3253.0,6/6/2023
Karnataka,davangere,Davangere,Tomato,Tomato,FAQ,2500.0,2800.0,2600.0,6/6/2023
Rajasthan,ganganagar,Gajsinghpur,Wheat,Other,FAQ,2000.0,2235.0,2121.0,6/6/2023
Uttar Pradesh,deoria,Devariya,Tomato,Hybrid,FAQ,1070.0,1090.0,1080.0,6/6/2023
Uttar Pradesh,mainpuri,Ghiraur,Wheat,Dara,FAQ,2145.0,2345.0,2245.0,6/6/2023
Uttar Pradesh,maharajganj,Partaval,Onion,Red,FAQ,1075.0,1275.0,1175.0,6/6/2023
Haryana,kaithal,Dhand,Tomato,Deshi,FAQ,500.0,600.0,580.0,6/6/2023
West Bengal,jalpaiguri,Dhupguri,Onion,Onion,FAQ,1700.0,1900.0,1800.0,6/6/2023
Madhya Pradesh,vidisha,Sironj,Wheat,Other,FAQ,2000.0,3655.0,2640.0,6/6/2023
Jammu & Kashmir,jammu,Batote,Potato,Other,FAQ,1000.0,1200.0,1100.0,6/6/2023
Punjab,sangrur,Malerkotla,Onion,Other,FAQ,1100.0,1400.0,1200.0,6/6/2023
Haryana,fatehabad,Jakhal,Tomato,Other,FAQ,500.0,500.0,500.0,6/6/2023
Punjab,faridkot,Faridkot,Onion,Onion,FAQ,700.0,1200.0,1000.0,6/6/2023
Madhya Pradesh,indore,Sanwer,Wheat,Other,FAQ,1950.0,2328.0,2050.0,6/6/2023
Madhya Pradesh,ujjain,Khachrod,Wheat,Lokwan,FAQ,1900.0,2447.0,2250.0,6/6/2023
Uttar Pradesh,barabanki,Safdarganj,Wheat,Dara,FAQ,2300.0,2340.0,2320.0,6/6/2023
Rajasthan,sikar,Sikar,Potato,(Red Nanital),FAQ,900.0,1000.0,900.0,6/6/2023
Uttar Pradesh,sonbhadra,Robertsganj,Wheat,Dara,FAQ,2130.0,2330.0,2265.0,6/6/2023
Rajasthan,jalore,Jalore,Potato,Other,FAQ,1000.0,1200.0,1100.0,6/6/2023
Uttar Pradesh,unnao,Purwa,Onion,Red,FAQ,980.0,1075.0,1030.0,6/6/2023
Nagaland,kohima,Jalukie,Potato,Other,FAQ,12500.0,12700.0,12600.0,6/6/2023
Madhya Pradesh,dewas,Khategaon,Wheat,Other,FAQ,1930.0,2470.0,2300.0,6/6/2023
Uttar Pradesh,prayagraj,Jasra,Potato,Desi,FAQ,800.0,970.0,890.0,6/6/2023
Assam,lakhimpur,Golagokarnath,Onion,Red,FAQ,1020.0,1220.0,1120.0,6/6/2023
Madhya Pradesh,raisen,Raisen,Wheat,Other,FAQ,2108.0,2450.0,2253.0,6/6/2023
Karnataka,bangalore,Ramanagara,Onion,Onion,FAQ,800.0,1600.0,1200.0,6/6/2023
Madhya Pradesh,harda,Khirakiya,Wheat,147 Average,FAQ,2100.0,2290.0,2273.0,6/6/2023
Uttar Pradesh,badaun,Bilsi,Onion,Red,FAQ,1000.0,1100.0,1060.0,6/6/2023
Punjab,patiala,Rajpura,Onion,Local,FAQ,1000.0,1300.0,1250.0,6/6/2023
Madhya Pradesh,shivpuri,Shivpuri,Wheat,Other,FAQ,2050.0,2210.0,2125.0,6/6/2023
Maharashtra,ahmednagar,Jamkhed,Wheat,Other,FAQ,2000.0,2400.0,2200.0,6/6/2023
Maharashtra,ahmednagar,Jamkhed,Wheat,Maharashtra 2189,FAQ,2000.0,2600.0,2300.0,6/6/2023
Haryana,kurukshetra,Thanesar,Onion,Other,FAQ,900.0,1400.0,1100.0,6/6/2023
Kerala,kollam,Anchal,Tomato,Other,FAQ,5200.0,5400.0,5300.0,6/6/2023
Madhya Pradesh,harda,Timarni,Potato,Potato,FAQ,1000.0,1000.0,1000.0,6/6/2023
Uttar Pradesh,baghpat,Khekda,Potato,Potato,FAQ,900.0,1100.0,1000.0,6/6/2023
 Punjab,fazilka,Abohar,Tomato,Tomato,FAQ,700.0,980.0,800.0,6/6/2023
Haryana,kurukshetra,Pipli,Onion,Red,FAQ,222.0,1352.0,920.0,6/6/2023
Maharashtra,sholapur,Barshi(Vairag),Wheat,Other,FAQ,2200.0,2900.0,2500.0,6/6/2023
Madhya Pradesh,shajapur,Berachha,Wheat,Other,FAQ,2125.0,2125.0,2125.0,6/6/2023
Maharashtra,pune,Pune,Onion,Local,FAQ,600.0,1400.0,1000.0,6/6/2023
Uttar Pradesh,varanasi,Varanasi,Wheat,Dara,FAQ,2135.0,2275.0,2225.0,6/6/2023
Madhya Pradesh,ratlam,Ratlam(F&V),Onion,Other,FAQ,305.0,1411.0,878.0,6/6/2023
Madhya Pradesh,katni,Katni,Wheat,Other,FAQ,2250.0,2381.0,2313.0,6/6/2023
Orissa,rayagada,Rayagada,Onion,Other,FAQ,1200.0,1300.0,1250.0,6/6/2023
Haryana,sirsa,Ellanabad,Onion,Local,FAQ,900.0,1100.0,1000.0,6/6/2023
Haryana,rewari,Rewari,Onion,Other,FAQ,600.0,1300.0,900.0,6/6/2023
Rajasthan,ganganagar,Sri Karanpur,Wheat,Other,FAQ,2096.0,2139.0,2126.0,6/6/2023
Uttar Pradesh,balrampur,Tulsipur,Onion,Red,FAQ,1120.0,1200.0,1150.0,6/6/2023
Madhya Pradesh,jhabua,Petlawad,Wheat,Lokwan,FAQ,2230.0,2305.0,2271.0,6/6/2023
Uttar Pradesh,fatehpur,Jahanabad,Potato,Local,FAQ,700.0,780.0,750.0,6/6/2023
Maharashtra,parbhani,Parbhani,Wheat,Other,FAQ,2500.0,2850.0,2700.0,6/6/2023
Maharashtra,nashik,Kalvan,Onion,Other,FAQ,200.0,1420.0,800.0,6/6/2023
Uttar Pradesh,ghazipur,Gazipur,Onion,Red,FAQ,1100.0,1160.0,1130.0,6/6/2023
Maharashtra,sholapur,Karmala,Wheat,Other,FAQ,2051.0,2425.0,2100.0,6/6/2023
Himachal Pradesh,mandi,Mandi(Mandi),Potato,Potato,FAQ,1000.0,1400.0,1200.0,6/6/2023
Punjab,sangrur,Malerkotla,Potato,Other,FAQ,350.0,450.0,400.0,6/6/2023
Gujarat,surendranagar,Vadhvan,Potato,Potato,FAQ,1500.0,2000.0,1750.0,6/6/2023
West Bengal,howrah,Uluberia,Potato,Jyoti,FAQ,1460.0,1500.0,1480.0,6/6/2023
Maharashtra,beed,Majalgaon,Wheat,Other,FAQ,2150.0,3300.0,2500.0,6/6/2023
Madhya Pradesh,mandsaur,Mandsaur(F&V),Potato,Other,FAQ,550.0,1400.0,1100.0,6/6/2023
Uttar Pradesh,mainpuri,Ghiraur,Onion,Red,FAQ,825.0,1025.0,925.0,6/6/2023
Maharashtra,ahmednagar,Shrirampur,Onion,Other,FAQ,200.0,1150.0,650.0,6/6/2023
Uttar Pradesh,firozabad,Tundla,Potato,Local,FAQ,835.0,870.0,850.0,6/6/2023
Uttar Pradesh,balrampur,Tulsipur,Potato,Desi,FAQ,1000.0,1070.0,1040.0,6/6/2023
Madhya Pradesh,indore,Indore,Wheat,Lokwan,FAQ,2080.0,2678.0,2224.0,6/6/2023
Karnataka,dharwad,Hubli (Amaragol),Wheat,Jawari,FAQ,2100.0,4546.0,2309.0,6/6/2023
Madhya Pradesh,vidisha,Lateri,Wheat,Sharbati,FAQ,2585.0,3405.0,2760.0,6/6/2023
West Bengal,hooghly,Sheoraphuly,Onion,Nasik,FAQ,1800.0,2000.0,1900.0,6/6/2023
Gujarat,rajkot,Jetpur(Dist.Rajkot),Wheat,Other,FAQ,2405.0,3155.0,2750.0,6/6/2023
Uttar Pradesh,fatehpur,Khaga,Wheat,Dara,FAQ,2100.0,2300.0,2200.0,6/6/2023
Madhya Pradesh,khandwa,Khandwa,Wheat,Lok-1,FAQ,2000.0,2590.0,2330.0,6/6/2023
Madhya Pradesh,shivpuri,Khaniadhana,Wheat,Lokwan,FAQ,2150.0,2185.0,2168.0,6/6/2023
Uttar Pradesh,sambhal,Sambhal,Onion,Red,FAQ,1000.0,1300.0,1240.0,6/6/2023
Madhya Pradesh,sagar,Shahagarh,Wheat,Mill Quality,FAQ,2125.0,2200.0,2135.0,6/6/2023
West Bengal,birbhum,Bolpur,Onion,Onion,FAQ,1900.0,2000.0,1950.0,6/6/2023
Maharashtra,wardha,Wardha,Onion,Local,FAQ,500.0,1000.0,750.0,6/6/2023
Jammu and Kashmir,anantnag,Kulgam,Potato,Potato,FAQ,1600.0,1900.0,1750.0,6/6/2023
Madhya Pradesh,sagar,Khurai,Wheat,MP Sharbati,FAQ,2196.0,2581.0,2388.0,6/6/2023
Rajasthan,bharatpur,Nadwai,Wheat,Other,FAQ,2221.0,2241.0,2233.0,6/6/2023
Madhya Pradesh,shivpuri,Kolaras,Wheat,Other,FAQ,2100.0,2240.0,2190.0,6/6/2023
Orissa,keonjhar,Saharpada,Potato,Other,FAQ,1800.0,2000.0,2000.0,6/6/2023
Uttar Pradesh,mirzapur,Mirzapur,Wheat,Dara,FAQ,2070.0,2235.0,2125.0,6/6/2023
Uttar Pradesh,sonbhadra,Robertsganj,Potato,Badshah,FAQ,850.0,1000.0,930.0,6/6/2023
Rajasthan,jodhpur,Jodhpur (F&V),Potato,Other,FAQ,600.0,1200.0,900.0,6/6/2023
Madhya Pradesh,vidisha,Lateri,Wheat,Lokwan,FAQ,2130.0,2325.0,2210.0,6/6/2023
Haryana,kaithal,Kaithal,Potato,(Red Nanital),FAQ,600.0,800.0,700.0,6/6/2023
Gujarat,jamnagar,Kalawad,Wheat,Other,FAQ,1750.0,2500.0,2125.0,6/6/2023
Madhya Pradesh,narsinghpur,Kareli,Wheat,Deshi,FAQ,2180.0,2350.0,2265.0,6/6/2023
Madhya Pradesh,bhind,Lahar,Wheat,Other,FAQ,2190.0,2249.0,2220.0,6/6/2023
Haryana,sirsa,kalanwali,Potato,Other,FAQ,800.0,800.0,800.0,6/6/2023
Uttar Pradesh,bulandshahar,Anoop Shahar,Tomato,Deshi,FAQ,700.0,900.0,800.0,6/6/2023
Kerala,idukki,Adimali,Tomato,Hybrid,FAQ,5000.0,6000.0,5000.0,6/6/2023
Uttar Pradesh,agra,Agra,Tomato,Hybrid,FAQ,550.0,850.0,700.0,6/6/2023
Haryana,gurgaon,Pataudi,Potato,Other,FAQ,1000.0,1150.0,1100.0,6/6/2023
West Bengal,hooghly,Pandua,Onion,Nasik,FAQ,1750.0,1875.0,1800.0,6/6/2023
Uttar Pradesh,mirzapur,Ahirora,Tomato,Hybrid,FAQ,750.0,950.0,850.0,6/6/2023
Rajasthan,sirohi,Abu Road,Tomato,Other,FAQ,675.0,725.0,700.0,6/6/2023
Madhya Pradesh,indore,Mhow,Onion,1st Sort,FAQ,800.0,1500.0,1000.0,6/6/2023
Uttar Pradesh,mirzapur,Mirzapur,Onion,Red,FAQ,1075.0,1200.0,1115.0,6/6/2023
Uttar Pradesh,bareilly,Anwala,Tomato,Deshi,FAQ,500.0,600.0,550.0,6/6/2023
Punjab,patiala,Patran,Potato,Other,FAQ,100.0,700.0,590.0,6/6/2023
Karnataka,dharwad,Hubli (Amaragol),Potato,Potato,FAQ,1300.0,1450.0,1370.0,6/6/2023
Madhya Pradesh,alirajpur,Alirajpur(F&V),Tomato,Deshi,FAQ,1000.0,2000.0,1500.0,6/6/2023
Uttar Pradesh,sitapur,Mehmoodabad,Potato,Potato,FAQ,950.0,1000.0,970.0,6/6/2023
Gujarat,rajkot,Gondal,Wheat,Lokwan,FAQ,2130.0,2570.0,2330.0,6/6/2023
Uttar Pradesh,jaunpur,Shahganj,Onion,Red,FAQ,1050.0,1200.0,1120.0,6/6/2023
Rajasthan,ganganagar,Padampur,Wheat,Other,FAQ,2000.0,2266.0,2140.0,6/6/2023
Bihar,sheikhpura,Shekhpura,Onion,1st Sort,FAQ,1300.0,1500.0,1400.0,6/6/2023
Uttar Pradesh,amethi,Jafarganj,Potato,Badshah,FAQ,1030.0,1100.0,1060.0,6/6/2023
Uttar Pradesh,sambhal,Muradabad,Onion,Red,FAQ,1110.0,1150.0,1135.0,6/6/2023
Rajasthan,baran,Atru,Wheat,Other,FAQ,2121.0,2422.0,2271.0,6/6/2023
Karnataka,chikmagalur,Bagepalli,Onion,Beelary-Red,FAQ,2000.0,3000.0,2600.0,6/6/2023
Orissa,dhenkanal,Hindol,Potato,Potato,FAQ,1600.0,2000.0,1800.0,6/6/2023
Maharashtra,ahmednagar,Rahata,Wheat,Other,FAQ,2200.0,2526.0,2325.0,6/6/2023
Uttar Pradesh,mathura,Mathura,Onion,Red,FAQ,1000.0,1200.0,1100.0,6/6/2023
Himachal Pradesh,hamirpur,Maudaha,Onion,Red,FAQ,900.0,1000.0,965.0,6/6/2023
Haryana,gurgaon,Gurgaon,Onion,Other,FAQ,500.0,1000.0,750.0,6/6/2023
Punjab,amritsar,Amritsar(Amritsar Mewa Mandi),Tomato,Tomato,FAQ,200.0,400.0,300.0,6/6/2023
Karnataka,kolar,Bangarpet,Tomato,Tomato,FAQ,500.0,1800.0,1100.0,6/6/2023
Maharashtra,nagpur,Nagpur,Wheat,Other,FAQ,2100.0,2402.0,2327.0,6/6/2023
West Bengal,puruliya,Balarampur,Tomato,Other,FAQ,2500.0,3000.0,2800.0,6/6/2023
Uttar Pradesh,etawah,Etawah,Wheat,Dara,FAQ,2200.0,2300.0,2245.0,6/6/2023
Haryana,ambala,Ambala City(Subji Mandi),Tomato,Other,FAQ,680.0,900.0,715.0,6/6/2023
Uttar Pradesh,badaun,Badayoun,Onion,Nasik,FAQ,1100.0,1210.0,1155.0,6/6/2023
Maharashtra,parbhani,Gangakhed,Wheat,Other,FAQ,2100.0,2400.0,2300.0,6/6/2023
Madhya Pradesh,indore,Gautampura,Wheat,147 Average,FAQ,1900.0,2400.0,2150.0,6/6/2023
Madhya Pradesh,dhar,Badnawar(F&V),Onion,Onion,FAQ,151.0,1200.0,425.0,6/6/2023
Gujarat,ahmedabad,Ahmedabad,Tomato,Other,FAQ,1200.0,3000.0,2500.0,6/6/2023
Haryana,kurukshetra,Shahabad,Onion,Onion,FAQ,641.0,1505.0,1400.0,6/6/2023
Haryana,palwal,Hassanpur,Potato,Potato,FAQ,700.0,800.0,750.0,6/6/2023
Gujarat,jamnagar,Jam Jodhpur,Wheat,Other,FAQ,2000.0,2305.0,2150.0,6/6/2023
Gujarat,rajkot,Jasdan,Wheat,2189 No. 1,FAQ,2000.0,2350.0,2125.0,6/6/2023
Haryana,yamuna nagar,Jagadhri,Potato,Other,FAQ,900.0,1500.0,1500.0,6/6/2023
Madhya Pradesh,rajgarh,Jeerapur,Wheat,Other,FAQ,1800.0,2250.0,2000.0,6/6/2023
Madhya Pradesh,tikamgarh,Khargapur,Wheat,Mill Quality,FAQ,2125.0,2215.0,2140.0,6/6/2023
Karnataka,udupi,Udupi,Potato,Potato,FAQ,1600.0,1800.0,1700.0,6/6/2023
Gujarat,bharuch,Jambusar,Wheat,Other,FAQ,2600.0,3000.0,2800.0,6/6/2023
Maharashtra,sholapur,Pandharpur,Onion,Red,FAQ,200.0,1500.0,850.0,6/6/2023
Madhya Pradesh,shivpuri,Khatora,Wheat,Other,FAQ,2206.0,2455.0,2300.0,6/6/2023
Madhya Pradesh,damoh,Patharia,Wheat,Lokwan MP No. 1,FAQ,2100.0,2261.0,2254.0,6/6/2023
Rajasthan,alwar,Alwar (F&V),Tomato,Other,FAQ,1100.0,1500.0,1300.0,6/6/2023
Madhya Pradesh,hoshangabad,Hoshangabad,Potato,Desi,FAQ,850.0,1480.0,1130.0,6/6/2023
Madhya Pradesh,hoshangabad,Pipariya,Wheat,Other,FAQ,2040.0,2291.0,2265.0,6/6/2023
Uttar Pradesh,aligarh,Aligarh,Tomato,Hybrid,FAQ,700.0,800.0,740.0,6/6/2023
Andhra Pradesh,adilabad,Adilabad(Rythu Bazar),Tomato,Other,FAQ,5000.0,5000.0,5000.0,6/6/2023
Haryana,gurgaon,Sohna,Potato,Potato,FAQ,1000.0,1000.0,1000.0,6/6/2023
Punjab,faridkot,Jaitu,Onion,Nasik,FAQ,1100.0,1100.0,1100.0,6/6/2023
Haryana,panchkula,Raipur Rai,Onion,Other,FAQ,800.0,1000.0,800.0,6/6/2023
Uttar Pradesh,baghpat,Baraut,Onion,Onion,FAQ,900.0,1000.0,950.0,6/6/2023
Gujarat,rajkot,Jetpur(Dist.Rajkot),Wheat,Lokwan,FAQ,2005.0,2515.0,2325.0,6/6/2023
Punjab,sangrur,Ahmedgarh,Tomato,Other,FAQ,450.0,550.0,500.0,6/6/2023
Haryana,sonipat,Sonepat(Kharkhoda),Onion,Other,FAQ,800.0,1300.0,1000.0,6/6/2023
Jammu & Kashmir,kathua,Kathua,Potato,Potato,FAQ,700.0,800.0,750.0,6/6/2023
Rajasthan,ganganagar,Kesarisinghpur,Wheat,Other,FAQ,2117.0,2159.0,2151.0,6/6/2023
Orissa,angul,Angul,Tomato,Other,FAQ,2500.0,4000.0,3000.0,6/6/2023
Haryana,ambala,Naraingarh,Onion,Onion,FAQ,600.0,1250.0,1100.0,6/6/2023
Madhya Pradesh,alirajpur,Jobat,Wheat,Other,FAQ,2100.0,2200.0,2200.0,6/6/2023
Uttar Pradesh,auraiya,Achalda,Tomato,Hybrid,FAQ,850.0,950.0,900.0,6/6/2023
Uttar Pradesh,prayagraj,Allahabad,Tomato,Deshi,FAQ,850.0,1050.0,930.0,6/6/2023
Uttar Pradesh,balrampur,Balrampur,Wheat,Dara,FAQ,2200.0,2400.0,2300.0,6/6/2023
Maharashtra,amarawati,Amrawati(Frui & Veg. Market),Tomato,Local,FAQ,2000.0,2500.0,2250.0,6/6/2023
West Bengal,murshidabad,Kandi,Potato,Jyoti,FAQ,1180.0,1225.0,1200.0,6/6/2023
West Bengal,alipurduar,Alipurduar,Tomato,Other,FAQ,2300.0,2500.0,2400.0,6/6/2023
Madhya Pradesh,shivpuri,Barad,Wheat,Mill Quality,FAQ,2180.0,2200.0,2190.0,6/6/2023
Haryana,mewat,Punhana,Onion,Other,FAQ,1000.0,1000.0,1000.0,6/6/2023
Uttar Pradesh,azamgarh,Azamgarh,Tomato,Hybrid,FAQ,1000.0,1150.0,1075.0,6/6/2023
Delhi,delhi,Azadpur,Tomato,Tomato,FAQ,120.0,1200.0,594.0,6/6/2023
Kerala,alappuzha,Aroor,Tomato,Other,FAQ,3600.0,3800.0,3700.0,6/6/2023
Uttar Pradesh,deoria,Barhaj,Potato,Desi,FAQ,970.0,980.0,980.0,6/6/2023
Madhya Pradesh,khargone,Kasrawad,Wheat,Other,FAQ,2280.0,2445.0,2355.0,6/6/2023
Orissa,bargarh,Bargarh,Potato,Other,FAQ,1500.0,1700.0,1600.0,6/6/2023
Karnataka,chikmagalur,Bagepalli,Tomato,Tomato,FAQ,560.0,1000.0,800.0,6/6/2023
Madhya Pradesh,jhabua,Thandla,Wheat,147 Average,FAQ,2250.0,2250.0,2250.0,6/6/2023
Madhya Pradesh,sagar,Garhakota,Wheat,Other,FAQ,2210.0,2280.0,2250.0,6/6/2023
Maharashtra,sholapur,Solapur,Onion,Red,FAQ,100.0,1800.0,850.0,6/6/2023
Maharashtra,ahmednagar,Jamkhed,Onion,Local,FAQ,100.0,1200.0,650.0,6/6/2023
Uttar Pradesh,jaunpur,Jaunpur,Onion,Red,FAQ,1100.0,1150.0,1135.0,6/6/2023
Uttar Pradesh,jaunpur,Mugrabaadshahpur,Wheat,Dara,FAQ,2110.0,2310.0,2210.0,6/6/2023
West Bengal,hooghly,Kalipur,Onion,Nasik,FAQ,1250.0,1350.0,1300.0,6/6/2023
Uttar Pradesh,unnao,Unnao,Wheat,Dara,FAQ,2125.0,2150.0,2135.0,6/6/2023
Maharashtra,thane,Ulhasnagar,Wheat,Other,FAQ,3000.0,4000.0,3500.0,6/6/2023
Nagaland,mokokchung,Mangkolemba,Potato,Other,FAQ,1500.0,2500.0,2000.0,6/6/2023
Punjab,muktsar,Bariwala,Onion,Other,FAQ,1000.0,1000.0,1000.0,6/6/2023
Madhya Pradesh,ujjain,Ujjain,Wheat,Other,FAQ,2071.0,2600.0,2280.0,6/6/2023
Himachal Pradesh,kangra,Kangra(Baijnath),Onion,Onion,FAQ,1400.0,1600.0,1600.0,6/6/2023
Uttar Pradesh,maharajganj,Partaval,Wheat,Dara,FAQ,2125.0,2350.0,2240.0,6/6/2023
Kerala,kottayam,Kanjirappally,Onion,Onion,FAQ,9000.0,9800.0,9600.0,6/6/2023
Punjab,muktsar,Muktsar,Potato,Red,FAQ,700.0,1000.0,800.0,6/6/2023
West Bengal,bankura,Khatra,Wheat,Sonalika,FAQ,2150.0,2300.0,2200.0,6/6/2023
Uttar Pradesh,aligarh,Khair,Wheat,Dara,FAQ,2260.0,2300.0,2280.0,6/6/2023
Punjab,ludhiana,Doraha,Onion,Other,FAQ,1000.0,1500.0,1382.0,6/6/2023
Madhya Pradesh,raisen,Udaipura,Wheat,Lokwan,FAQ,2100.0,2300.0,2220.0,6/6/2023
Madhya Pradesh,sagar,Rehli,Wheat,Other,FAQ,2150.0,2350.0,2250.0,6/6/2023
 Punjab,fazilka,Jalalabad,Onion,Other,FAQ,1100.0,1100.0,1100.0,6/6/2023
Maharashtra,jalgaon,Raver,Wheat,Other,FAQ,2205.0,2375.0,2205.0,6/6/2023
Haryana,panipat,Madlauda,Potato,Other,FAQ,800.0,800.0,800.0,6/6/2023
Haryana,sonipat,Sonepat,Onion,Other,FAQ,1100.0,1200.0,1100.0,6/6/2023
Madhya Pradesh,vidisha,Vidisha,Wheat,Sharbati,FAQ,2300.0,4000.0,2750.0,6/6/2023
Punjab,hoshiarpur,Garh Shankar(Mahalpur),Onion,Onion,FAQ,800.0,1200.0,1000.0,6/6/2023
Uttar Pradesh,gonda,Gonda,Onion,Red,FAQ,1240.0,1280.0,1250.0,6/6/2023
Uttar Pradesh,lucknow,Lucknow,Wheat,Dara,FAQ,2240.0,2340.0,2290.0,6/6/2023
Rajasthan,hanumangarh,Rawatsar,Wheat,Other,FAQ,2190.0,2231.0,2220.0,6/6/2023
Haryana,sirsa,Sirsa,Onion,Other,FAQ,800.0,1200.0,1000.0,6/6/2023
West Bengal,birbhum,Rampurhat,Wheat,Sonalika,FAQ,2150.0,2250.0,2200.0,6/6/2023
Rajasthan,kota,Ramganjmandi,Wheat,Other,FAQ,2150.0,2269.0,2212.0,6/6/2023
Haryana,mewat,Punhana,Potato,Other,FAQ,1000.0,1000.0,1000.0,6/6/2023
Andhra Pradesh,mahbubnagar,Mahabubnagar(Rythu Bazar),Potato,(Red Nanital),FAQ,2200.0,2600.0,2400.0,6/6/2023
Uttar Pradesh,shahjahanpur,Puwaha,Wheat,Dara,FAQ,2100.0,2300.0,2200.0,6/6/2023
Madhya Pradesh,chhatarpur,Naugaon,Wheat,Dara Mill Quality,FAQ,2200.0,2290.0,2280.0,6/6/2023
Uttar Pradesh,maharajganj,Nautnava,Wheat,Dara,FAQ,2125.0,2250.0,2200.0,6/6/2023
Uttar Pradesh,badaun,Visoli,Wheat,Dara,FAQ,2200.0,2330.0,2255.0,6/6/2023
Uttar Pradesh,rampur,Rampur,Wheat,Dara,FAQ,2180.0,2250.0,2210.0,6/6/2023
Rajasthan,bikaner,Sridungargarh,Wheat,Other,FAQ,2200.0,2661.0,2571.0,6/6/2023
Uttar Pradesh,rampur,Rampur,Potato,Desi,FAQ,895.0,945.0,915.0,6/6/2023
Punjab,amritsar,Rayya,Onion,Red,FAQ,1600.0,1600.0,1600.0,6/6/2023
Madhya Pradesh,panna,Simariya,Wheat,147 Average,FAQ,1920.0,2100.0,1975.0,6/6/2023
Punjab,moga,Moga,Onion,Other,FAQ,800.0,1200.0,1000.0,6/6/2023
Punjab,jalandhar,Phillaur(Apra Mandi),Onion,Other,FAQ,1500.0,1500.0,1500.0,6/6/2023
Punjab,jalandhar,Noor Mehal,Potato,Other,FAQ,900.0,900.0,900.0,6/6/2023
Haryana,karnal,Gharaunda,Onion,Other,FAQ,1000.0,1400.0,1400.0,6/6/2023
Uttar Pradesh,saharanpur,Deoband,Onion,Red,FAQ,1000.0,1200.0,1100.0,6/6/2023
Uttar Pradesh,sitapur,Hargaon (Laharpur),Onion,Nasik,FAQ,800.0,1000.0,900.0,6/6/2023
Punjab,patiala,Patran,Onion,Other,FAQ,700.0,1000.0,810.0,6/6/2023
Uttar Pradesh,deoria,Devariya,Onion,Red,FAQ,1155.0,1175.0,1165.0,6/6/2023
Madhya Pradesh,ujjain,Ujjain,Wheat,Lokwan,FAQ,1973.0,2751.0,2275.0,6/6/2023
Uttar Pradesh,bijnor,Nagina,Onion,Red,FAQ,700.0,1300.0,1000.0,6/6/2023
Uttar Pradesh,hardoi,Sandila,Wheat,Dara,FAQ,2220.0,2300.0,2260.0,6/6/2023
Rajasthan,hanumangarh,Hanumangarh(Urlivas),Onion,1st Sort,FAQ,1600.0,1600.0,1600.0,6/6/2023
Haryana,jind,Narwana,Onion,Other,FAQ,800.0,1000.0,900.0,6/6/2023
Orissa,kendrapara,Pattamundai,Potato,Potato,FAQ,1500.0,1600.0,1600.0,6/6/2023
Madhya Pradesh,neemuch,Neemuch,Onion,Red,FAQ,475.0,751.0,600.0,6/6/2023
Madhya Pradesh,tikamgarh,Jatara,Wheat,Local,FAQ,2100.0,2150.0,2125.0,6/6/2023
Uttar Pradesh,bulandshahar,Sikarpur,Wheat,Dara,FAQ,2127.0,2140.0,2130.0,6/6/2023
Uttar Pradesh,amroha,Hasanpur,Potato,Badshah,FAQ,930.0,1020.0,950.0,6/6/2023
Punjab,ludhiana,Ludhiana,Potato,Other,FAQ,200.0,1100.0,800.0,6/6/2023
Madhya Pradesh,khandwa,Pandhana,Wheat,Lok-1,FAQ,2180.0,2301.0,2260.0,6/6/2023
Uttar Pradesh,firozabad,Sirsaganj,Wheat,Dara,FAQ,2240.0,2260.0,2250.0,6/6/2023
Rajasthan,kota,Kota (F&V),Onion,Other,FAQ,500.0,1000.0,650.0,6/6/2023
Madhya Pradesh,khargone,Sanawad,Wheat,Lokwan,FAQ,2105.0,2329.0,2280.0,6/6/2023
Maharashtra,nashik,Satana,Wheat,Other,FAQ,2000.0,2656.0,2300.0,6/6/2023
Punjab,faridkot,Kotkapura,Onion,Nasik,FAQ,900.0,1100.0,1000.0,6/6/2023
Gujarat,amreli,Savarkundla,Wheat,Lokwan,FAQ,2130.0,2515.0,2323.0,6/6/2023
Madhya Pradesh,mandsaur,Piplya,Wheat,Other,FAQ,1705.0,2420.0,2260.0,6/6/2023
Kerala,ernakulam,Perumbavoor,Potato,Potato,FAQ,1800.0,2800.0,2000.0,6/6/2023
Uttar Pradesh,rampur,Shahabad,Wheat,Other,FAQ,2130.0,2170.0,2150.0,6/6/2023
Uttar Pradesh,hardoi,Shahabad(New Mandi),Wheat,Dara,FAQ,2240.0,2320.0,2280.0,6/6/2023
Gujarat,bhavnagar,Mahuva(Station Road),Onion,Red,FAQ,320.0,1610.0,965.0,6/6/2023
Madhya Pradesh,sheopur,Sheopurbadod,Wheat,Other,FAQ,2171.0,2260.0,2216.0,6/6/2023
Maharashtra,pune,Pune(Khadiki),Onion,Local,FAQ,500.0,900.0,700.0,6/6/2023
Maharashtra,dhule,Shirpur,Wheat,Other,FAQ,2000.0,2520.0,2340.0,6/6/2023
West Bengal,alipurduar,Falakata,Onion,Other,FAQ,1500.0,1600.0,1550.0,6/6/2023
Uttar Pradesh,ghaziabad,Noida,Potato,Desi,FAQ,900.0,1160.0,1100.0,6/6/2023
Maharashtra,nashik,Manmad,Onion,Other,FAQ,200.0,1181.0,810.0,6/6/2023
Haryana,sonipat,Ganaur,Onion,Onion,FAQ,1200.0,1500.0,1200.0,6/6/2023
Gujarat,bharuch,Ankleshwar,Tomato,Tomato,FAQ,600.0,1100.0,700.0,6/6/2023
Madhya Pradesh,dhar,Manawar,Wheat,Lokwan,FAQ,2210.0,2425.0,2375.0,6/6/2023
Uttar Pradesh,bulandshahar,Divai,Onion,Red,FAQ,700.0,900.0,800.0,6/6/2023
Uttar Pradesh,firozabad,Tundla,Onion,Red,FAQ,1080.0,1125.0,1100.0,6/6/2023
West Bengal,howrah,Uluberia,Onion,Other,FAQ,1200.0,1600.0,1400.0,6/6/2023
Rajasthan,jhalawar,Khanpur,Wheat,Other,FAQ,2150.0,2426.0,2250.0,6/6/2023
Maharashtra,nagpur,Nagpur,Wheat,Sharbati,FAQ,2800.0,3000.0,2950.0,6/6/2023
Delhi,delhi,Najafgarh,Wheat,Dara,FAQ,2223.0,2410.0,2321.0,6/6/2023
Orissa,sambalpur,Kuchinda,Potato,Other,FAQ,1700.0,1800.0,1750.0,6/6/2023
Gujarat,bhavnagar,Taleja,Wheat,Kalyan,FAQ,2060.0,2935.0,2500.0,6/6/2023
Chhattisgarh,bilaspur,Tiphra,Onion,Other,FAQ,900.0,1000.0,950.0,6/6/2023
Madhya Pradesh,dhar,Kukshi,Potato,Potato,FAQ,800.0,1200.0,1000.0,6/6/2023
Uttar Pradesh,bulandshahar,Siyana,Wheat,Dara,FAQ,2160.0,2200.0,2180.0,6/6/2023
Madhya Pradesh,gwalior,Lashkar(F&V),Potato,Local,FAQ,800.0,1200.0,1000.0,6/6/2023
Uttar Pradesh,badaun,Shahaswan,Potato,Potato,FAQ,950.0,1050.0,1000.0,6/6/2023
Haryana,kurukshetra,Babain,Onion,Local,FAQ,330.0,885.0,885.0,6/6/2023
Assam,lakhimpur,Lakhimpur,Potato,Haldwani,FAQ,950.0,1030.0,980.0,6/6/2023
Madhya Pradesh,ratlam,Ratlam,Wheat,Lok-1,FAQ,2213.0,2880.0,2445.0,6/6/2023
Gujarat,rajkot,Rajkot,Wheat,Lokwan,FAQ,2085.0,2290.0,2205.0,6/6/2023
Himachal Pradesh,kullu,Kullu,Potato,Other,FAQ,1500.0,2000.0,1800.0,6/6/2023
Meghalaya,east khasi hills,Shillong,Potato,Local,FAQ,1500.0,1700.0,1600.0,6/6/2023
Kerala,idukki,Thodupuzha,Onion,Big,FAQ,1600.0,1650.0,1650.0,6/6/2023
Madhya Pradesh,ujjain,Badnagar,Wheat,Lokwan,FAQ,2010.0,2711.0,2422.0,6/6/2023
Rajasthan,udaipur,Fatehnagar,Wheat,Local,FAQ,2185.0,2241.0,2224.0,6/6/2023
Kerala,kottayam,Thalayolaparambu,Potato,Other,FAQ,2200.0,2700.0,2500.0,6/6/2023
Maharashtra,sholapur,Dudhani,Wheat,Maharashtra 2189,FAQ,2100.0,3405.0,3000.0,6/6/2023
Uttrakhand,champawat,Tanakpur,Potato,Other,FAQ,1200.0,1200.0,1200.0,6/6/2023
Uttar Pradesh,lalitpur,Mehrauni,Wheat,147 Average,FAQ,2125.0,2200.0,2200.0,6/6/2023
Himachal Pradesh,una,Una,Onion,Onion,FAQ,1300.0,1600.0,1450.0,6/6/2023
Andhra Pradesh,medak,Siddipet(Rythu Bazar),Onion,1st Sort,FAQ,1400.0,2200.0,1800.0,6/6/2023
Maharashtra,jalgaon,Chopada,Wheat,Other,FAQ,2252.0,2432.0,2257.0,6/6/2023
Madhya Pradesh,rajgarh,Chhapiheda,Wheat,147 Average,FAQ,1990.0,2150.0,2050.0,6/6/2023
Uttar Pradesh,firozabad,Sirsaganj,Onion,Red,FAQ,830.0,1030.0,930.0,6/6/2023
Uttar Pradesh,bijnor,Chaandpur,Onion,Red,FAQ,1200.0,1300.0,1250.0,6/6/2023
Maharashtra,pune,Khed(Chakan),Potato,Other,FAQ,1200.0,1800.0,1500.0,6/6/2023
Rajasthan,churu,Sujangarh,Onion,1st Sort,FAQ,900.0,1100.0,1000.0,6/6/2023
Uttar Pradesh,aligarh,Khair,Potato,Desi,FAQ,880.0,960.0,920.0,6/6/2023
Rajasthan,jhalawar,Bhawani Mandi,Wheat,Other,FAQ,2100.0,2300.0,2200.0,6/6/2023
Rajasthan,chittorgarh,Begu,Wheat,Other,FAQ,1950.0,2160.0,2130.0,6/6/2023
Madhya Pradesh,neemuch,Manasa,Wheat,Other,FAQ,2100.0,2499.0,2299.0,6/6/2023
Madhya Pradesh,sagar,Rahatgarh,Wheat,Other,FAQ,2190.0,2210.0,2200.0,6/6/2023
Madhya Pradesh,tikamgarh,Tikamgarh,Wheat,Other,FAQ,2200.0,2290.0,2265.0,6/6/2023
Uttar Pradesh,unnao,Purwa,Wheat,Dara,FAQ,2100.0,2200.0,2165.0,6/6/2023
Uttar Pradesh,banda,Banda,Onion,Red,FAQ,910.0,1025.0,970.0,6/6/2023
Uttar Pradesh,bulandshahar,Gulavati,Onion,Other,FAQ,1900.0,2100.0,2000.0,6/6/2023
Madhya Pradesh,harda,Timarni,Wheat,Mill Quality,FAQ,2150.0,2310.0,2295.0,6/6/2023
Madhya Pradesh,dhar,Dhamnod,Onion,Red,FAQ,500.0,800.0,700.0,6/6/2023
Madhya Pradesh,panna,Devandranagar,Wheat,Other,FAQ,2140.0,2240.0,2225.0,6/6/2023
Uttar Pradesh,ballia,Vilthararoad,Onion,Other,FAQ,1300.0,1400.0,1350.0,6/6/2023
Madhya Pradesh,dewas,Dewas,Wheat,Other,FAQ,1920.0,2680.0,2060.0,6/6/2023
Maharashtra,amarawati,Dhamngaon-Railway,Wheat,Other,FAQ,2100.0,2400.0,2250.0,6/6/2023
Punjab,sangrur,Dhuri,Onion,Other,FAQ,1000.0,1250.0,1200.0,6/6/2023
Himachal Pradesh,hamirpur,Hamirpur,Onion,Other,FAQ,1800.0,2000.0,1900.0,6/6/2023
Madhya Pradesh,shivpuri,Pichhour,Wheat,Other,FAQ,2140.0,2175.0,2157.0,6/6/2023
Karnataka,bangalore,Doddaballa Pur,Onion,Onion,FAQ,1400.0,2000.0,1700.0,6/6/2023
Uttar Pradesh,sonbhadra,Dudhi,Onion,Onion,FAQ,800.0,0.0,900.0,6/6/2023
Rajasthan,pratapgarh,Pratapgarh,Wheat,Other,FAQ,2207.0,2541.0,2290.0,6/6/2023
Maharashtra,ahmednagar,Shevgaon(Bodhegaon),Wheat,Maharashtra 2189,FAQ,2200.0,2300.0,2200.0,6/6/2023
Uttar Pradesh,gonda,Nawabganj,Potato,Desi,FAQ,1020.0,1080.0,1050.0,6/6/2023
Uttar Pradesh,pratapgarh,Pratapgarh,Wheat,Other,FAQ,2207.0,2541.0,2290.0,6/6/2023
Madhya Pradesh,rajgarh,Narsinghgarh,Potato,Other,FAQ,600.0,1400.0,700.0,6/6/2023
Madhya Pradesh,dewas,Dewas(F&V),Onion,Other,FAQ,500.0,1400.0,1000.0,6/6/2023
Maharashtra,nandurbar,Shahada,Wheat,Other,FAQ,2300.0,2450.0,2401.0,6/6/2023
Madhya Pradesh,raisen,Obedullaganj,Wheat,Lokwan,FAQ,1975.0,2300.0,2125.0,6/6/2023
Uttar Pradesh,ghaziabad,Noida,Wheat,Dara,FAQ,2050.0,2300.0,2250.0,6/6/2023
Bihar,supaul,Birpur,Onion,Hybrid,FAQ,1800.0,2000.0,1900.0,6/6/2023
Karnataka,bangalore,Bangalore,Onion,Bangalore-Samall,FAQ,300.0,600.0,500.0,6/6/2023
Haryana,rewari,Kosli,Potato,Other,FAQ,700.0,1000.0,800.0,6/6/2023
Maharashtra,beed,Kille Dharur,Wheat,Other,FAQ,2050.0,3200.0,3200.0,6/6/2023
Haryana,ambala,Barara,Onion,Other,FAQ,900.0,1000.0,900.0,6/6/2023
Orissa,bargarh,Bargarh,Onion,Other,FAQ,1500.0,1700.0,1600.0,6/6/2023
Gujarat,bhavnagar,Palitana,Wheat,Hybrid,FAQ,2060.0,2335.0,2195.0,6/6/2023
Maharashtra,jalgaon,Bhusaval,Onion,Red,FAQ,500.0,500.0,500.0,6/6/2023
Madhya Pradesh,vidisha,Vidisha,Wheat,Other,FAQ,2000.0,3160.0,2340.0,6/6/2023
Uttar Pradesh,ballia,Vilthararoad,Wheat,Dara,FAQ,2125.0,2300.0,2200.0,6/6/2023
Madhya Pradesh,satna,Mehar,Wheat,Local,FAQ,2230.0,2300.0,2265.0,6/6/2023
West Bengal,bankura,Khatra,Potato,Jyoti,FAQ,1200.0,1250.0,1230.0,6/6/2023
Nagaland,kohima,Jalukie,Onion,1st Sort,FAQ,10500.0,10700.0,10600.0,6/6/2023
Madhya Pradesh,shajapur,Nalkehda,Wheat,Other,FAQ,2000.0,2223.0,2155.0,6/6/2023
Uttar Pradesh,meerut,Meerut,Wheat,Dara,FAQ,2200.0,2425.0,2310.0,6/6/2023
Punjab,hoshiarpur,Garh Shankar(Mahalpur),Potato,Potato,FAQ,700.0,900.0,800.0,6/6/2023
Uttar Pradesh,ballia,Chitwadagaon,Onion,Red,FAQ,1045.0,1170.0,1100.0,6/6/2023
Madhya Pradesh,sagar,Deori,Onion,Onion,FAQ,410.0,525.0,460.0,6/6/2023
Uttar Pradesh,sambhal,Muradabad,Potato,Desi,FAQ,910.0,950.0,930.0,6/6/2023
Uttar Pradesh,jhansi,Moth,Wheat,Dara,FAQ,2150.0,2250.0,2200.0,6/6/2023
Rajasthan,hanumangarh,Hanumangarh,Onion,1st Sort,FAQ,1600.0,1600.0,1600.0,6/6/2023
Madhya Pradesh,jabalpur,Shahpura(Jabalpur),Wheat,Other,FAQ,2155.0,2250.0,2235.0,6/6/2023
Haryana,yamuna nagar,Jagadhri,Tomato,Other,FAQ,300.0,700.0,700.0,6/6/2023
Gujarat,patan,Siddhpur,Wheat,Hybrid,FAQ,2155.0,2400.0,2277.0,6/6/2023
Madhya Pradesh,mandsaur,Sitmau,Wheat,Other,FAQ,2000.0,2494.0,2247.0,6/6/2023
 Punjab,fazilka,Fazilka,Tomato,Other,FAQ,500.0,900.0,600.0,6/6/2023
Kerala,alappuzha,Kayamkulam,Potato,Other,FAQ,2800.0,3000.0,2900.0,6/6/2023
Uttar Pradesh,agra,Fatehpur Sikri,Potato,Local,FAQ,700.0,950.0,850.0,6/6/2023
Himachal Pradesh,hamirpur,Raath,Onion,Red,FAQ,920.0,1000.0,965.0,6/6/2023
Madhya Pradesh,sheopur,Sheopurkalan,Wheat,Other,FAQ,2051.0,2275.0,2210.0,6/6/2023
Maharashtra,sangli,Tasgaon,Wheat,Other,FAQ,2560.0,2740.0,2630.0,6/6/2023
Madhya Pradesh,seoni,Keolari,Wheat,Local,FAQ,2000.0,2225.0,2112.0,6/6/2023
Uttar Pradesh,jhansi,Jhansi,Potato,Desi,FAQ,975.0,1050.0,1025.0,6/6/2023
Uttar Pradesh,rampur,Milak,Onion,Red,FAQ,1080.0,1170.0,1120.0,6/6/2023
Uttar Pradesh,bulandshahar,Jahangirabad,Onion,Red,FAQ,1022.0,1230.0,1125.0,6/6/2023
Andhra Pradesh,hyderabad,Erragadda(Rythu Bazar),Tomato,Deshi,FAQ,3300.0,3300.0,3300.0,6/6/2023
Uttar Pradesh,jaunpur,Mugrabaadshahpur,Onion,Red,FAQ,1045.0,1245.0,1145.0,6/6/2023
Madhya Pradesh,dewas,Haatpipliya,Tomato,Tomato,FAQ,1000.0,1200.0,1100.0,6/6/2023
Orissa,kendrapara,Gopa,Tomato,Tomato,FAQ,2500.0,3000.0,3000.0,6/6/2023
Madhya Pradesh,satna,Satna,Wheat,Other,FAQ,2161.0,2580.0,2270.0,6/6/2023
West Bengal,north 24 parganas,Habra,Tomato,Other,FAQ,1600.0,1825.0,1600.0,6/6/2023
Madhya Pradesh,sagar,Sagar,Wheat,Other,FAQ,2150.0,3200.0,2290.0,6/6/2023
Uttar Pradesh,bahraich,Bahraich,Tomato,Hybrid,FAQ,1450.0,1620.0,1560.0,6/6/2023
Uttar Pradesh,bulandshahar,Divai,Potato,F.A.Q.,FAQ,400.0,600.0,500.0,6/6/2023
Uttar Pradesh,auraiya,Auraiya,Potato,Desi,FAQ,850.0,950.0,900.0,6/6/2023
Punjab,moga,Dharamkot,Onion,Other,FAQ,1300.0,1900.0,1900.0,6/6/2023
Jammu and Kashmir,anantnag,Ashahipora (Anantnagh),Potato,Local,FAQ,1700.0,1800.0,1750.0,6/6/2023
Madhya Pradesh,ujjain,Ujjain(F&V),Onion,Onion,FAQ,200.0,1112.0,615.0,6/6/2023
West Bengal,paschim bardhaman,Asansol,Potato,Jyoti,FAQ,1300.0,1460.0,1400.0,6/6/2023
Uttar Pradesh,hardoi,Hardoi,Tomato,Hybrid,FAQ,950.0,1000.0,975.0,6/6/2023
Maharashtra,nagpur,Savner,Wheat,Other,FAQ,2290.0,2488.0,2300.0,6/6/2023
Maharashtra,pune,Pune(Manjri),Onion,Local,FAQ,500.0,800.0,700.0,6/6/2023
Madhya Pradesh,datia,Sevda,Wheat,Mill Quality,FAQ,2176.0,2281.0,2260.0,6/6/2023
Himachal Pradesh,hamirpur,Hamirpur,Tomato,Other,FAQ,1800.0,2200.0,2000.0,6/6/2023
Uttar Pradesh,fatehpur,Khaga,Potato,Desi,FAQ,700.0,900.0,800.0,6/6/2023
Maharashtra,pune,Pune(Moshi),Onion,Local,FAQ,200.0,1000.0,600.0,6/6/2023
Gujarat,ahmedabad,Ahmedabad(Chimanbhai Patal Market Vasana),Onion,Nasik,FAQ,700.0,1300.0,1050.0,6/6/2023
Orissa,keonjhar,Keonjhar(Dhekikote),Potato,Other,FAQ,1800.0,2000.0,2000.0,6/6/2023
Karnataka,bangalore,Doddaballa Pur,Tomato,Tomato,FAQ,1000.0,1600.0,1300.0,6/6/2023
Haryana,yamuna nagar,Jagadhri,Onion,Other,FAQ,900.0,1200.0,1200.0,6/6/2023
Uttar Pradesh,bulandshahar,Divai,Tomato,Deshi,FAQ,900.0,1000.0,950.0,6/6/2023
 Punjab,fazilka,Jalalabad,Potato,Other,FAQ,1000.0,1000.0,1000.0,6/6/2023
Haryana,fatehabad,Fatehabad,Tomato,Other,FAQ,700.0,700.0,700.0,6/6/2023
West Bengal,nadia,Nadia,Onion,Other,FAQ,1300.0,1500.0,1350.0,6/6/2023
Haryana,sirsa,Ellanabad,Tomato,Tomato,FAQ,200.0,400.0,250.0,6/6/2023
Madhya Pradesh,ujjain,Tarana,Wheat,147 Average,FAQ,1876.0,2645.0,2215.0,6/6/2023
Madhya Pradesh,dhar,Gandhwani,Wheat,Other,FAQ,2200.0,2350.0,2300.0,6/6/2023
Chattisgarh,durg,Durg,Tomato,Tomato,FAQ,3000.0,3200.0,3100.0,6/6/2023
Uttar Pradesh,jhansi,Gurusarai,Potato,Desi,FAQ,1000.0,1085.0,1040.0,6/6/2023
Kerala,kottayam,Pampady,Onion,Big,FAQ,1800.0,2200.0,2000.0,6/6/2023
Uttar Pradesh,ghaziabad,Noida,Onion,Red,FAQ,800.0,1300.0,1200.0,6/6/2023
Uttar Pradesh,fatehpur,Bindki,Tomato,Hybrid,FAQ,840.0,920.0,890.0,6/6/2023
West Bengal,north 24 parganas,Habra,Potato,Other,FAQ,1520.0,1560.0,1520.0,6/6/2023
Chandigarh,chandigarh,Chandigarh(Grain/Fruit),Tomato,Other,FAQ,320.0,1000.0,800.0,6/6/2023
Punjab,ludhiana,Khanna,Onion,Other,FAQ,500.0,1000.0,700.0,6/6/2023
Uttar Pradesh,sitapur,Viswan,Wheat,Dara,FAQ,2250.0,2310.0,2280.0,6/6/2023
Haryana,sonipat,Gohana,Potato,Other,FAQ,1000.0,1100.0,1000.0,6/6/2023
Madhya Pradesh,khandwa,Khandwa(F&V),Potato,Potato,FAQ,500.0,1200.0,600.0,6/6/2023
Punjab,ludhiana,Khanna,Potato,Other,FAQ,200.0,600.0,400.0,6/6/2023
Uttar Pradesh,muzaffarnagar,Muzzafarnagar,Onion,Red,FAQ,1050.0,1200.0,1130.0,6/6/2023
Rajasthan,hanumangarh,Sangriya,Wheat,Other,FAQ,2185.0,2234.0,2192.0,6/6/2023
Madhya Pradesh,dewas,Sonkatch,Wheat,Other,FAQ,1901.0,2401.0,2150.0,6/6/2023
Haryana,yamuna nagar,Chhachrauli,Tomato,Tomato,FAQ,500.0,800.0,500.0,6/6/2023
Uttar Pradesh,gorakhpur,Gorakhpur,Tomato,Hybrid,FAQ,1000.0,1200.0,1125.0,6/6/2023
Assam,lakhimpur,Lakhimpur,Wheat,Dara,FAQ,2185.0,2350.0,2290.0,6/6/2023
Uttar Pradesh,auraiya,Dibiapur,Tomato,Hybrid,FAQ,800.0,1000.0,900.0,6/6/2023
Maharashtra,nashik,Lasalgaon,Wheat,Maharashtra 2189,FAQ,2200.0,2761.0,2340.0,6/6/2023
West Bengal,jalpaiguri,Dhupguri,Tomato,Other,FAQ,1200.0,1400.0,1300.0,6/6/2023
Maharashtra,wardha,Wardha,Wheat,Other,FAQ,2275.0,2390.0,2300.0,6/6/2023
Uttar Pradesh,amroha,Dhanaura,Wheat,Dara,FAQ,2125.0,2150.0,2135.0,6/6/2023
Uttar Pradesh,bulandshahar,Gulavati,Potato,Other,FAQ,650.0,750.0,700.0,6/6/2023
Punjab,hoshiarpur,Garh Shankar,Tomato,Local,FAQ,500.0,800.0,600.0,6/6/2023
Madhya Pradesh,dewas,Dewas(F&V),Tomato,Other,FAQ,300.0,1100.0,700.0,6/6/2023
Madhya Pradesh,sagar,Deori,Tomato,Tomato,FAQ,750.0,925.0,800.0,6/6/2023
Uttar Pradesh,saharanpur,Deoband,Tomato,Deshi,FAQ,700.0,900.0,800.0,6/6/2023
Rajasthan,sikar,Sikar,Onion,1st Sort,FAQ,350.0,1000.0,480.0,6/6/2023
Haryana,yamuna nagar,Chhachrauli,Onion,Onion,FAQ,1300.0,1400.0,1300.0,6/6/2023
 Punjab,fazilka,Fazilka,Onion,Other,FAQ,1200.0,1500.0,1400.0,6/6/2023
Madhya Pradesh,jabalpur,Sihora,Wheat,Mill Quality,FAQ,2173.0,2290.0,2275.0,6/6/2023
Madhya Pradesh,raisen,Silvani,Wheat,147 Average,FAQ,2100.0,2250.0,2240.0,6/6/2023
Haryana,fatehabad,Fatehabad,Onion,Other,FAQ,1200.0,1200.0,1200.0,6/6/2023
Uttar Pradesh,muzaffarnagar,Muzzafarnagar,Wheat,Dara,FAQ,2160.0,2300.0,2230.0,6/6/2023
West Bengal,jalpaiguri,Dhupguri,Potato,Jyoti,FAQ,1100.0,1200.0,1150.0,6/6/2023
Uttar Pradesh,prayagraj,Jasra,Tomato,Deshi,FAQ,830.0,975.0,900.0,6/6/2023
Uttar Pradesh,fatehpur,Khaga,Tomato,Hybrid,FAQ,700.0,900.0,800.0,6/6/2023
Madhya Pradesh,ujjain,Nagda,Wheat,Other,FAQ,2075.0,2641.0,2358.0,6/6/2023
Delhi,delhi,Najafgarh,Wheat,Deshi,FAQ,2640.0,2665.0,2640.0,6/6/2023
Orissa,koraput,Koraput,Tomato,Other,FAQ,2400.0,2600.0,2500.0,6/6/2023
Uttar Pradesh,jhansi,Chirgaon,Potato,Desi,FAQ,1000.0,1080.0,1040.0,6/6/2023
Maharashtra,nashik,Dindori(Vani),Onion,Other,FAQ,500.0,1575.0,850.0,6/6/2023
Haryana,panchkula,Barwala,Potato,Other,FAQ,600.0,600.0,600.0,6/6/2023
Uttar Pradesh,bijnor,Bijnaur,Potato,Desi,FAQ,865.0,965.0,915.0,6/6/2023
Nagaland,kiphire,Kipheri,Tomato,Local,FAQ,3100.0,3400.0,3200.0,6/6/2023
Orissa,nuapada,Khariar Road,Tomato,Other,FAQ,3000.0,3100.0,3000.0,6/6/2023
Punjab,nawanshahr,Nawanshahar,Wheat,Medium,FAQ,2130.0,2130.0,2130.0,6/6/2023
Uttar Pradesh,sonbhadra,Robertsganj,Onion,Red,FAQ,1045.0,1200.0,1120.0,6/6/2023
Orissa,keonjhar,Keonjhar(Dhekikote),Tomato,Other,FAQ,2200.0,2200.0,2200.0,6/6/2023
Punjab,sangrur,Lehra Gaga,Onion,Other,FAQ,1000.0,1100.0,1100.0,6/6/2023
Gujarat,gandhinagar,Dehgam,Wheat,Other,FAQ,2225.0,2375.0,2300.0,6/6/2023
Gujarat,gandhinagar,Dehgam(Rekhiyal),Wheat,Other,FAQ,2150.0,2250.0,2220.0,6/6/2023
Maharashtra,nandurbar,Nandurbar,Wheat,Other,FAQ,1941.0,2711.0,2325.0,6/6/2023
Himachal Pradesh,hamirpur,Muskara,Wheat,Dara,FAQ,2125.0,2210.0,2200.0,6/6/2023
Madhya Pradesh,mandsaur,Daloda,Wheat,Mill Quality,FAQ,1700.0,2574.0,2220.0,6/6/2023
Madhya Pradesh,gwalior,Dabra,Wheat,Other,FAQ,2200.0,2355.0,2272.0,6/6/2023
Uttar Pradesh,agra,Jagnair,Tomato,Deshi,FAQ,800.0,900.0,850.0,6/6/2023
Gujarat,surendranagar,Chotila,Wheat,Local,FAQ,2000.0,2800.0,2400.0,6/6/2023
Uttar Pradesh,bijnor,Kiratpur,Tomato,Deshi,FAQ,800.0,900.0,850.0,6/6/2023
Punjab,patiala,Nabha,Potato,Other,FAQ,700.0,1200.0,900.0,6/6/2023
Himachal Pradesh,hamirpur,Hamirpur(Nadaun),Onion,Other,FAQ,1800.0,2000.0,1900.0,6/6/2023
Andhra Pradesh,warangal,Hanmarkonda(Rythu Bazar),Onion,Big,FAQ,1800.0,2200.0,2000.0,6/6/2023
Madhya Pradesh,indore,Mhow,Wheat,Other,FAQ,2070.0,2285.0,2269.0,6/6/2023
Madhya Pradesh,bhopal,Bhopal(F&V),Potato,Other,FAQ,500.0,1000.0,700.0,6/6/2023
Uttar Pradesh,badaun,Wazirganj,Onion,Red,FAQ,1090.0,1190.0,1140.0,6/6/2023
Punjab,ludhiana,Machhiwara,Tomato,Other,FAQ,600.0,1000.0,800.0,6/6/2023
Maharashtra,jalgaon,Bhusaval,Potato,Other,FAQ,2000.0,2000.0,2000.0,6/6/2023
Madhya Pradesh,gwalior,Lashkar(F&V),Tomato,Local,FAQ,1100.0,1300.0,1200.0,6/6/2023
Punjab,muktsar,Malout,Potato,Potato,FAQ,700.0,900.0,800.0,6/6/2023
Madhya Pradesh,chhindwara,Chhindwara,Wheat,Local,FAQ,1900.0,2670.0,2365.0,6/6/2023
Uttar Pradesh,aligarh,Charra,Potato,Desi,FAQ,850.0,950.0,910.0,6/6/2023
Karnataka,bellary,Hospet,Tomato,Tomato,FAQ,700.0,1000.0,800.0,6/6/2023
Rajasthan,jhalawar,Choumahla,Wheat,Other,FAQ,2060.0,2360.0,2210.0,6/6/2023
Uttar Pradesh,maharajganj,Gadaura,Tomato,Hybrid,FAQ,600.0,800.0,700.0,6/6/2023
Punjab,hoshiarpur,Dasuya,Potato,Other,FAQ,1000.0,1400.0,1200.0,6/6/2023
Maharashtra,thane,Palghar,Wheat,Other,FAQ,3325.0,3325.0,3325.0,6/6/2023
Punjab,hoshiarpur,Tanda Urmur,Onion,Other,FAQ,1400.0,1600.0,1500.0,6/6/2023
Madhya Pradesh,jabalpur,Jabalpur(F&V),Tomato,Deshi,FAQ,1000.0,1400.0,1200.0,6/6/2023
Andhra Pradesh,hyderabad,L B Nagar,Potato,(Red Nanital),FAQ,1500.0,1700.0,1600.0,6/6/2023
Rajasthan,tonk,Deoli,Wheat,Other,FAQ,2180.0,2450.0,2315.0,6/6/2023
Kerala,idukki,Thodupuzha,Onion,Small,FAQ,6500.0,7000.0,7000.0,6/6/2023
Madhya Pradesh,harda,Timarni,Onion,Onion,FAQ,800.0,800.0,800.0,6/6/2023
Orissa,ganjam,Hinjilicut,Tomato,Other,FAQ,2500.0,4000.0,3000.0,6/6/2023
Chattisgarh,rajnandgaon,Rajnandgaon,Wheat,Deshi,FAQ,2263.0,2348.0,2305.0,6/6/2023
Gujarat,sabarkantha,Himatnagar,Wheat,Sonalika,FAQ,2250.0,2575.0,2413.0,6/6/2023
Madhya Pradesh,hoshangabad,Itarsi,Wheat,Mill Quality,FAQ,2075.0,2350.0,2285.0,6/6/2023
Madhya Pradesh,shajapur,Shajapur(F&V),Onion,Other,FAQ,200.0,1235.0,625.0,6/6/2023
Madhya Pradesh,ratlam,Sailana,Wheat,Other,FAQ,1950.0,2841.0,2100.0,6/6/2023
Haryana,palwal,Hassanpur,Tomato,Tomato,FAQ,500.0,800.0,650.0,6/6/2023
Uttar Pradesh,ghaziabad,Hapur,Tomato,Deshi,FAQ,700.0,800.0,750.0,6/6/2023
Madhya Pradesh,ratlam,Jaora,Onion,Medium,FAQ,525.0,1013.0,600.0,6/6/2023
Uttar Pradesh,hardoi,Sandi,Wheat,Dara,FAQ,2200.0,2300.0,2250.0,6/6/2023
Uttar Pradesh,amroha,Dhanaura,Potato,Desi,FAQ,800.0,900.0,850.0,6/6/2023
Himachal Pradesh,mandi,Dhanotu (Mandi),Potato,Other,FAQ,800.0,1500.0,1150.0,6/6/2023
Haryana,fatehabad,Jakhal,Onion,Other,FAQ,1100.0,1100.0,1100.0,6/6/2023
Uttar Pradesh,banda,Baberu,Potato,Desi,FAQ,1010.0,1150.0,1075.0,6/6/2023
Punjab,jalandhar,Jalandhar City(Jalandhar),Tomato,Other,FAQ,100.0,300.0,200.0,6/6/2023
Nagaland,kohima,Jalukie,Tomato,Tomato,FAQ,8000.0,8300.0,8200.0,6/6/2023
Jammu and Kashmir,anantnag,Kulgam,Onion,Red,FAQ,1750.0,2000.0,1900.0,6/6/2023
Punjab,faridkot,Faridkot,Tomato,Tomato,FAQ,200.0,350.0,250.0,6/6/2023
Uttar Pradesh,etawah,Etawah,Tomato,Hybrid,FAQ,680.0,880.0,780.0,6/6/2023
Kerala,ernakulam,Piravam,Onion,Big,FAQ,1500.0,2200.0,2000.0,6/6/2023
Kerala,alappuzha,Chengannur,Potato,Other,FAQ,2400.0,2700.0,2600.0,6/6/2023
Uttar Pradesh,ballia,Chitwadagaon,Potato,Other,FAQ,850.0,980.0,910.0,6/6/2023
Uttar Pradesh,mahoba,Mahoba,Potato,Local,FAQ,1030.0,1130.0,1085.0,6/6/2023
Maharashtra,pune,Junnar(Narayangaon),Tomato,Local,FAQ,500.0,1500.0,1000.0,6/6/2023
Gujarat,porbandar,Porbandar,Onion,Other,FAQ,1000.0,1500.0,1250.0,6/6/2023
Madhya Pradesh,khargone,Sanawad,Onion,1st Sort,FAQ,800.0,1000.0,900.0,6/6/2023
Uttar Pradesh,baghpat,Baraut,Potato,Chips,FAQ,900.0,1000.0,950.0,6/6/2023
Madhya Pradesh,shivpuri,Pohari,Wheat,Mill Quality,FAQ,2145.0,2200.0,2190.0,6/6/2023
Maharashtra,nagpur,Ramtek,Onion,Other,FAQ,1000.0,1400.0,1200.0,6/6/2023
Madhya Pradesh,khargone,Khargone,Tomato,Deshi,FAQ,500.0,700.0,600.0,6/6/2023
Kerala,alappuzha,Kayamkulam,Tomato,Other,FAQ,4200.0,4400.0,4300.0,6/6/2023
Uttar Pradesh,shravasti,Payagpur,Onion,Red,FAQ,800.0,1000.0,900.0,6/6/2023
Rajasthan,ajmer,Madanganj Kishangarh,Potato,(Red Nanital),FAQ,800.0,1000.0,900.0,6/6/2023
Maharashtra,jalgaon,Jalgaon,Tomato,Other,FAQ,500.0,1500.0,1000.0,6/6/2023
Madhya Pradesh,seoni,Chhpara,Wheat,Other,FAQ,2050.0,2215.0,2100.0,6/6/2023
Uttar Pradesh,jhansi,Gurusarai,Tomato,Local,FAQ,940.0,1015.0,985.0,6/6/2023
Maharashtra,nashik,Ghoti,Tomato,Other,FAQ,900.0,1000.0,950.0,6/6/2023
Rajasthan,bikaner,Bikaner (Grain),Wheat,Other,FAQ,2202.0,2542.0,2372.0,6/6/2023
Haryana,faridabad,Ballabhgarh,Tomato,Other,FAQ,700.0,900.0,800.0,6/6/2023
Gujarat,gandhinagar,Mansa,Wheat,Medium,FAQ,2125.0,2250.0,2225.0,6/6/2023
Madhya Pradesh,vidisha,Lateri,Wheat,Mill Quality,FAQ,2000.0,2105.0,2050.0,6/6/2023
Uttar Pradesh,chandauli,Chandoli,Potato,Desi,FAQ,900.0,1025.0,960.0,6/6/2023
Madhya Pradesh,dewas,Loharda,Wheat,Lokwan,FAQ,2243.0,2749.0,2360.0,6/6/2023
Maharashtra,satara,Satara,Potato,Other,FAQ,1300.0,1600.0,1450.0,6/6/2023
Karnataka,bidar,Bidar,Wheat,Red,FAQ,2100.0,3300.0,3000.0,6/6/2023
Karnataka,bagalkot,Bagalakot,Onion,Onion,FAQ,400.0,1300.0,800.0,6/6/2023
Maharashtra,ahmednagar,Rahata,Onion,Other,FAQ,200.0,1400.0,950.0,6/6/2023
Punjab,sangrur,Sangrur,Potato,Desi,FAQ,600.0,700.0,650.0,6/6/2023
Madhya Pradesh,dhar,Dhar,Wheat,Lokwan,FAQ,2160.0,2722.0,2440.0,6/6/2023
Kerala,ernakulam,Angamaly,Tomato,Tomato,FAQ,4000.0,5000.0,4500.0,6/6/2023
Uttar Pradesh,maharajganj,Anandnagar,Tomato,Local,FAQ,970.0,1125.0,1050.0,6/6/2023
Uttar Pradesh,deoria,Barhaj,Tomato,Hybrid,FAQ,1080.0,1100.0,1090.0,6/6/2023
Chattisgarh,rajnandgaon,Rajnandgaon,Onion,Onion,FAQ,800.0,1200.0,1000.0,6/6/2023
Jammu and Kashmir,anantnag,Ashahipora (Anantnagh),Tomato,Other,FAQ,1400.0,1600.0,1500.0,6/6/2023
Kerala,alappuzha,Harippad,Onion,Other,FAQ,6000.0,6500.0,6000.0,6/6/2023
Uttar Pradesh,aligarh,Aligarh,Potato,Desi,FAQ,850.0,1000.0,930.0,6/6/2023
Maharashtra,nanded,Bhokar,Wheat,Other,FAQ,1800.0,2451.0,2125.0,6/6/2023
Andhra Pradesh,kurnool,Pattikonda,Onion,Local,FAQ,1000.0,2000.0,1500.0,6/6/2023
Himachal Pradesh,chamba,Chamba,Tomato,Other,FAQ,1200.0,1400.0,1300.0,6/6/2023
Orissa,dhenkanal,Kamakhyanagar,Onion,Onion,FAQ,1900.0,2200.0,2000.0,6/6/2023
Himachal Pradesh,hamirpur,Bharuasumerpur,Wheat,Dara,FAQ,2125.0,2200.0,2150.0,6/6/2023
Uttar Pradesh,balrampur,Balrampur,Tomato,Deshi,FAQ,1250.0,1460.0,1350.0,6/6/2023
Madhya Pradesh,dhar,Kukshi,Wheat,Other,FAQ,2195.0,2375.0,2345.0,6/6/2023
Rajasthan,hanumangarh,Hanumangarh Town,Potato,(Red Nanital),FAQ,800.0,800.0,800.0,6/6/2023
Andhra Pradesh,warangal,Hanmarkonda(Rythu Bazar),Potato,Potato,FAQ,2200.0,2500.0,2400.0,6/6/2023
Uttar Pradesh,banda,Banda,Tomato,Hybrid,FAQ,1000.0,1110.0,1050.0,6/6/2023
Madhya Pradesh,indore,Indore(F&V),Onion,Onion,FAQ,223.0,1268.0,800.0,6/6/2023
Orissa,bargarh,Bargarh(Barapalli),Tomato,Other,FAQ,1200.0,1400.0,1300.0,6/6/2023
Punjab,ludhiana,Machhiwara,Onion,Other,FAQ,1200.0,1600.0,1400.0,6/6/2023
Orissa,ganjam,Hinjilicut,Onion,Other,FAQ,1500.0,2000.0,2000.0,6/6/2023
Madhya Pradesh,mandla,Bichhiya,Wheat,Medium,FAQ,1900.0,2130.0,2000.0,6/6/2023
Madhya Pradesh,sagar,Bina,Wheat,MP(Desi),FAQ,2100.0,2250.0,2175.0,6/6/2023
Gujarat,navsari,Bilimora,Tomato,Other,FAQ,1000.0,1400.0,1200.0,6/6/2023
West Bengal,hooghly,Kalipur,Potato,Jyoti,FAQ,1300.0,1340.0,1320.0,6/6/2023
Gujarat,jamnagar,Dhrol,Wheat,Other,FAQ,1865.0,2280.0,2075.0,6/6/2023
Uttar Pradesh,amroha,Amroha,Tomato,Deshi,FAQ,650.0,770.0,720.0,6/6/2023
Kerala,ernakulam,Aluva,Tomato,Tomato,FAQ,2800.0,4000.0,3400.0,6/6/2023
Uttar Pradesh,bulandshahar,Buland Shahr,Wheat,Dara,FAQ,2300.0,2340.0,2325.0,6/6/2023
Punjab,moga,Baghapurana,Tomato,Tomato,FAQ,500.0,700.0,600.0,6/6/2023
West Bengal,north 24 parganas,Barasat,Tomato,Other,FAQ,3000.0,3000.0,3000.0,6/6/2023
Rajasthan,dausa,Mandawari,Wheat,Other,FAQ,2140.0,2250.0,2220.0,6/6/2023
Haryana,sonipat,Ganaur,Potato,Potato,FAQ,1000.0,1200.0,1000.0,6/6/2023
Uttar Pradesh,jhansi,Mauranipur,Wheat,Dara,FAQ,2125.0,2300.0,2250.0,6/6/2023
Kerala,malappuram,Manjeri,Onion,Other,FAQ,1600.0,1700.0,1650.0,6/6/2023
Maharashtra,beed,Gevrai,Wheat,Other,FAQ,2250.0,2600.0,2350.0,6/6/2023
West Bengal,paschim bardhaman,Asansol,Tomato,Hybrid,FAQ,2200.0,2400.0,2300.0,6/6/2023
West Bengal,nadia,Bethuadahari,Potato,F.A.Q.,FAQ,1470.0,1500.0,1490.0,6/6/2023
Uttar Pradesh,gorakhpur,Gorakhpur,Wheat,Dara,FAQ,2240.0,2260.0,2250.0,6/6/2023
Madhya Pradesh,sagar,Sagar(F&V),Onion,Other,FAQ,600.0,800.0,700.0,6/6/2023
Uttar Pradesh,hardoi,Hardoi,Onion,Pusa-Red,FAQ,1075.0,1150.0,1120.0,6/6/2023
Gujarat,porbandar,Porbandar,Wheat,Lokwan,FAQ,2000.0,2075.0,2040.0,6/6/2023
Uttar Pradesh,ambedkarnagar,Akbarpur,Tomato,Hybrid,FAQ,1750.0,1820.0,1790.0,6/6/2023
Uttar Pradesh,prayagraj,Ajuha,Tomato,Deshi,FAQ,780.0,920.0,850.0,6/6/2023
Rajasthan,hanumangarh,Hanumangarh Town,Onion,1st Sort,FAQ,1100.0,1100.0,1100.0,6/6/2023
Haryana,yamuna nagar,Radaur,Potato,Other,FAQ,700.0,900.0,800.0,6/6/2023
Maharashtra,nashik,Nasik,Potato,Other,FAQ,1050.0,1400.0,1150.0,6/6/2023
Uttar Pradesh,fatehpur,Fatehpur,Potato,Desi,FAQ,800.0,1000.0,900.0,6/6/2023
Uttar Pradesh,maharajganj,Nautnava,Potato,Desi,FAQ,700.0,850.0,800.0,6/6/2023
Rajasthan,hanumangarh,Rawatsar,Onion,1st Sort,FAQ,800.0,800.0,800.0,6/6/2023
Madhya Pradesh,chhatarpur,Chhatarpur,Wheat,Other,FAQ,2200.0,2275.0,2235.0,6/6/2023
Uttar Pradesh,chandauli,Chandoli,Wheat,Dara,FAQ,2125.0,2200.0,2170.0,6/6/2023
Punjab,ludhiana,Sahnewal,Potato,Potato,FAQ,1000.0,1000.0,1000.0,6/6/2023
Maharashtra,mumbai,Mumbai,Wheat,Other,FAQ,2600.0,5000.0,3800.0,6/6/2023
Kerala,malappuram,Kottakkal,Onion,Other,FAQ,1700.0,1880.0,1759.0,6/6/2023
Uttar Pradesh,bahraich,Naanpara,Wheat,Dara,FAQ,2320.0,2380.0,2350.0,6/6/2023
Gujarat,jamnagar,Jamnagar,Wheat,Other,FAQ,1750.0,2430.0,2250.0,6/6/2023
Madhya Pradesh,damoh,Javera,Wheat,Mill Quality,FAQ,2100.0,2244.0,2160.0,6/6/2023
Uttar Pradesh,badaun,Badayoun,Tomato,Deshi,FAQ,670.0,780.0,730.0,6/6/2023
Uttar Pradesh,bulandshahar,Divai,Wheat,Dara,FAQ,2100.0,2200.0,2150.0,6/6/2023
Uttar Pradesh,bijnor,Bijnaur,Onion,Red,FAQ,1100.0,1200.0,1150.0,6/6/2023
Uttar Pradesh,hardoi,Madhoganj,Onion,Red,FAQ,1050.0,1120.0,1090.0,6/6/2023
Andhra Pradesh,hyderabad,Mahboob Manison,Onion,2nd Sort,FAQ,300.0,1200.0,800.0,6/6/2023
Uttar Pradesh,auraiya,Auraiya,Tomato,Hybrid,FAQ,850.0,1000.0,925.0,6/6/2023
Kerala,thiruvananthapuram,Aralamoodu,Tomato,Tomato,FAQ,5000.0,6000.0,6000.0,6/6/2023
Rajasthan,jhalawar,Jhalarapatan,Wheat,Other,FAQ,2120.0,2350.0,2270.0,6/6/2023
Madhya Pradesh,dhar,Dhamnod,Wheat,Lok-1,FAQ,2290.0,2361.0,2320.0,6/6/2023
Uttar Pradesh,barabanki,Barabanki,Tomato,Hybrid,FAQ,1730.0,1840.0,1780.0,6/6/2023
Madhya Pradesh,guna,Guna(F&V),Tomato,Other,FAQ,350.0,530.0,410.0,6/6/2023
Gujarat,dahod,Dahod,Wheat,147 Average,FAQ,2500.0,2700.0,2600.0,6/6/2023
Jammu & Kashmir,jammu,Batote,Tomato,Other,FAQ,1800.0,2200.0,2000.0,6/6/2023
Uttar Pradesh,bijnor,Chaandpur,Tomato,Hybrid,FAQ,600.0,700.0,650.0,6/6/2023
Uttar Pradesh,bahraich,Naanpara,Onion,Red,FAQ,1150.0,1220.0,1180.0,6/6/2023
Kerala,alappuzha,Aroor,Potato,Other,FAQ,2400.0,2600.0,2500.0,6/6/2023
Gujarat,dahod,Dahod(Veg. Market),Onion,Onion,FAQ,400.0,1300.0,1000.0,6/6/2023
Uttar Pradesh,banda,Baberu,Wheat,Dara,FAQ,2125.0,2200.0,2200.0,6/6/2023
Punjab,hoshiarpur,Dasuya,Tomato,Other,FAQ,600.0,800.0,700.0,6/6/2023
Uttar Pradesh,ballia,Chitwadagaon,Tomato,Deshi,FAQ,770.0,900.0,830.0,6/6/2023
Gujarat,kheda,Kapadvanj,Wheat,Other,FAQ,2150.0,2250.0,2200.0,6/6/2023
Karnataka,davangere,Davangere,Onion,Onion,FAQ,300.0,1200.0,800.0,6/6/2023
Uttar Pradesh,saharanpur,Saharanpur,Wheat,Dara,FAQ,2130.0,2300.0,2230.0,6/6/2023
Gujarat,dahod,Dahod(Veg. Market),Tomato,Tomato,FAQ,1000.0,1500.0,1200.0,6/6/2023
Himachal Pradesh,kangra,Kangra(Jaisinghpur),Onion,1st Sort,FAQ,1400.0,1800.0,1600.0,6/6/2023
Haryana,sirsa,Ellanabad,Potato,Potato,FAQ,200.0,400.0,300.0,6/6/2023
Uttar Pradesh,saharanpur,Chutmalpur,Tomato,Deshi,FAQ,350.0,450.0,400.0,6/6/2023
Madhya Pradesh,tikamgarh,Jatara,Wheat,Other,FAQ,2125.0,2200.0,2125.0,6/6/2023
Rajasthan,chittorgarh,Chittorgarh,Tomato,Other,FAQ,8000.0,15000.0,12000.0,6/6/2023
Rajasthan,ganganagar,Sadulshahar,Wheat,Other,FAQ,2115.0,2246.0,2200.0,6/6/2023
Uttar Pradesh,amroha,Dhanaura,Tomato,Deshi,FAQ,600.0,700.0,650.0,6/6/2023
Uttar Pradesh,ballia,Rasda,Onion,Red,FAQ,1060.0,1200.0,1125.0,6/6/2023
Kerala,kollam,Chathanoor,Onion,Other,FAQ,1800.0,2200.0,2000.0,6/6/2023
Andhra Pradesh,hyderabad,Erragadda(Rythu Bazar),Onion,1st Sort,FAQ,1400.0,1400.0,1400.0,6/6/2023
Gujarat,anand,"Anand(Veg,Yard,Anand)",Potato,Potato,FAQ,1200.0,1300.0,1250.0,6/6/2023
Haryana,mewat,FerozpurZirkha(Nagina),Tomato,Other,FAQ,700.0,900.0,800.0,6/6/2023
Haryana,karnal,Tarori,Onion,Nasik,FAQ,1400.0,1500.0,1500.0,6/6/2023
Himachal Pradesh,kangra,Kangra(Jaisinghpur),Potato,Potato,FAQ,1400.0,1500.0,1450.0,6/6/2023
Uttar Pradesh,etah,Etah,Tomato,Hybrid,FAQ,750.0,1050.0,850.0,6/6/2023
Rajasthan,jhalawar,Iklera,Wheat,Other,FAQ,2130.0,2320.0,2225.0,6/6/2023
Rajasthan,chittorgarh,Chittorgarh,Potato,Other,FAQ,1200.0,1800.0,1500.0,6/6/2023
Maharashtra,nagpur,Kamthi,Potato,Local,FAQ,1400.0,1800.0,1600.0,6/6/2023
Punjab,barnala,Barnala,Tomato,Other,FAQ,400.0,700.0,550.0,6/6/2023
West Bengal,puruliya,Kasipur,Onion,Other,FAQ,1540.0,1640.0,1600.0,6/6/2023
Haryana,ambala,Barara,Tomato,Other,FAQ,500.0,600.0,500.0,6/6/2023
Rajasthan,hanumangarh,Pilibanga,Wheat,1482,FAQ,2100.0,2241.0,2151.0,6/6/2023
Meghalaya,east khasi hills,Sohra,Potato,Other,FAQ,34000.0,37000.0,36000.0,6/6/2023
Orissa,bhadrak,Chandabali,Tomato,Other,FAQ,1000.0,1400.0,1200.0,6/6/2023
Maharashtra,nashik,Nasik,Onion,Other,FAQ,325.0,1275.0,700.0,6/6/2023
Madhya Pradesh,shajapur,Kalapipal,Wheat,Mill Quality,FAQ,1800.0,2125.0,1950.0,6/6/2023
Karnataka,kolar,Chintamani,Tomato,Tomato,FAQ,330.0,2000.0,1200.0,6/6/2023
Uttar Pradesh,badaun,Shahaswan,Wheat,Medium,FAQ,2190.0,2290.0,2245.0,6/6/2023
Kerala,kollam,Chathanoor,Tomato,Other,FAQ,3800.0,4200.0,4000.0,6/6/2023
Uttar Pradesh,aligarh,Charra,Tomato,Deshi,FAQ,700.0,800.0,750.0,6/6/2023
Madhya Pradesh,narsinghpur,Gotegaon,Wheat,Other,FAQ,2200.0,2310.0,2250.0,6/6/2023
Punjab,jalandhar,Bilga,Onion,Other,FAQ,1300.0,1500.0,1400.0,6/6/2023
Uttar Pradesh,jhansi,Moth,Onion,Red,FAQ,880.0,1000.0,960.0,6/6/2023
Himachal Pradesh,kullu,Bhuntar,Tomato,Other,FAQ,1000.0,1200.0,1100.0,6/6/2023
Gujarat,dahod,Dahod(Veg. Market),Potato,Potato,FAQ,1000.0,1400.0,1200.0,6/6/2023
Madhya Pradesh,rajgarh,Khilchipur,Wheat,147 Average,FAQ,2200.0,2240.0,2220.0,6/6/2023
Rajasthan,dausa,Lalsot,Wheat,Other,FAQ,2100.0,2301.0,2156.0,6/6/2023
Uttar Pradesh,fatehpur,Bindki,Onion,Red,FAQ,1050.0,1140.0,1100.0,6/6/2023
Andhra Pradesh,hyderabad,L B Nagar,Onion,1st Sort,FAQ,1000.0,1500.0,1250.0,6/6/2023
Punjab,ludhiana,Doraha,Potato,Other,FAQ,800.0,1000.0,978.0,6/6/2023
Rajasthan,bikaner,Bikaner (F&V),Tomato,Other,FAQ,800.0,1000.0,900.0,6/6/2023
Maharashtra,jalgaon,Bhusaval,Tomato,Other,FAQ,500.0,500.0,500.0,6/6/2023
Madhya Pradesh,bhopal,Bhopal(F&V),Tomato,Other,FAQ,500.0,1000.0,600.0,6/6/2023
Andhra Pradesh,hyderabad,Erragadda(Rythu Bazar),Potato,(Red Nanital),FAQ,2100.0,2100.0,2100.0,6/6/2023
Maharashtra,satara,Karad,Onion,Other,FAQ,800.0,1200.0,1200.0,6/6/2023
West Bengal,bankura,Indus(Bankura Sadar),Potato,Jyoti,FAQ,1230.0,1260.0,1250.0,6/6/2023
Karnataka,bidar,Basava Kalayana,Wheat,Medium,FAQ,1600.0,2500.0,2400.0,6/6/2023
Assam,lakhimpur,Golagokarnath,Wheat,Dara,FAQ,2200.0,2400.0,2300.0,6/6/2023
Uttar Pradesh,amethi,Sultanpur,Onion,Red,FAQ,1135.0,1300.0,1215.0,6/6/2023
Uttar Pradesh,deoria,Devariya,Potato,Potato,FAQ,960.0,980.0,970.0,6/6/2023
Uttar Pradesh,banda,Banda,Wheat,Dara,FAQ,2125.0,2270.0,2220.0,6/6/2023
Uttar Pradesh,agra,Jagnair,Potato,Desi,FAQ,800.0,900.0,850.0,6/6/2023
West Bengal,murshidabad,Kandi,Wheat,Other,FAQ,2250.0,2290.0,2270.0,6/6/2023
Uttar Pradesh,aligarh,Charra,Wheat,Dara,FAQ,2280.0,2300.0,2290.0,6/6/2023
West Bengal,nadia,Karimpur,Onion,Nasik,FAQ,1450.0,1525.0,1500.0,6/6/2023
Punjab,jalandhar,Jalandhar City(Jalandhar),Potato,Other,FAQ,160.0,1020.0,540.0,6/6/2023
Punjab,faridkot,Jaitu,Potato,Potato,FAQ,1000.0,1000.0,1000.0,6/6/2023
West Bengal,hooghly,Champadanga,Tomato,Hybrid,FAQ,3100.0,3300.0,3200.0,6/6/2023
Uttar Pradesh,auraiya,Dibiapur,Onion,Red,FAQ,900.0,1100.0,1000.0,6/6/2023
Uttar Pradesh,unnao,Unnao,Onion,Red,FAQ,950.0,1050.0,1000.0,6/6/2023
Uttar Pradesh,jhansi,Chirgaon,Onion,Pusa-Red,FAQ,920.0,980.0,950.0,6/6/2023
Uttar Pradesh,sambhal,Chandausi,Tomato,Hybrid,FAQ,700.0,750.0,725.0,6/6/2023
Punjab,jalandhar,Bilga,Tomato,Other,FAQ,1300.0,1500.0,1400.0,6/6/2023
Maharashtra,nagpur,Katol,Wheat,Other,FAQ,2225.0,2300.0,2250.0,6/6/2023
Andhra Pradesh,hyderabad,Bowenpally,Tomato,Deshi,FAQ,600.0,3000.0,2400.0,6/6/2023
Uttar Pradesh,auraiya,Dibiapur,Potato,Desi,FAQ,700.0,900.0,800.0,6/6/2023
Haryana,bhiwani,Bhiwani,Tomato,Tomato,FAQ,1000.0,1500.0,1200.0,6/6/2023
Haryana,ambala,Shahzadpur,Onion,Local,FAQ,1000.0,1200.0,1200.0,6/6/2023
Uttar Pradesh,badaun,Bilsi,Tomato,Local,FAQ,650.0,725.0,700.0,6/6/2023
West Bengal,puruliya,Balarampur,Onion,Other,FAQ,1800.0,2200.0,2000.0,6/6/2023
Uttar Pradesh,ghaziabad,Ghaziabad,Onion,Red,FAQ,1150.0,1250.0,1200.0,6/6/2023
Madhya Pradesh,khargone,Badwaha,Wheat,Other,FAQ,2100.0,2390.0,2266.0,6/6/2023
Gujarat,amreli,Amreli,Wheat,Rajasthan Tukdi,FAQ,2120.0,3115.0,2325.0,6/6/2023
Uttar Pradesh,bahraich,Bahraich,Onion,Red,FAQ,1100.0,1250.0,1180.0,6/6/2023
Rajasthan,kota,Kota (F&V),Potato,Other,FAQ,600.0,1000.0,800.0,6/6/2023
Kerala,kollam,Anchal,Onion,Other,FAQ,3500.0,3700.0,3600.0,6/6/2023
Orissa,keonjhar,Keonjhar,Tomato,Other,FAQ,2000.0,2200.0,2000.0,6/6/2023
Haryana,karnal,"New Grain Market(main), Karnal",Potato,Other,FAQ,700.0,1000.0,850.0,6/6/2023
Haryana,ambala,Naraingarh,Potato,Potato,FAQ,500.0,1230.0,850.0,6/6/2023
Madhya Pradesh,khargone,Badwaha,Onion,Other,FAQ,600.0,1250.0,920.0,6/6/2023
Uttar Pradesh,mainpuri,Bewar,Wheat,Dara,FAQ,2200.0,2220.0,2210.0,6/6/2023
Uttar Pradesh,rampur,Tanda(Rampur),Tomato,Deshi,FAQ,550.0,570.0,560.0,6/6/2023
Haryana,panchkula,"New Grain Market , Panchkula",Potato,Other,FAQ,2000.0,3000.0,2500.0,6/6/2023
Madhya Pradesh,ujjain,Ujjain(F&V),Tomato,Deshi,FAQ,435.0,1265.0,837.0,6/6/2023
Punjab,amritsar,Mehta,Tomato,Deshi,FAQ,500.0,500.0,500.0,6/6/2023
Orissa,angul,Angul,Potato,Other,FAQ,1800.0,2000.0,2000.0,6/6/2023
Uttar Pradesh,baghpat,Khekda,Onion,Red,FAQ,1100.0,1300.0,1200.0,6/6/2023
Madhya Pradesh,sagar,Bamora,Wheat,Other,FAQ,2157.0,2500.0,2500.0,6/6/2023
Uttar Pradesh,lucknow,Lucknow,Onion,Red,FAQ,1080.0,1180.0,1130.0,6/6/2023
Himachal Pradesh,una,Una,Tomato,Tomato,FAQ,1000.0,1800.0,1400.0,6/6/2023
Haryana,rohtak,Meham,Tomato,Deshi,FAQ,1000.0,1000.0,1000.0,6/6/2023
Haryana,ambala,Ambala City(Subji Mandi),Onion,Other,FAQ,520.0,695.0,670.0,6/6/2023
Kerala,malappuram,Parappanangadi,Tomato,Other,FAQ,2100.0,2100.0,2100.0,6/6/2023
Kerala,malappuram,Thirurrangadi,Tomato,Other,FAQ,2100.0,2200.0,2200.0,6/6/2023
Uttar Pradesh,prayagraj,Ajuha,Onion,Red,FAQ,1020.0,1180.0,1100.0,6/6/2023
Haryana,rohtak,Sampla,Onion,Other,FAQ,1300.0,1300.0,1300.0,6/6/2023
Haryana,sirsa,Sirsa,Potato,Other,FAQ,500.0,2200.0,800.0,6/6/2023
Uttar Pradesh,bulandshahar,Siyana,Potato,Desi,FAQ,650.0,700.0,680.0,6/6/2023
Uttar Pradesh,maharajganj,Anandnagar,Onion,Red,FAQ,1080.0,1250.0,1165.0,6/6/2023
Uttar Pradesh,jaunpur,Jaunpur,Potato,Badshah,FAQ,900.0,960.0,930.0,6/6/2023
Madhya Pradesh,khargone,Khargone,Onion,1st Sort,FAQ,500.0,1000.0,800.0,6/6/2023
Himachal Pradesh,kangra,Kangra,Onion,Other,FAQ,1800.0,2000.0,1900.0,6/6/2023
Haryana,palwal,Palwal,Tomato,Tomato,FAQ,800.0,1000.0,900.0,6/6/2023
Maharashtra,nagpur,Ramtek,Potato,Local,FAQ,1400.0,1600.0,1500.0,6/6/2023
Uttar Pradesh,aligarh,Khair,Tomato,Hybrid,FAQ,700.0,810.0,750.0,6/6/2023
Karnataka,kolar,Bangarpet,Onion,Local,FAQ,1500.0,2000.0,1700.0,6/6/2023
Haryana,jind,Safidon,Potato,Other,FAQ,1000.0,1000.0,1000.0,6/6/2023
Maharashtra,sholapur,Solapur,Tomato,Other,FAQ,400.0,2000.0,1000.0,6/6/2023
Madhya Pradesh,khargone,Sanawad,Potato,(Red Nanital),FAQ,1100.0,1500.0,1300.0,6/6/2023
Punjab,sangrur,Lehra Gaga,Potato,Other,FAQ,900.0,900.0,900.0,6/6/2023
West Bengal,alipurduar,Alipurduar,Onion,Other,FAQ,1500.0,1700.0,1600.0,6/6/2023
Uttar Pradesh,amethi,Sultanpur,Potato,Badshah,FAQ,1025.0,1170.0,1070.0,6/6/2023
Uttar Pradesh,hardoi,Sandila,Potato,Badshah,FAQ,930.0,1010.0,975.0,6/6/2023
Rajasthan,churu,Sujangarh,Potato,(Red Nanital),FAQ,600.0,800.0,700.0,6/6/2023
West Bengal,howrah,Uluberia,Tomato,Other,FAQ,3000.0,3800.0,3400.0,6/6/2023
Uttar Pradesh,firozabad,Tundla,Tomato,Deshi,FAQ,785.0,825.0,800.0,6/6/2023
Uttar Pradesh,prayagraj,Sirsa,Potato,Desi,FAQ,950.0,1050.0,1000.0,6/6/2023
Jammu & Kashmir,udhampur,Udhampur,Potato,Other,FAQ,1200.0,1600.0,1400.0,6/6/2023
Kerala,malappuram,Manjeri,Potato,Other,FAQ,2300.0,2400.0,2350.0,6/6/2023
Himachal Pradesh,kangra,Palampur,Tomato,Tomato,FAQ,1300.0,1500.0,1400.0,6/6/2023
Madhya Pradesh,bhind,Alampur,Wheat,Other,FAQ,2200.0,2217.0,2210.0,6/6/2023
Maharashtra,nashik,Devala,Onion,Other,FAQ,100.0,1100.0,800.0,6/6/2023
Madhya Pradesh,ratlam,Sailana,Onion,Other,FAQ,200.0,1105.0,800.0,6/6/2023
Himachal Pradesh,hamirpur,Maudaha,Tomato,Deshi,FAQ,980.0,1040.0,1015.0,6/6/2023
Jammu & Kashmir,kathua,Kathua,Onion,Other,FAQ,1300.0,1400.0,1350.0,6/6/2023
Madhya Pradesh,satna,Amarpatan,Wheat,Other,FAQ,2225.0,2240.0,2235.0,6/6/2023
Haryana,sonipat,Sonepat,Potato,Other,FAQ,1100.0,1200.0,1100.0,6/6/2023
West Bengal,alipurduar,Alipurduar,Potato,Jyoti,FAQ,1150.0,1250.0,1200.0,6/6/2023
Karnataka,mysore,Mysore (Bandipalya),Potato,Potato,FAQ,1400.0,1500.0,1500.0,6/6/2023
Madhya Pradesh,sagar,Sagar(F&V),Potato,Other,FAQ,1000.0,1200.0,1100.0,6/6/2023
Andhra Pradesh,medak,Sadasivpet,Onion,1st Sort,FAQ,243.0,1161.0,555.0,6/6/2023
Madhya Pradesh,bhopal,Bhopal,Wheat,Other,FAQ,2141.0,2601.0,2342.0,6/6/2023
Haryana,mewat,Tauru,Potato,Potato,FAQ,1000.0,1000.0,1000.0,6/6/2023
Kerala,ernakulam,Angamaly,Potato,Potato,FAQ,2800.0,3800.0,3300.0,6/6/2023
Madhya Pradesh,harda,Harda(F&V),Onion,Medium,FAQ,600.0,800.0,700.0,6/6/2023
Madhya Pradesh,khargone,Bhikangaon,Wheat,Lokwan,FAQ,2100.0,2400.0,2260.0,6/6/2023
Orissa,angul,Angul(Jarapada),Onion,Other,FAQ,1800.0,2000.0,2000.0,6/6/2023
Uttar Pradesh,ballia,Ballia,Onion,Red,FAQ,1060.0,1180.0,1120.0,6/6/2023
Kerala,kottayam,Kanjirappally,Tomato,Tomato,FAQ,5500.0,6000.0,5800.0,6/6/2023
Chattisgarh,durg,Durg,Onion,Nasik,FAQ,1100.0,1300.0,1200.0,6/6/2023
Uttar Pradesh,saharanpur,Gangoh,Onion,Red,FAQ,800.0,1000.0,900.0,6/6/2023
West Bengal,paschim bardhaman,Asansol,Wheat,Kalyan,FAQ,2750.0,2900.0,2800.0,6/6/2023
West Bengal,hooghly,Champadanga,Onion,Nasik,FAQ,1300.0,1400.0,1350.0,6/6/2023
Maharashtra,pune,Pune,Potato,Local,FAQ,1100.0,2000.0,1550.0,6/6/2023
Orissa,angul,Angul,Onion,Other,FAQ,1800.0,2000.0,2000.0,6/6/2023
Maharashtra,akola,Akola,Potato,Other,FAQ,800.0,1300.0,1200.0,6/6/2023
Himachal Pradesh,kangra,Kangra(Baijnath),Potato,Potato,FAQ,900.0,1000.0,1000.0,6/6/2023
Maharashtra,amarawati,Amarawati,Wheat,147 Average,FAQ,2250.0,2350.0,2300.0,6/6/2023
Kerala,kollam,Kollam,Tomato,Other,FAQ,7000.0,8000.0,7500.0,6/6/2023
Punjab,patiala,Patran,Tomato,Other,FAQ,300.0,500.0,440.0,6/6/2023
Kerala,idukki,Thodupuzha,Tomato,Other,FAQ,3000.0,3500.0,3500.0,6/6/2023
Madhya Pradesh,ujjain,Badnagar,Wheat,Other,FAQ,2022.0,2525.0,2394.0,6/6/2023
Uttar Pradesh,sitapur,Viswan,Potato,Desi,FAQ,960.0,1000.0,980.0,6/6/2023
Maharashtra,ahmednagar,Ahmednagar,Wheat,Other,FAQ,2200.0,2450.0,2325.0,6/6/2023
Andhra Pradesh,hyderabad,Bowenpally,Potato,(Red Nanital),FAQ,1000.0,1800.0,1600.0,6/6/2023
Uttar Pradesh,banda,Atarra,Wheat,Dara,FAQ,2250.0,2350.0,2300.0,6/6/2023
Karnataka,kolar,Chintamani,Onion,Onion,FAQ,1000.0,1500.0,1250.0,6/6/2023
Uttar Pradesh,agra,Jagnair,Onion,Red,FAQ,1200.0,1300.0,1250.0,6/6/2023
Haryana,sonipat,Gohana,Onion,Other,FAQ,800.0,1400.0,800.0,6/6/2023
Kerala,kottayam,Thalayolaparambu,Tomato,Tomato,FAQ,3300.0,3700.0,3600.0,6/6/2023
Madhya Pradesh,shivpuri,Shivpuri(F&V),Potato,Other,FAQ,900.0,900.0,900.0,6/6/2023
Maharashtra,nagpur,Nagpur,Tomato,Local,FAQ,2500.0,3200.0,3150.0,6/6/2023
Uttar Pradesh,sonbhadra,Dudhi,Potato,Other,FAQ,900.0,0.0,1000.0,6/6/2023
Punjab,gurdaspur,Dinanagar,Potato,Potato,FAQ,1000.0,1400.0,1200.0,6/6/2023
Madhya Pradesh,indore,Indore(F&V),Tomato,Other,FAQ,400.0,1600.0,1000.0,6/6/2023
Orissa,ganjam,Digapahandi,Onion,Other,FAQ,1200.0,1500.0,1400.0,6/6/2023
Punjab,kapurthala,Phagwara,Tomato,Other,FAQ,354.0,672.0,672.0,6/6/2023
Andhra Pradesh,hyderabad,Gudimalkapur,Tomato,Deshi,FAQ,800.0,3200.0,2200.0,6/6/2023
Uttar Pradesh,azamgarh,Azamgarh,Wheat,Dara,FAQ,2200.0,2300.0,2250.0,6/6/2023
Maharashtra,kolhapur,Kolhapur,Onion,Other,FAQ,500.0,1400.0,1000.0,6/6/2023
Gujarat,rajkot,Gondal,Onion,Red,FAQ,355.0,1380.0,880.0,6/6/2023
West Bengal,kolkata,Bara Bazar (Posta Bazar),Potato,Other,FAQ,1320.0,1340.0,1330.0,6/6/2023
Gujarat,surat,Surat,Tomato,Other,FAQ,800.0,2000.0,1400.0,6/6/2023
Maharashtra,pune,Pune(Pimpri),Onion,Local,FAQ,800.0,1000.0,900.0,6/6/2023
Madhya Pradesh,chhindwara,Chhindwara(F&V),Onion,Red,FAQ,500.0,800.0,600.0,6/6/2023
Orissa,nuapada,Khariar,Tomato,Other,FAQ,3000.0,3100.0,3000.0,6/6/2023
West Bengal,birbhum,Sainthia,Potato,Jyoti,FAQ,1100.0,1200.0,1150.0,6/6/2023
Uttar Pradesh,barabanki,Safdarganj,Potato,Desi,FAQ,1000.0,1100.0,1050.0,6/6/2023
Maharashtra,wardha,Ashti(Karanja),Wheat,Other,FAQ,2100.0,2320.0,2255.0,6/6/2023
Kerala,alappuzha,Chengannur,Tomato,Tomato,FAQ,3500.0,4000.0,3800.0,6/6/2023
Punjab,hoshiarpur,Hoshiarpur(Sham Churasi),Potato,Potato,FAQ,100.0,200.0,150.0,6/6/2023
Chattisgarh,rajnandgaon,Rajnandgaon,Potato,Potato,FAQ,800.0,1200.0,1000.0,6/6/2023
Uttar Pradesh,baghpat,Khekda,Tomato,Local,FAQ,800.0,1000.0,900.0,6/6/2023
Uttar Pradesh,auraiya,Achalda,Potato,Badshah,FAQ,800.0,920.0,880.0,6/6/2023
Kerala,kollam,Kottarakkara,Onion,Other,FAQ,2500.0,2500.0,2500.0,6/6/2023
Rajasthan,baran,Anta,Wheat,Other,FAQ,2130.0,2174.0,2152.0,6/6/2023
Madhya Pradesh,ratlam,A lot,Onion,1st Sort,FAQ,150.0,400.0,351.0,6/6/2023
Madhya Pradesh,jhabua,Thandla,Tomato,Deshi,FAQ,800.0,1200.0,1000.0,6/6/2023
Punjab,patiala,Samana,Onion,Other,FAQ,1000.0,1300.0,1200.0,6/6/2023
Uttar Pradesh,maharajganj,Anandnagar,Potato,Red,FAQ,1120.0,1275.0,1200.0,6/6/2023
Uttar Pradesh,maharajganj,Anandnagar,Wheat,Dara,FAQ,2125.0,2260.0,2230.0,6/6/2023
Himachal Pradesh,kullu,Kullu,Tomato,Other,FAQ,1200.0,1500.0,1300.0,6/6/2023
Maharashtra,raigad,Pen,Tomato,Local,FAQ,2200.0,2400.0,2200.0,6/6/2023
Orissa,sambalpur,Kuchinda,Onion,Other,FAQ,1800.0,2000.0,1900.0,6/6/2023
Haryana,karnal,Tarori,Potato,Desi,FAQ,700.0,800.0,800.0,6/6/2023
Madhya Pradesh,hoshangabad,Pipariya,Potato,(Red Nanital),FAQ,600.0,1200.0,950.0,6/6/2023
Karnataka,kolar,Chickkaballapura,Tomato,Tomato,FAQ,500.0,2800.0,1600.0,6/6/2023
Punjab,amritsar,Amritsar(Amritsar Mewa Mandi),Onion,Onion,FAQ,500.0,1100.0,700.0,6/6/2023
Uttar Pradesh,sitapur,Sitapur,Potato,Desi,FAQ,850.0,1050.0,980.0,6/6/2023
Uttar Pradesh,etawah,Etawah,Onion,Red,FAQ,1150.0,1350.0,1250.0,6/6/2023
Punjab,hoshiarpur,Tanda Urmur,Potato,Other,FAQ,1200.0,1400.0,1300.0,6/6/2023
Uttar Pradesh,sambhal,Chandausi,Potato,Desi,FAQ,850.0,980.0,925.0,6/6/2023
Haryana,sonipat,Sonepat(Kharkhoda),Potato,Other,FAQ,500.0,1200.0,900.0,6/6/2023
Uttar Pradesh,prayagraj,Sirsa,Tomato,Deshi,FAQ,900.0,1000.0,950.0,6/6/2023
Himachal Pradesh,solan,Solan,Potato,Other,FAQ,1500.0,2000.0,1800.0,6/6/2023
Uttar Pradesh,ambedkarnagar,Akbarpur,Onion,Red,FAQ,1000.0,1070.0,1030.0,6/6/2023
Uttar Pradesh,hardoi,Sandila,Onion,Red,FAQ,1050.0,1150.0,1100.0,6/6/2023
Madhya Pradesh,chhindwara,Chhindwara(F&V),Tomato,Deshi,FAQ,600.0,800.0,700.0,6/6/2023
Uttar Pradesh,deoria,Barhaj,Wheat,Dara,FAQ,2240.0,2260.0,2250.0,6/6/2023
Maharashtra,raigad,Pen,Potato,Local,FAQ,1600.0,1800.0,1600.0,6/6/2023
Kerala,malappuram,Kottakkal,Tomato,Other,FAQ,2450.0,2550.0,2500.0,6/6/2023
Kerala,kottayam,Ettumanoor,Onion,Big,FAQ,1800.0,2200.0,2000.0,6/6/2023
Himachal Pradesh,hamirpur,Bharuasumerpur,Onion,Red,FAQ,900.0,960.0,930.0,6/6/2023
Uttar Pradesh,maharajganj,Partaval,Potato,Desi,FAQ,850.0,1050.0,965.0,6/6/2023
Kerala,alappuzha,Harippad,Onion,Big,FAQ,2000.0,2500.0,2000.0,6/6/2023
Gujarat,ahmedabad,Ahmedabad(Chimanbhai Patal Market Vasana),Potato,Other,FAQ,1000.0,1300.0,1200.0,6/6/2023
Maharashtra,jalgaon,Amalner,Wheat,Other,FAQ,2251.0,2600.0,2600.0,6/6/2023
Punjab,faridkot,Jaitu,Tomato,Tomato,FAQ,700.0,700.0,700.0,6/6/2023
Uttar Pradesh,ambedkarnagar,Akbarpur,Wheat,Dara,FAQ,2330.0,2400.0,2360.0,6/6/2023
Uttar Pradesh,kaushambi,Bharwari,Potato,Desi,FAQ,800.0,935.0,885.0,6/6/2023
Kerala,kottayam,Ettumanoor,Potato,Potato,FAQ,2800.0,3100.0,2900.0,6/6/2023
Karnataka,bangalore,Bangalore,Potato,Local,FAQ,1600.0,1800.0,1700.0,6/6/2023
West Bengal,alipurduar,Alipurduar,Potato,Red,FAQ,1400.0,1500.0,1450.0,6/6/2023
Haryana,palwal,Palwal,Onion,Onion,FAQ,800.0,1100.0,950.0,6/6/2023
Uttar Pradesh,auraiya,Achalda,Onion,Red,FAQ,1050.0,1150.0,1100.0,6/6/2023
Madhya Pradesh,shajapur,Badod,Wheat,Other,FAQ,2000.0,2427.0,2213.0,6/6/2023
Himachal Pradesh,kangra,Kangra,Tomato,Other,FAQ,1500.0,1800.0,1650.0,6/6/2023
Uttar Pradesh,etah,Etah,Potato,Desi,FAQ,780.0,1000.0,830.0,6/6/2023
Haryana,bhiwani,Bhiwani,Potato,Potato,FAQ,800.0,1000.0,850.0,6/6/2023
Uttar Pradesh,jhansi,Mauranipur,Tomato,Local,FAQ,820.0,900.0,875.0,6/6/2023
Uttar Pradesh,fatehpur,Fatehpur,Onion,Red,FAQ,1000.0,1150.0,1080.0,6/6/2023
Madhya Pradesh,dhar,Badnawar,Wheat,Lokwan,FAQ,2000.0,2725.0,2200.0,6/6/2023
Andhra Pradesh,medak,Siddipet(Rythu Bazar),Potato,(Red Nanital),FAQ,1500.0,2400.0,2000.0,6/6/2023
Rajasthan,ajmer,Madanganj Kishangarh,Tomato,Deshi,FAQ,700.0,900.0,800.0,6/6/2023
Karnataka,tumkur,Tumkur,Onion,Other,FAQ,810.0,1150.0,920.0,6/6/2023
Rajasthan,udaipur,Udaipur (F&V),Onion,Other,FAQ,600.0,1100.0,850.0,6/6/2023
Maharashtra,amarawati,Achalpur,Wheat,Other,FAQ,2300.0,2500.0,2400.0,6/6/2023
Punjab,faridkot,Kotkapura,Tomato,Tomato,FAQ,1800.0,2200.0,2000.0,6/6/2023
Himachal Pradesh,hamirpur,Maudaha,Potato,Desi,FAQ,1020.0,1120.0,1090.0,6/6/2023
Orissa,dhenkanal,Kamakhyanagar,Potato,Potato,FAQ,1900.0,2100.0,2000.0,6/6/2023
Uttar Pradesh,prayagraj,Allahabad,Potato,Desi,FAQ,850.0,950.0,900.0,6/6/2023
Haryana,yamuna nagar,Radaur,Onion,Other,FAQ,900.0,1200.0,1000.0,6/6/2023
Uttar Pradesh,banda,Atarra,Onion,Red,FAQ,900.0,1000.0,950.0,6/6/2023
Punjab,moga,Moga,Tomato,Other,FAQ,400.0,600.0,500.0,6/6/2023
Karnataka,bangalore,"Binny Mill (F&V), Bangalore",Tomato,Tomato,FAQ,2100.0,2500.0,2200.0,6/6/2023
West Bengal,jalpaiguri,Belacoba,Potato,Jyoti,FAQ,1100.0,1300.0,1200.0,6/6/2023
Uttar Pradesh,shahjahanpur,Puwaha,Onion,Red,FAQ,1060.0,1260.0,1160.0,6/6/2023
Maharashtra,nagpur,Kalmeshwar,Tomato,Other,FAQ,1005.0,1500.0,1315.0,6/6/2023
Jammu & Kashmir,udhampur,Reasi,Onion,Nasik,FAQ,1400.0,1600.0,1500.0,6/6/2023
Uttar Pradesh,maharajganj,Gadaura,Onion,Red,FAQ,800.0,1000.0,900.0,6/6/2023
Orissa,keonjhar,Keonjhar,Potato,Other,FAQ,1800.0,2000.0,2000.0,6/6/2023
Madhya Pradesh,chhatarpur,Badamalhera,Wheat,Other,FAQ,2015.0,2300.0,2150.0,6/6/2023
Chattisgarh,rajnandgaon,Rajnandgaon,Tomato,Local,FAQ,2000.0,3000.0,2500.0,6/6/2023
Uttar Pradesh,amroha,Amroha,Potato,Kufri Megha,FAQ,850.0,1010.0,925.0,6/6/2023
Kerala,kollam,Anchal,Potato,Other,FAQ,4500.0,4700.0,4600.0,6/6/2023
Karnataka,chikmagalur,Bagepalli,Potato,Potato,FAQ,2000.0,2600.0,2300.0,6/6/2023
West Bengal,puruliya,Purulia,Onion,Other,FAQ,1300.0,1500.0,1400.0,6/6/2023
Gujarat,kheda,Kapadvanj,Tomato,Other,FAQ,1500.0,1750.0,1625.0,6/6/2023
Uttar Pradesh,bijnor,Bijnaur,Tomato,Hybrid,FAQ,700.0,800.0,740.0,6/6/2023
Andhra Pradesh,adilabad,Mancharial,Tomato,Deshi,FAQ,3500.0,3500.0,3500.0,6/6/2023
Andhra Pradesh,karimnagar,Karimnagar,Tomato,Hybrid,FAQ,3000.0,3750.0,3375.0,6/6/2023
Uttar Pradesh,agra,Agra,Onion,Red,FAQ,700.0,1050.0,880.0,6/6/2023
Gujarat,rajkot,Jetpur(Dist.Rajkot),Onion,Onion,FAQ,450.0,1105.0,650.0,6/6/2023
Gujarat,rajkot,Rajkot(Veg.Sub Yard),Onion,Onion,FAQ,625.0,1500.0,900.0,6/6/2023
Uttar Pradesh,bulandshahar,Siyana,Onion,Red,FAQ,1160.0,1280.0,1200.0,6/6/2023
Andhra Pradesh,warangal,Hanmarkonda(Rythu Bazar),Tomato,Deshi,FAQ,3200.0,4000.0,3600.0,6/6/2023
Uttar Pradesh,agra,Fatehpur Sikri,Onion,Red,FAQ,850.0,1050.0,940.0,6/6/2023
Haryana,sirsa,Sirsa,Tomato,Other,FAQ,400.0,600.0,500.0,6/6/2023
Gujarat,ahmedabad,Ahmedabad(Chimanbhai Patal Market Vasana),Onion,Local,FAQ,400.0,700.0,600.0,6/6/2023
Maharashtra,pune,Pune(Khadiki),Potato,Local,FAQ,1200.0,1400.0,1300.0,6/6/2023
West Bengal,paschim bardhaman,Asansol,Onion,Nasik,FAQ,1350.0,1500.0,1400.0,6/6/2023
Chandigarh,chandigarh,Chandigarh(Grain/Fruit),Onion,Other,FAQ,600.0,1500.0,1200.0,6/6/2023
Andhra Pradesh,warangal,Warangal,Tomato,Tomato,FAQ,2000.0,2200.0,2100.0,6/6/2023
Maharashtra,pune,Pune(Moshi),Potato,Local,FAQ,800.0,1000.0,900.0,6/6/2023
Uttar Pradesh,sitapur,Sitapur,Tomato,Hybrid,FAQ,900.0,1100.0,1000.0,6/6/2023
Rajasthan,alwar,Alwar (F&V),Potato,Other,FAQ,1100.0,1500.0,1350.0,6/6/2023
Uttar Pradesh,bareilly,Bareilly,Wheat,Dara,FAQ,2125.0,2200.0,2175.0,6/6/2023
Madhya Pradesh,khandwa,Pandhana(F&V),Tomato,Deshi,FAQ,700.0,770.0,750.0,6/6/2023
Himachal Pradesh,hamirpur,Muskara,Potato,Desi,FAQ,1055.0,1110.0,1100.0,6/6/2023
Himachal Pradesh,solan,Solan,Tomato,Other,FAQ,800.0,1300.0,1000.0,6/6/2023
Uttar Pradesh,chandauli,Chandoli,Onion,Red,FAQ,1100.0,1200.0,1140.0,6/6/2023
Chhattisgarh,bilaspur,Bilaspur,Tomato,Local,FAQ,1200.0,1800.0,1400.0,6/6/2023
Haryana,kurukshetra,Thanesar,Tomato,Tomato,FAQ,400.0,1600.0,1500.0,6/6/2023
Uttar Pradesh,mirzapur,Ahirora,Wheat,Dara,FAQ,2125.0,2125.0,2125.0,6/6/2023
Uttar Pradesh,mirzapur,Mirzapur,Potato,Desi,FAQ,875.0,1000.0,925.0,6/6/2023
Rajasthan,tonk,Tonk,Onion,White,FAQ,1100.0,1350.0,1200.0,6/6/2023
Kerala,ernakulam,Perumbavoor,Tomato,Tomato,FAQ,2500.0,3500.0,3000.0,6/6/2023
Orissa,angul,Angul(Jarapada),Potato,Other,FAQ,1800.0,2000.0,2000.0,6/6/2023
Madhya Pradesh,ratlam,A lot,Wheat,Medium,FAQ,1900.0,2341.0,2231.0,6/6/2023
West Bengal,puruliya,Purulia,Potato,Jyoti,FAQ,1200.0,1250.0,1220.0,6/6/2023
Kerala,ernakulam,Thrippunithura,Potato,Potato,FAQ,3600.0,4000.0,3800.0,6/6/2023
Jammu & Kashmir,jammu,Akhnoor,Potato,Other,FAQ,800.0,1000.0,900.0,6/6/2023
Punjab,jalandhar,Phillaur(Apra Mandi),Tomato,Other,FAQ,1000.0,1000.0,1000.0,6/6/2023
Uttar Pradesh,etawah,Jasvantnagar,Tomato,Hybrid,FAQ,750.0,850.0,800.0,6/6/2023
Uttar Pradesh,mainpuri,Mainpuri,Potato,Local,FAQ,715.0,900.0,820.0,6/6/2023
Haryana,ambala,Ambala City(Subji Mandi),Potato,Other,FAQ,415.0,530.0,470.0,6/6/2023
Madhya Pradesh,panna,Ajaygarh,Wheat,Deshi,FAQ,2130.0,2160.0,2150.0,6/6/2023
Kerala,ernakulam,Kothamangalam,Tomato,Other,FAQ,3000.0,3500.0,3200.0,6/6/2023
Madhya Pradesh,dhar,Manawar,Potato,Other,FAQ,1258.0,1458.0,1358.0,6/6/2023
Maharashtra,amarawati,Amrawati(Frui & Veg. Market),Potato,Local,FAQ,900.0,1400.0,1150.0,6/6/2023
Uttar Pradesh,bijnor,Nagina,Tomato,Hybrid,FAQ,800.0,1500.0,1200.0,6/6/2023
Uttar Pradesh,mahoba,Mahoba,Onion,Red,FAQ,900.0,1000.0,935.0,6/6/2023
Punjab,amritsar,Amritsar(Amritsar Mewa Mandi),Potato,Potato,FAQ,200.0,800.0,600.0,6/6/2023
Rajasthan,udaipur,Udaipur (F&V),Potato,Other,FAQ,800.0,1200.0,1000.0,6/6/2023
Madhya Pradesh,jhabua,Thandla,Potato,Other,FAQ,1200.0,2000.0,1600.0,6/6/2023
Maharashtra,jalgaon,Jalgaon,Onion,Red,FAQ,250.0,1100.0,680.0,6/6/2023
Haryana,ambala,Shahzadpur,Potato,Potato,FAQ,800.0,1000.0,1000.0,6/6/2023
Haryana,rewari,Rewari,Potato,Other,FAQ,800.0,1800.0,1300.0,6/6/2023
Uttar Pradesh,prayagraj,Allahabad,Onion,Red,FAQ,1050.0,1250.0,1125.0,6/6/2023
Uttar Pradesh,firozabad,Shikohabad,Potato,Local,FAQ,650.0,750.0,700.0,6/6/2023
Uttar Pradesh,azamgarh,Azamgarh,Onion,Red,FAQ,1100.0,1240.0,1170.0,6/6/2023
Gujarat,surendranagar,Vadhvan,Tomato,Tomato,FAQ,2000.0,2500.0,2250.0,6/6/2023
West Bengal,bankura,Bishnupur(Bankura),Onion,Nasik,FAQ,1400.0,1650.0,1600.0,6/6/2023
Karnataka,shimoga,Shimoga,Tomato,Tomato,FAQ,2000.0,2600.0,2300.0,6/6/2023
Kerala,ernakulam,Aluva,Onion,Big,FAQ,1600.0,2000.0,1800.0,6/6/2023
West Bengal,hooghly,Sheoraphuly,Potato,Jyoti,FAQ,1380.0,1420.0,1400.0,6/6/2023
Delhi,delhi,Azadpur,Onion,Onion,FAQ,375.0,1500.0,1031.0,6/6/2023
Uttar Pradesh,jhansi,Chirgaon,Tomato,Tomato,FAQ,1000.0,1060.0,1030.0,6/6/2023
Uttar Pradesh,bulandshahar,Sikarpur,Onion,Red,FAQ,700.0,850.0,800.0,6/6/2023
Madhya Pradesh,gwalior,Lashkar(F&V),Onion,Local,FAQ,700.0,900.0,800.0,6/6/2023
Uttar Pradesh,ballia,Rasda,Potato,Desi,FAQ,840.0,1000.0,915.0,6/6/2023
Karnataka,mysore,Mysore (Bandipalya),Tomato,Tomato,FAQ,1600.0,1800.0,1700.0,6/6/2023
Meghalaya,east khasi hills,Shillong,Tomato,Hybrid,FAQ,1000.0,1500.0,1350.0,6/6/2023
Madhya Pradesh,damoh,Damoh(F&V),Tomato,Other,FAQ,1000.0,1000.0,1000.0,6/6/2023
Maharashtra,satara,Vai,Potato,Local,FAQ,1500.0,2200.0,1850.0,6/6/2023
Madhya Pradesh,ujjain,Ujjain(F&V),Potato,Desi,FAQ,362.0,885.0,616.0,6/6/2023
Madhya Pradesh,dhar,Dhamnod,Potato,Potato,FAQ,700.0,900.0,800.0,6/6/2023
Andhra Pradesh,warangal,Warangal,Potato,Potato,FAQ,1800.0,2000.0,1900.0,6/6/2023
Uttar Pradesh,banda,Baberu,Onion,Red,FAQ,900.0,1035.0,965.0,6/6/2023
Madhya Pradesh,jhabua,Thandla,Onion,Other,FAQ,600.0,1000.0,800.0,6/6/2023
Kerala,alappuzha,Aroor,Onion,Small,FAQ,6000.0,6200.0,6100.0,6/6/2023
Uttar Pradesh,jaunpur,Mugrabaadshahpur,Potato,Badshah,FAQ,855.0,1055.0,955.0,6/6/2023
Kerala,alappuzha,Aroor,Onion,Big,FAQ,1600.0,1800.0,1700.0,6/6/2023
Uttar Pradesh,badaun,Badayoun,Potato,Desi,FAQ,880.0,990.0,920.0,6/6/2023
Uttar Pradesh,aligarh,Aligarh,Onion,Red,FAQ,1000.0,1150.0,1070.0,6/6/2023
Madhya Pradesh,morena,Banmorkalan,Wheat,147 Average,FAQ,2125.0,2125.0,2125.0,6/6/2023
Uttar Pradesh,muzaffarnagar,Muzzafarnagar,Potato,Desi,FAQ,1050.0,1200.0,1100.0,6/6/2023
West Bengal,nadia,Nadia,Potato,Jyoti,FAQ,1420.0,1480.0,1450.0,6/6/2023
Uttar Pradesh,aligarh,Aligarh,Wheat,Dara,FAQ,2280.0,2320.0,2300.0,6/6/2023
Rajasthan,hanumangarh,Rawatsar,Potato,(Red Nanital),FAQ,800.0,800.0,800.0,6/6/2023
Uttar Pradesh,bareilly,Anwala,Onion,Red,FAQ,800.0,1000.0,900.0,6/6/2023
Meghalaya,east khasi hills,Sohra,Tomato,Deshi,FAQ,24000.0,28000.0,26000.0,6/6/2023
Madhya Pradesh,alirajpur,Alirajpur,Wheat,Other,FAQ,2000.0,2150.0,2100.0,6/6/2023
Karnataka,dharwad,Hubli (Amaragol),Onion,Puna,FAQ,350.0,1500.0,780.0,6/6/2023
Uttar Pradesh,jhansi,Mauranipur,Potato,Desi,FAQ,990.0,1085.0,1030.0,6/6/2023
Madhya Pradesh,harda,Harda(F&V),Tomato,Hybrid,FAQ,1000.0,1200.0,1100.0,6/6/2023
Uttar Pradesh,ghaziabad,Ghaziabad,Tomato,Deshi,FAQ,850.0,950.0,890.0,6/6/2023
West Bengal,hooghly,Kalipur,Tomato,Hybrid,FAQ,2900.0,3100.0,3000.0,6/6/2023
Uttar Pradesh,unnao,Purwa,Potato,Desi,FAQ,935.0,1025.0,985.0,6/6/2023
Maharashtra,amarawati,Anajngaon,Wheat,Other,FAQ,1900.0,2500.0,2200.0,6/6/2023
Uttar Pradesh,badaun,Visoli,Potato,Desi,FAQ,700.0,800.0,750.0,6/6/2023
Punjab,jalandhar,Phillaur(Apra Mandi),Potato,Other,FAQ,1200.0,1200.0,1200.0,6/6/2023
Uttar Pradesh,gonda,Gonda,Tomato,Deshi,FAQ,1530.0,1580.0,1550.0,6/6/2023
Punjab,sangrur,Lehra Gaga,Tomato,Other,FAQ,500.0,500.0,500.0,6/6/2023
Uttar Pradesh,aligarh,Atrauli,Potato,Desi,FAQ,750.0,850.0,800.0,6/6/2023
Uttar Pradesh,mathura,Mathura,Potato,Desi,FAQ,710.0,980.0,880.0,6/6/2023
Maharashtra,nandurbar,Navapur,Tomato,Other,FAQ,800.0,1250.0,1056.0,6/6/2023
Punjab,patiala,Samana,Potato,Other,FAQ,700.0,900.0,850.0,6/6/2023
Haryana,rohtak,Meham,Potato,Other,FAQ,500.0,700.0,600.0,6/6/2023
Uttar Pradesh,lalitpur,Lalitpur,Tomato,Hybrid,FAQ,800.0,880.0,840.0,6/6/2023
Kerala,ernakulam,Ernakulam,Tomato,Tomato,FAQ,3600.0,3800.0,3800.0,6/6/2023
Uttar Pradesh,bulandshahar,Anoop Shahar,Wheat,Dara,FAQ,2260.0,2280.0,2270.0,6/6/2023
Madhya Pradesh,guna,Guna,Wheat,147 Average,FAQ,2165.0,3795.0,2470.0,6/6/2023
Orissa,bhadrak,Chandabali,Onion,Other,FAQ,1600.0,1800.0,1700.0,6/6/2023
Maharashtra,pune,Khed(Chakan),Onion,Other,FAQ,700.0,1100.0,900.0,6/6/2023
Uttar Pradesh,bahraich,Bahraich,Potato,Desi,FAQ,1000.0,1120.0,1070.0,6/6/2023
Madhya Pradesh,jabalpur,Jabalpur(F&V),Potato,Desi,FAQ,1200.0,1600.0,1400.0,6/6/2023
Madhya Pradesh,indore,Indore(F&V),Potato,Desi,FAQ,500.0,1600.0,900.0,6/6/2023
Rajasthan,alwar,Alwar (F&V),Onion,Other,FAQ,1200.0,1600.0,1400.0,6/6/2023
Uttar Pradesh,saharanpur,Saharanpur,Potato,Desi,FAQ,975.0,1250.0,1120.0,6/6/2023
Haryana,rohtak,Meham,Onion,Other,FAQ,1000.0,1000.0,1000.0,6/6/2023
Kerala,ernakulam,Angamaly,Onion,Big,FAQ,1900.0,2500.0,2200.0,6/6/2023
Kerala,kannur,Kannur,Onion,Other,FAQ,1600.0,2000.0,1800.0,6/6/2023
Uttar Pradesh,badaun,Babrala,Wheat,Dara,FAQ,2170.0,2200.0,2190.0,6/6/2023
Uttar Pradesh,prayagraj,Allahabad,Wheat,Dara,FAQ,2150.0,2450.0,2280.0,6/6/2023
Uttar Pradesh,mirzapur,Ahirora,Onion,Red,FAQ,1000.0,1250.0,1110.0,6/6/2023
Orissa,kendrapara,Gopa,Potato,Potato,FAQ,1500.0,1600.0,1600.0,6/6/2023
Maharashtra,nagpur,Ramtek,Tomato,Other,FAQ,1800.0,2000.0,1900.0,6/6/2023
Uttar Pradesh,rampur,Rampur,Tomato,Deshi,FAQ,820.0,870.0,840.0,6/6/2023
Chattisgarh,durg,Durg,Potato,Potato,FAQ,1700.0,1800.0,1750.0,6/6/2023
Himachal Pradesh,kangra,Kangra,Potato,Other,FAQ,1200.0,1500.0,1350.0,6/6/2023
Madhya Pradesh,bhopal,Berasia,Wheat,PISSI,FAQ,2080.0,2450.0,2240.0,6/6/2023
Madhya Pradesh,guna,Aron,Wheat,Other,FAQ,2000.0,4320.0,2250.0,6/6/2023
Uttar Pradesh,fatehpur,Fatehpur,Tomato,Deshi,FAQ,800.0,1000.0,890.0,6/6/2023
Madhya Pradesh,anupur,Anuppur,Wheat,Deshi,FAQ,2200.0,2200.0,2200.0,6/6/2023
Uttar Pradesh,prayagraj,Jasra,Onion,Red,FAQ,1030.0,1180.0,1100.0,6/6/2023
Madhya Pradesh,sagar,Banda,Wheat,Mill Quality,FAQ,2215.0,2260.0,2238.0,6/6/2023
West Bengal,nadia,Kalyani,Onion,Onion,FAQ,1300.0,1500.0,1400.0,6/6/2023
Gujarat,bharuch,Ankleshwar,Onion,Medium,FAQ,600.0,1000.0,800.0,6/6/2023
Uttar Pradesh,azamgarh,Azamgarh,Potato,Desi,FAQ,890.0,1040.0,965.0,6/6/2023
Maharashtra,beed,Beed,Wheat,Other,FAQ,2180.0,3300.0,2564.0,6/6/2023
Maharashtra,pune,Pune(Moshi),Tomato,Local,FAQ,1000.0,1500.0,1250.0,6/6/2023
Haryana,fatehabad,Ratia,Tomato,Other,FAQ,500.0,500.0,500.0,6/6/2023
Haryana,sirsa,kalanwali,Onion,Other,FAQ,1000.0,1000.0,1000.0,6/6/2023
Haryana,palwal,Palwal,Potato,Potato,FAQ,900.0,1000.0,950.0,6/6/2023
Himachal Pradesh,mandi,Dhanotu (Mandi),Tomato,Other,FAQ,1000.0,1500.0,1250.0,6/6/2023
Haryana,yamuna nagar,Sadhaura,Potato,Potato,FAQ,700.0,900.0,800.0,6/6/2023
Uttar Pradesh,mirzapur,Ahirora,Potato,Badshah,FAQ,800.0,1050.0,920.0,6/6/2023
Punjab,barnala,Barnala,Onion,Other,FAQ,650.0,1300.0,975.0,6/6/2023
Punjab,patiala,Rajpura,Tomato,Local,FAQ,500.0,700.0,600.0,6/6/2023
Andhra Pradesh,hyderabad,L B Nagar,Tomato,Deshi,FAQ,1600.0,2800.0,2200.0,6/6/2023
Uttar Pradesh,lucknow,Lucknow,Potato,Desi,FAQ,940.0,1040.0,1000.0,6/6/2023
West Bengal,kolkata,Bara Bazar (Posta Bazar),Potato,Jyoti,FAQ,1500.0,1530.0,1520.0,6/6/2023
Andhra Pradesh,hyderabad,Mahboob Manison,Onion,1st Sort,FAQ,1400.0,1900.0,1700.0,6/6/2023
Chandigarh,chandigarh,Chandigarh(Grain/Fruit),Potato,Other,FAQ,400.0,1400.0,1000.0,6/6/2023
Himachal Pradesh,mandi,Mandi(Takoli),Onion,Other,FAQ,1400.0,1600.0,1500.0,6/6/2023
Himachal Pradesh,hamirpur,Raath,Tomato,Deshi,FAQ,970.0,1050.0,1015.0,6/6/2023
Delhi,delhi,Shahdara,Onion,Other,FAQ,700.0,900.0,800.0,6/6/2023
Himachal Pradesh,solan,Solan,Onion,Other,FAQ,1000.0,1700.0,1400.0,6/6/2023
Uttar Pradesh,bulandshahar,Sikarpur,Potato,Potato,FAQ,650.0,900.0,750.0,6/6/2023
Orissa,nuapada,Khariar Road,Potato,Other,FAQ,1500.0,2000.0,2000.0,6/6/2023
Orissa,bhadrak,Chandabali,Potato,Other,FAQ,1400.0,1600.0,1500.0,6/6/2023
West Bengal,birbhum,Sainthia,Tomato,Deshi,FAQ,3400.0,3600.0,3500.0,6/6/2023
Uttar Pradesh,bulandshahar,Anoop Shahar,Onion,Red,FAQ,1000.0,1400.0,1200.0,6/6/2023
Haryana,kaithal,Dhand,Onion,Other,FAQ,1800.0,2200.0,2150.0,6/6/2023
Gujarat,rajkot,Gondal,Wheat,Sechor No. 1,FAQ,2140.0,2580.0,2340.0,6/6/2023
Kerala,kollam,Kottarakkara,Potato,Other,FAQ,3500.0,3500.0,3500.0,6/6/2023
Rajasthan,bikaner,Bikaner (F&V),Onion,Other,FAQ,600.0,800.0,700.0,6/6/2023
West Bengal,nadia,Kalyani,Potato,Jyoti,FAQ,1450.0,1470.0,1460.0,6/6/2023
Kerala,ernakulam,Kothamangalam,Potato,Other,FAQ,3000.0,3500.0,3200.0,6/6/2023
Madhya Pradesh,khargone,Badwaha,Potato,Other,FAQ,600.0,1200.0,800.0,6/6/2023
Madhya Pradesh,khandwa,Khandwa(F&V),Tomato,Other,FAQ,600.0,1200.0,837.0,6/6/2023
Uttar Pradesh,gonda,Gonda,Potato,Chandermukhi,FAQ,980.0,1020.0,1000.0,6/6/2023
Maharashtra,nagpur,Kamthi,Tomato,Local,FAQ,1200.0,1600.0,1400.0,6/6/2023
Uttar Pradesh,basti,Basti,Onion,Red,FAQ,1090.0,1190.0,1140.0,6/6/2023
Haryana,jind,Narwana,Potato,Other,FAQ,800.0,1000.0,900.0,6/6/2023
Maharashtra,akola,Akola,Onion,Other,FAQ,300.0,1000.0,800.0,6/6/2023
Punjab,nawanshahr,Nawan Shahar(Subzi Mandi),Potato,Other,FAQ,700.0,800.0,750.0,6/6/2023
Punjab,sangrur,Malerkotla,Tomato,Other,FAQ,1000.0,1300.0,1200.0,6/6/2023
Uttar Pradesh,jhansi,Gurusarai,Onion,Red,FAQ,980.0,1050.0,1020.0,6/6/2023
Uttar Pradesh,etah,Aliganj,Wheat,Dara,FAQ,2250.0,2280.0,2275.0,6/6/2023
Uttar Pradesh,shahjahanpur,Tilhar,Tomato,Tomato,FAQ,970.0,1030.0,1000.0,6/6/2023
West Bengal,hooghly,Pandua,Potato,Jyoti,FAQ,1340.0,1380.0,1360.0,6/6/2023
West Bengal,jalpaiguri,Jalpaiguri Sadar,Onion,Other,FAQ,1400.0,1600.0,1500.0,6/6/2023
Uttar Pradesh,bulandshahar,Jahangirabad,Potato,Desi,FAQ,1017.0,1215.0,1116.0,6/6/2023
Kerala,kottayam,Ettumanoor,Tomato,Tomato,FAQ,4800.0,5200.0,5000.0,6/6/2023
Maharashtra,jalgaon,Jalgaon,Potato,Other,FAQ,800.0,1200.0,1000.0,6/6/2023
Rajasthan,dausa,Bandikui,Wheat,Other,FAQ,2100.0,2200.0,2150.0,6/6/2023
 Punjab,fazilka,Fazilka,Potato,Other,FAQ,1000.0,1200.0,1100.0,6/6/2023
Uttar Pradesh,ambedkarnagar,Akbarpur,Potato,Desi,FAQ,1040.0,1100.0,1080.0,6/6/2023
Haryana,jind,Safidon,Tomato,Other,FAQ,700.0,700.0,700.0,6/6/2023
Maharashtra,nashik,Nandgaon,Onion,Other,FAQ,100.0,1001.0,500.0,6/6/2023
Uttar Pradesh,firozabad,Shikohabad,Tomato,Hybrid,FAQ,800.0,1000.0,900.0,6/6/2023
Madhya Pradesh,harda,Harda(F&V),Potato,Desi,FAQ,950.0,1000.0,970.0,6/6/2023
Orissa,rayagada,Rayagada,Tomato,Local,FAQ,2400.0,2500.0,2500.0,6/6/2023
Uttar Pradesh,agra,Samsabad,Tomato,Hybrid,FAQ,700.0,900.0,800.0,6/6/2023
Punjab,patiala,Samana,Tomato,Hybrid,FAQ,600.0,800.0,650.0,6/6/2023
Gujarat,kheda,Kapadvanj,Potato,Other,FAQ,800.0,1000.0,900.0,6/6/2023
Himachal Pradesh,mandi,Mandi(Mandi),Onion,Onion,FAQ,1300.0,1600.0,1400.0,6/6/2023
Kerala,alappuzha,Chengannur,Onion,Small,FAQ,6500.0,7000.0,6700.0,6/6/2023
Gujarat,rajkot,Jasdan,Wheat,2189 No. 2,FAQ,2000.0,2600.0,2160.0,6/6/2023
Maharashtra,latur,Aurad Shahajani,Wheat,Maharashtra 2189,FAQ,2001.0,2851.0,2426.0,6/6/2023
West Bengal,jalpaiguri,Jalpaiguri Sadar,Potato,Jyoti,FAQ,1000.0,1200.0,1100.0,6/6/2023
Madhya Pradesh,dhar,Dhamnod,Tomato,Tomato,FAQ,900.0,900.0,900.0,6/6/2023
Maharashtra,nashik,Chandvad,Onion,Other,FAQ,200.0,1252.0,800.0,6/6/2023
Andhra Pradesh,mahbubnagar,Kalwakurthy,Potato,Local,FAQ,2000.0,2000.0,2000.0,6/6/2023
Chhattisgarh,bilaspur,Bilaspur,Onion,Other,FAQ,1300.0,1800.0,1600.0,6/6/2023
Gujarat,navsari,Bilimora,Onion,Nasik,FAQ,700.0,1200.0,900.0,6/6/2023
Maharashtra,ahmednagar,Akole,Onion,Other,FAQ,101.0,1200.0,951.0,6/6/2023
West Bengal,paschim bardhaman,Durgapur,Onion,Other,FAQ,1300.0,1550.0,1400.0,6/6/2023
Andhra Pradesh,medak,Vantamamidi,Potato,Local,FAQ,1000.0,1000.0,1000.0,6/6/2023
Punjab,patiala,Nabha,Tomato,Other,FAQ,300.0,600.0,400.0,6/6/2023
Delhi,delhi,Azadpur,Potato,Potato,FAQ,300.0,1800.0,960.0,6/6/2023
Uttar Pradesh,bahraich,Naanpara,Tomato,Hybrid,FAQ,1540.0,1600.0,1570.0,6/6/2023
Uttar Pradesh,barabanki,Barabanki,Potato,Desi,FAQ,1040.0,1110.0,1080.0,6/6/2023
Madhya Pradesh,rajgarh,Biaora,Onion,1st Sort,FAQ,200.0,900.0,800.0,6/6/2023
Uttar Pradesh,muzaffarnagar,Muzzafarnagar,Tomato,Deshi,FAQ,760.0,880.0,820.0,6/6/2023
Uttar Pradesh,etawah,Jasvantnagar,Potato,Potato,FAQ,800.0,1000.0,900.0,6/6/2023
Uttar Pradesh,barabanki,Barabanki,Wheat,Dara,FAQ,2280.0,2310.0,2300.0,6/6/2023
Uttar Pradesh,amroha,Hasanpur,Tomato,Deshi,FAQ,930.0,1020.0,950.0,6/6/2023
Kerala,kottayam,Kottayam,Onion,Onion,FAQ,5200.0,5600.0,5400.0,6/6/2023
Karnataka,belgaum,Belgaum,Onion,Pusa-Red,FAQ,800.0,1400.0,1000.0,6/6/2023
Gujarat,bhavnagar,Mahuva(Station Road),Onion,White,FAQ,1000.0,1300.0,1150.0,6/6/2023
Karnataka,bellary,Hospet,Potato,Potato,FAQ,1300.0,1500.0,1400.0,6/6/2023
Madhya Pradesh,indore,Mhow,Potato,Other,FAQ,200.0,800.0,400.0,6/6/2023
Haryana,mewat,Nuh,Tomato,Other,FAQ,400.0,600.0,600.0,6/6/2023
Karnataka,mandya,K.R. Pet,Tomato,Tomato,FAQ,1000.0,1000.0,1000.0,6/6/2023
Uttar Pradesh,prayagraj,Ajuha,Potato,Desi,FAQ,800.0,970.0,900.0,6/6/2023
Nagaland,kohima,Kohima,Potato,Potato,FAQ,2500.0,2700.0,2600.0,6/6/2023
Uttar Pradesh,bulandshahar,Anoop Shahar,Potato,F.A.Q.,FAQ,800.0,1000.0,900.0,6/6/2023
Uttar Pradesh,auraiya,Auraiya,Onion,Red,FAQ,1040.0,1200.0,1120.0,6/6/2023
Haryana,rewari,Rewari,Tomato,Other,FAQ,500.0,800.0,600.0,6/6/2023
Maharashtra,sangli,Islampur,Potato,Other,FAQ,1500.0,2000.0,1700.0,6/6/2023
Uttar Pradesh,saharanpur,Gangoh,Potato,Desi,FAQ,800.0,1100.0,1000.0,6/6/2023
Gujarat,amreli,Amreli,Wheat,Lokwan,FAQ,2025.0,2430.0,2340.0,6/6/2023
West Bengal,bankura,Bankura Sadar,Potato,Jyoti,FAQ,1240.0,1270.0,1260.0,6/6/2023
Uttar Pradesh,bareilly,Anwala,Potato,Local,FAQ,800.0,1000.0,900.0,6/6/2023
Uttar Pradesh,shahjahanpur,Tilhar,Potato,Potato,FAQ,600.0,640.0,620.0,6/6/2023
Uttar Pradesh,mainpuri,Mainpuri,Onion,Red,FAQ,800.0,990.0,900.0,6/6/2023
Uttar Pradesh,sonbhadra,Robertsganj,Tomato,Hybrid,FAQ,740.0,950.0,830.0,6/6/2023
Haryana,panipat,Panipat,Onion,Other,FAQ,500.0,1000.0,700.0,6/6/2023
West Bengal,jalpaiguri,Belacoba,Onion,Other,FAQ,1400.0,1600.0,1500.0,6/6/2023
West Bengal,puruliya,Kasipur,Potato,Jyoti,FAQ,1220.0,1260.0,1240.0,6/6/2023
Uttar Pradesh,jhansi,Jhansi,Onion,Red,FAQ,940.0,1000.0,980.0,6/6/2023
Madhya Pradesh,bhind,Bhind,Wheat,Mill Quality,FAQ,2236.0,2260.0,2250.0,6/6/2023
Uttar Pradesh,sitapur,Viswan,Tomato,Hybrid,FAQ,970.0,1010.0,990.0,6/6/2023
Uttar Pradesh,jhansi,Jhansi,Tomato,Deshi,FAQ,800.0,855.0,825.0,6/6/2023
Haryana,panchkula,Barwala,Onion,Onion,FAQ,800.0,1000.0,900.0,6/6/2023
Madhya Pradesh,dhar,Kukshi,Tomato,Tomato,FAQ,700.0,1600.0,1100.0,6/6/2023
Andhra Pradesh,nalgonda,Miryalguda(Rythu Bazar),Potato,Potato,FAQ,3000.0,3000.0,3000.0,6/6/2023
Haryana,mewat,FerozpurZirkha(Nagina),Onion,Other,FAQ,1000.0,1400.0,1200.0,6/6/2023
Rajasthan,tonk,Tonk,Potato,Desi,FAQ,1050.0,1250.0,1200.0,6/6/2023
Madhya Pradesh,indore,Mhow,Tomato,Deshi,FAQ,1300.0,2500.0,2000.0,6/6/2023
 Punjab,fazilka,Abohar,Potato,Potato,FAQ,845.0,1025.0,950.0,6/6/2023
Maharashtra,sangli,"Sangli(Phale, Bhajipura Market)",Potato,Local,FAQ,1500.0,2000.0,1750.0,6/6/2023
Uttar Pradesh,shravasti,Payagpur,Potato,Red,FAQ,700.0,900.0,800.0,6/6/2023
Uttar Pradesh,etawah,Bharthna,Onion,Red,FAQ,1160.0,1360.0,1260.0,6/6/2023
Rajasthan,churu,Churu,Onion,1st Sort,FAQ,600.0,800.0,700.0,6/6/2023
West Bengal,alipurduar,Falakata,Tomato,Other,FAQ,1700.0,1800.0,1750.0,6/6/2023
Uttar Pradesh,maharajganj,Nautnava,Onion,Red,FAQ,1300.0,1500.0,1400.0,6/6/2023
Uttar Pradesh,agra,Samsabad,Potato,Potato,FAQ,700.0,900.0,800.0,6/6/2023
Maharashtra,pune,Pune,Tomato,Local,FAQ,600.0,1600.0,1100.0,6/6/2023
Himachal Pradesh,hamirpur,Hamirpur(Nadaun),Potato,Other,FAQ,1200.0,1600.0,1400.0,6/6/2023
Karnataka,bangalore,Bangalore,Wheat,Local,FAQ,3000.0,4000.0,3500.0,6/6/2023
Haryana,mewat,Punhana,Tomato,Other,FAQ,500.0,600.0,600.0,6/6/2023
West Bengal,puruliya,Purulia,Tomato,Other,FAQ,1800.0,2200.0,2000.0,6/6/2023
Uttar Pradesh,amethi,Jafarganj,Onion,Red,FAQ,1200.0,1260.0,1230.0,6/6/2023
Haryana,rohtak,Sampla,Potato,Other,FAQ,1500.0,1500.0,1500.0,6/6/2023
Maharashtra,latur,Ahmedpur,Wheat,Other,FAQ,2050.0,2600.0,2325.0,6/6/2023
Kerala,kollam,Sasthamkotta,Tomato,Other,FAQ,6000.0,6500.0,6200.0,6/6/2023
Uttar Pradesh,auraiya,Achalda,Wheat,Dara,FAQ,2200.0,2300.0,2240.0,6/6/2023
Uttar Pradesh,lalitpur,Lalitpur,Potato,Local,FAQ,960.0,1030.0,990.0,6/6/2023
West Bengal,bankura,Khatra,Tomato,Tomato,FAQ,3000.0,4200.0,4000.0,6/6/2023
Uttar Pradesh,bulandshahar,Sikarpur,Tomato,Deshi,FAQ,600.0,800.0,700.0,6/6/2023
West Bengal,nadia,Chakdah,Potato,Jyoti,FAQ,1450.0,1470.0,1460.0,6/6/2023
Chhattisgarh,bilaspur,Bilaspur,Wheat,Local,FAQ,2365.0,2403.0,2378.0,6/6/2023
Uttar Pradesh,banda,Atarra,Potato,Desi,FAQ,1000.0,1100.0,1050.0,6/6/2023
Maharashtra,nashik,Sinner,Onion,Other,FAQ,100.0,897.0,650.0,6/6/2023
Rajasthan,hanumangarh,Sangriya,Potato,Potato,FAQ,200.0,1400.0,800.0,6/6/2023
Uttar Pradesh,sitapur,Sitapur,Onion,Red,FAQ,1000.0,1150.0,1070.0,6/6/2023
Bihar,sheikhpura,Barbigha,Tomato,Deshi,FAQ,1700.0,2300.0,2000.0,6/6/2023
Uttar Pradesh,unnao,Bangarmau,Potato,Desi,FAQ,950.0,975.0,970.0,6/6/2023
Haryana,jind,Jind,Tomato,Other,FAQ,600.0,800.0,700.0,6/6/2023
Haryana,jind,Jind,Potato,Other,FAQ,700.0,1000.0,1000.0,6/6/2023
Uttar Pradesh,banda,Banda,Potato,Desi,FAQ,1010.0,1140.0,1075.0,6/6/2023
Bihar,sheikhpura,Barbigha,Onion,1st Sort,FAQ,1300.0,1500.0,1400.0,6/6/2023
Assam,lakhimpur,Lakhimpur,Tomato,Deshi,FAQ,930.0,1040.0,990.0,6/6/2023
Bihar,sheikhpura,Barbigha,Potato,(Red Nanital),FAQ,800.0,1000.0,900.0,6/6/2023
Andhra Pradesh,mahbubnagar,Kalwakurthy,Tomato,Local,FAQ,1000.0,2800.0,1900.0,6/6/2023
Madhya Pradesh,rajgarh,Narsinghgarh,Onion,Other,FAQ,100.0,1200.0,750.0,6/6/2023
West Bengal,murshidabad,Jangipur,Onion,Red,FAQ,1250.0,1300.0,1280.0,6/6/2023
Uttar Pradesh,mahoba,Mahoba,Tomato,Local,FAQ,900.0,1000.0,975.0,6/6/2023
Maharashtra,chandrapur,Chandrapur(Ganjwad),Onion,White,FAQ,1200.0,2000.0,1500.0,6/6/2023
Haryana,gurgaon,Gurgaon,Potato,Other,FAQ,800.0,1000.0,900.0,6/6/2023
Gujarat,gandhinagar,"Kalol(Veg,Market,Kalol)",Tomato,Other,FAQ,750.0,1000.0,850.0,6/6/2023
Uttar Pradesh,bulandshahar,Jahangirabad,Tomato,Deshi,FAQ,680.0,870.0,775.0,6/6/2023
Maharashtra,nashik,Dindori,Onion,Other,FAQ,500.0,1240.0,750.0,6/6/2023
Maharashtra,pune,Pune(Manjri),Tomato,Other,FAQ,900.0,2000.0,1500.0,6/6/2023
Rajasthan,jodhpur,Jodhpur (F&V),Onion,Other,FAQ,300.0,900.0,600.0,6/6/2023
Haryana,kaithal,Siwan,Potato,Other,FAQ,1200.0,1400.0,1400.0,6/6/2023
Uttar Pradesh,agra,Agra,Wheat,Dara,FAQ,2290.0,2340.0,2310.0,6/6/2023
Haryana,kurukshetra,Shahabad,Tomato,Tomato,FAQ,300.0,800.0,500.0,6/6/2023
Punjab,muktsar,Bariwala,Potato,Other,FAQ,700.0,700.0,700.0,6/6/2023
West Bengal,bankura,Bishnupur(Bankura),Potato,Jyoti,FAQ,1220.0,1250.0,1230.0,6/6/2023
Rajasthan,pratapgarh,Pratapgarh,Potato,Desi,FAQ,1000.0,1150.0,1070.0,6/6/2023
Orissa,kendrapara,Kendrapara(Marshaghai),Potato,Potato,FAQ,1500.0,1600.0,1500.0,6/6/2023
Maharashtra,nashik,Lasalgaon(Vinchur),Onion,Other,FAQ,350.0,1301.0,875.0,6/6/2023
Uttar Pradesh,pratapgarh,Pratapgarh,Potato,Desi,FAQ,1000.0,1150.0,1070.0,6/6/2023
Maharashtra,dhule,Dhule,Onion,Red,FAQ,100.0,700.0,600.0,6/6/2023
Gujarat,amreli,Bagasara,Wheat,Lokwan Gujrat,FAQ,2080.0,2325.0,2202.0,6/6/2023
Uttar Pradesh,bahraich,Bahraich,Wheat,Dara,FAQ,2290.0,2450.0,2385.0,6/6/2023
Chhattisgarh,bilaspur,Tiphra,Potato,Other,FAQ,1200.0,1400.0,1300.0,6/6/2023
Uttar Pradesh,ghazipur,Gazipur,Tomato,Hybrid,FAQ,850.0,890.0,870.0,6/6/2023
Uttar Pradesh,prayagraj,Ajuha,Wheat,Dara,FAQ,2200.0,2300.0,2260.0,6/6/2023
Rajasthan,hanumangarh,Hanumangarh(Urlivas),Tomato,Deshi,FAQ,1600.0,1600.0,1600.0,6/6/2023
Jammu & Kashmir,jammu,Akhnoor,Onion,Other,FAQ,1200.0,1400.0,1300.0,6/6/2023
Maharashtra,raigad,Pen,Onion,Red,FAQ,1200.0,1400.0,1200.0,6/6/2023
Uttar Pradesh,unnao,Bangarmau,Tomato,Deshi,FAQ,950.0,1000.0,980.0,6/6/2023
Madhya Pradesh,indore,Sanwer,Onion,Other,FAQ,650.0,900.0,830.0,6/6/2023
Uttar Pradesh,sonbhadra,Dudhi,Tomato,Deshi,FAQ,900.0,0.0,1000.0,6/6/2023
Kerala,thiruvananthapuram,Aralamoodu,Potato,Potato,FAQ,3500.0,3500.0,3500.0,6/6/2023
Punjab,moga,Kot ise Khan,Tomato,Other,FAQ,500.0,700.0,600.0,6/6/2023
West Bengal,nadia,Chakdah,Onion,Other,FAQ,1500.0,1650.0,1600.0,6/6/2023
Punjab,kapurthala,Phagwara,Onion,Other,FAQ,988.0,1413.0,1413.0,6/6/2023
Uttar Pradesh,badaun,Wazirganj,Potato,Desi,FAQ,860.0,960.0,910.0,6/6/2023
Uttar Pradesh,badaun,Bilsi,Potato,Local,FAQ,900.0,1000.0,915.0,6/6/2023
Maharashtra,ahmednagar,Rahata,Tomato,Other,FAQ,500.0,1500.0,1000.0,6/6/2023
Kerala,thiruvananthapuram,Aralamoodu,Onion,Onion,FAQ,2500.0,2500.0,2500.0,6/6/2023
Uttar Pradesh,agra,Agra,Potato,Desi,FAQ,650.0,950.0,825.0,6/6/2023
Haryana,bhiwani,Ch. Dadri,Onion,Other,FAQ,600.0,1200.0,900.0,6/6/2023
Haryana,ambala,Shahzadpur,Tomato,Local,FAQ,600.0,1000.0,800.0,6/6/2023
Uttar Pradesh,firozabad,Sirsaganj,Potato,Local,FAQ,730.0,930.0,830.0,6/6/2023
Karnataka,bangalore,Bangalore,Onion,Puna,FAQ,800.0,1500.0,1200.0,6/6/2023
Haryana,kaithal,Siwan,Onion,Other,FAQ,1100.0,1300.0,1200.0,6/6/2023
Punjab,sangrur,Sangrur,Onion,Onion,FAQ,700.0,900.0,800.0,6/6/2023
Punjab,jalandhar,Lohian Khas,Potato,Other,FAQ,800.0,1000.0,900.0,6/6/2023
Orissa,jharsuguda,Jharsuguda,Onion,Other,FAQ,2000.0,2000.0,2000.0,6/6/2023
Andhra Pradesh,nalgonda,Miryalguda(Rythu Bazar),Onion,Red,FAQ,1500.0,1500.0,1500.0,6/6/2023
Uttar Pradesh,basti,Basti,Wheat,Dara,FAQ,2125.0,2300.0,2250.0,6/6/2023
Gujarat,ahmedabad,Ahmedabad(Chimanbhai Patal Market Vasana),Potato,Desi,FAQ,700.0,1100.0,950.0,6/6/2023
Maharashtra,sholapur,Solapur,Potato,Local,FAQ,600.0,2150.0,1300.0,6/6/2023
Uttar Pradesh,saharanpur,Saharanpur,Tomato,Hybrid,FAQ,640.0,920.0,780.0,6/6/2023
Punjab,ludhiana,Doraha,Tomato,Other,FAQ,500.0,1500.0,1033.0,6/6/2023
Kerala,kottayam,Kanjirappally,Potato,Potato,FAQ,3500.0,4000.0,3800.0,6/6/2023
Uttar Pradesh,amroha,Hasanpur,Onion,Nasik,FAQ,930.0,1200.0,950.0,6/6/2023
Gujarat,ahmedabad,Ahmedabad(Chimanbhai Patal Market Vasana),Potato,Chips,FAQ,1500.0,1900.0,1750.0,6/6/2023
Karnataka,mysore,Mysore (Bandipalya),Onion,Other,FAQ,800.0,1400.0,1000.0,6/6/2023
Uttar Pradesh,sambhal,Sambhal,Potato,Desi,FAQ,600.0,690.0,670.0,6/6/2023
West Bengal,paschim bardhaman,Durgapur,Potato,Jyoti,FAQ,1300.0,1500.0,1400.0,6/6/2023
Uttar Pradesh,mirzapur,Ahirora,Potato,Badshah,FAQ,850.0,1050.0,950.0,6/7/2023
Himachal Pradesh,hamirpur,Muskara,Wheat,Dara,FAQ,2125.0,2240.0,2230.0,6/7/2023
Madhya Pradesh,ratlam,Sailana,Onion,Other,FAQ,772.0,1112.0,800.0,6/7/2023
Punjab,ludhiana,Khanna,Onion,Other,FAQ,600.0,1300.0,800.0,6/7/2023
Andhra Pradesh,mahbubnagar,Devarakadra,Onion,Red,FAQ,950.0,1200.0,1075.0,6/7/2023
Maharashtra,pune,Pune(Manjri),Onion,Local,FAQ,500.0,800.0,600.0,6/7/2023
Madhya Pradesh,khandwa,Khandwa(F&V),Potato,Potato,FAQ,500.0,1200.0,600.0,6/7/2023
Uttar Pradesh,auraiya,Achalda,Potato,Badshah,FAQ,780.0,980.0,880.0,6/7/2023
Assam,kamrup,Pamohi(Garchuk),Onion,Nasik,FAQ,2000.0,2000.0,2000.0,6/7/2023
Rajasthan,hanumangarh,Sangriya,Wheat,Other,FAQ,2175.0,2205.0,2192.0,6/7/2023
Maharashtra,pune,Junnar(Otur),Potato,Local,FAQ,300.0,1550.0,900.0,6/7/2023
Meghalaya,west garo hills,Dadengiri,Tomato,Local,FAQ,3000.0,3500.0,3300.0,6/7/2023
Gujarat,jamnagar,Jam Jodhpur,Wheat,Other,FAQ,2000.0,2325.0,2150.0,6/7/2023
Kerala,idukki,Thodupuzha,Onion,Big,FAQ,1600.0,1650.0,1650.0,6/7/2023
Uttar Pradesh,badaun,Bilsi,Tomato,Local,FAQ,650.0,715.0,710.0,6/7/2023
Orissa,nuapada,Khariar,Onion,Dry F.A.Q.,FAQ,1500.0,2000.0,1600.0,6/7/2023
Uttar Pradesh,prayagraj,Ajuha,Potato,Desi,FAQ,800.0,980.0,900.0,6/7/2023
West Bengal,nadia,Karimpur,Potato,Jyoti,FAQ,1400.0,1450.0,1425.0,6/7/2023
Kerala,ernakulam,Angamaly,Potato,Potato,FAQ,2800.0,3800.0,3300.0,6/7/2023
Haryana,sonipat,Sonepat(Kharkhoda),Onion,Other,FAQ,800.0,1200.0,1000.0,6/7/2023
Assam,lakhimpur,Lakhimpur,Wheat,Dara,FAQ,2190.0,2365.0,2285.0,6/7/2023
Maharashtra,pune,Khed(Chakan),Potato,Other,FAQ,1200.0,1800.0,1500.0,6/7/2023
Karnataka,davangere,Davangere,Potato,Potato,FAQ,1200.0,1500.0,1400.0,6/7/2023
Kerala,alappuzha,Chengannur,Potato,Other,FAQ,2000.0,2800.0,2500.0,6/7/2023
Uttar Pradesh,maharajganj,Anandnagar,Potato,Red,FAQ,1100.0,1260.0,1180.0,6/7/2023
Madhya Pradesh,tikamgarh,Jatara,Wheat,Other,FAQ,2125.0,2125.0,2125.0,6/7/2023
Madhya Pradesh,sagar,Deori,Tomato,Tomato,FAQ,700.0,900.0,800.0,6/7/2023
Madhya Pradesh,burhanpur,Burhanpur,Wheat,Other,FAQ,2126.0,2277.0,2225.0,6/7/2023
Uttar Pradesh,fatehpur,Khaga,Potato,Desi,FAQ,600.0,800.0,700.0,6/7/2023
Gujarat,bhavnagar,Mahuva(Station Road),Onion,Other,FAQ,405.0,2155.0,1720.0,6/7/2023
Madhya Pradesh,rewa,Hanumana,Wheat,Other,FAQ,2125.0,2200.0,2140.0,6/7/2023
Rajasthan,churu,Churu,Potato,(Red Nanital),FAQ,1100.0,1300.0,1200.0,6/7/2023
Maharashtra,amarawati,Amrawati(Frui & Veg. Market),Onion,Local,FAQ,300.0,1300.0,800.0,6/7/2023
Chandigarh,chandigarh,Chandigarh(Grain/Fruit),Tomato,Other,FAQ,400.0,1200.0,1000.0,6/7/2023
Uttar Pradesh,ghaziabad,Hapur,Wheat,Dara,FAQ,2200.0,2360.0,2250.0,6/7/2023
Madhya Pradesh,dhar,Dhamnod,Potato,Potato,FAQ,800.0,1000.0,900.0,6/7/2023
Rajasthan,bharatpur,Bayana,Onion,Onion,FAQ,1050.0,1050.0,1050.0,6/7/2023
Haryana,ambala,Shahzadpur,Onion,Local,FAQ,700.0,1300.0,800.0,6/7/2023
Maharashtra,nagpur,Kamthi,Potato,Local,FAQ,1600.0,2000.0,1800.0,6/7/2023
Kerala,idukki,Nedumkandam,Onion,Small,FAQ,6000.0,6000.0,6000.0,6/7/2023
Uttar Pradesh,etawah,Etawah,Tomato,Hybrid,FAQ,740.0,940.0,840.0,6/7/2023
Madhya Pradesh,chhindwara,Chhindwara(F&V),Tomato,Deshi,FAQ,700.0,900.0,800.0,6/7/2023
Karnataka,davangere,Davangere,Tomato,Tomato,FAQ,2500.0,2800.0,2600.0,6/7/2023
Rajasthan,ajmer,Madanganj Kishangarh,Potato,(Red Nanital),FAQ,800.0,1100.0,950.0,6/7/2023
Madhya Pradesh,ujjain,Mahidpur,Wheat,Other,FAQ,1599.0,2611.0,2090.0,6/7/2023
Uttar Pradesh,agra,Jagnair,Wheat,Dara,FAQ,2200.0,2240.0,2220.0,6/7/2023
Kerala,ernakulam,Aluva,Potato,Potato,FAQ,2300.0,3000.0,2700.0,6/7/2023
Uttar Pradesh,ballia,Rasda,Onion,Red,FAQ,1050.0,1200.0,1120.0,6/7/2023
Punjab,ludhiana,Machhiwara,Potato,Other,FAQ,900.0,1200.0,1000.0,6/7/2023
Assam,kamrup,Pamohi(Garchuk),Onion,Medium,FAQ,1650.0,2000.0,1700.0,6/7/2023
Haryana,kaithal,Dhand,Tomato,Deshi,FAQ,500.0,700.0,650.0,6/7/2023
Maharashtra,ahmednagar,Shrigonda,Onion,Other,FAQ,300.0,1100.0,900.0,6/7/2023
Gujarat,dahod,Limkheda,Wheat,Other,FAQ,2250.0,2450.0,2350.0,6/7/2023
Maharashtra,ahmednagar,Parner,Onion,Other,FAQ,100.0,1600.0,950.0,6/7/2023
Uttar Pradesh,saharanpur,Deoband,Tomato,Deshi,FAQ,700.0,1000.0,800.0,6/7/2023
Haryana,sirsa,Dabwali,Tomato,Other,FAQ,300.0,600.0,500.0,6/7/2023
Punjab,faridkot,Faridkot,Tomato,Tomato,FAQ,200.0,400.0,300.0,6/7/2023
Rajasthan,sikar,Sikar,Potato,(Red Nanital),FAQ,900.0,1000.0,900.0,6/7/2023
Haryana,yamuna nagar,Chhachrauli,Tomato,Tomato,FAQ,500.0,700.0,500.0,6/7/2023
Rajasthan,udaipur,Udaipur (F&V),Tomato,Other,FAQ,1000.0,2200.0,1600.0,6/7/2023
Haryana,sirsa,Dabwali,Potato,Other,FAQ,400.0,1000.0,800.0,6/7/2023
Punjab,faridkot,Jaitu,Onion,Nasik,FAQ,1000.0,1000.0,1000.0,6/7/2023
Uttar Pradesh,sonbhadra,Dudhi,Tomato,Deshi,FAQ,1000.0,0.0,1100.0,6/7/2023
Maharashtra,sholapur,Solapur,Potato,Local,FAQ,600.0,1350.0,1000.0,6/7/2023
Orissa,dhenkanal,Kamakhyanagar,Potato,Potato,FAQ,1900.0,2100.0,2000.0,6/7/2023
Haryana,palwal,Hodal,Potato,Potato,FAQ,700.0,900.0,800.0,6/7/2023
Madhya Pradesh,harda,Sirali,Wheat,Mill Quality,FAQ,1850.0,2329.0,2270.0,6/7/2023
Kerala,alappuzha,Kayamkulam,Onion,Big,FAQ,1700.0,1900.0,1800.0,6/7/2023
Rajasthan,churu,Churu,Tomato,Hybrid,FAQ,1000.0,1200.0,1100.0,6/7/2023
Maharashtra,chandrapur,Chandrapur(Ganjwad),Onion,White,FAQ,1200.0,2000.0,1500.0,6/7/2023
Haryana,gurgaon,Sohna,Tomato,Tomato,FAQ,800.0,1200.0,1100.0,6/7/2023
Haryana,kaithal,Siwan,Tomato,Other,FAQ,1000.0,1000.0,1000.0,6/7/2023
Haryana,ambala,Barara,Tomato,Other,FAQ,600.0,800.0,600.0,6/7/2023
Maharashtra,nagpur,Nagpur,Onion,Red,FAQ,500.0,1000.0,875.0,6/7/2023
Uttar Pradesh,ghaziabad,Hapur,Tomato,Deshi,FAQ,700.0,800.0,750.0,6/7/2023
Himachal Pradesh,chamba,Chamba,Tomato,Other,FAQ,1200.0,1400.0,1300.0,6/7/2023
Orissa,bhadrak,Chandabali,Potato,Other,FAQ,1400.0,1600.0,1500.0,6/7/2023
Uttar Pradesh,rampur,Tanda(Rampur),Onion,Other,FAQ,700.0,740.0,720.0,6/7/2023
Rajasthan,chittorgarh,Chittorgarh,Tomato,Other,FAQ,5000.0,10000.0,8000.0,6/7/2023
Gujarat,bhavnagar,Mahuva(Station Road),Onion,Red,FAQ,375.0,1455.0,915.0,6/7/2023
Haryana,kaithal,Dhand,Potato,Other,FAQ,1000.0,1500.0,1400.0,6/7/2023
Uttar Pradesh,bulandshahar,Sikarpur,Onion,Red,FAQ,700.0,850.0,800.0,6/7/2023
Madhya Pradesh,vidisha,Vidisha,Wheat,Sharbati,FAQ,2280.0,4101.0,2760.0,6/7/2023
West Bengal,birbhum,Sainthia,Potato,Jyoti,FAQ,1100.0,1200.0,1150.0,6/7/2023
Himachal Pradesh,mandi,Dhanotu (Mandi),Tomato,Other,FAQ,1000.0,1200.0,1100.0,6/7/2023
Madhya Pradesh,ujjain,Badnagar,Wheat,Lokwan,FAQ,2100.0,2631.0,2450.0,6/7/2023
Punjab,hoshiarpur,Dasuya,Tomato,Other,FAQ,500.0,900.0,700.0,6/7/2023
Punjab,hoshiarpur,Tanda Urmur,Onion,Other,FAQ,1500.0,1800.0,1600.0,6/7/2023
Kerala,alappuzha,Alappuzha,Onion,Big,FAQ,1700.0,2000.0,1700.0,6/7/2023
Kerala,kottayam,Thalayolaparambu,Onion,Onion,FAQ,6700.0,7000.0,6900.0,6/7/2023
Karnataka,kolar,Chintamani,Tomato,Tomato,FAQ,330.0,2000.0,1200.0,6/7/2023
Uttar Pradesh,saharanpur,Gangoh,Onion,Red,FAQ,1000.0,1200.0,1100.0,6/7/2023
Uttar Pradesh,hardoi,Hardoi,Potato,Kufri Megha,FAQ,940.0,1020.0,985.0,6/7/2023
Gujarat,amreli,Rajula,Wheat,PISSI,FAQ,2130.0,2450.0,2290.0,6/7/2023
Uttar Pradesh,mainpuri,Mainpuri,Wheat,Dara,FAQ,2235.0,2250.0,2245.0,6/7/2023
Rajasthan,jodhpur,Jodhpur (F&V),Potato,Other,FAQ,600.0,1000.0,800.0,6/7/2023
Karnataka,shimoga,Shimoga,Onion,Onion,FAQ,8.0,16.0,14.0,6/7/2023
Uttar Pradesh,firozabad,Firozabad,Tomato,Hybrid,FAQ,675.0,780.0,725.0,6/7/2023
Himachal Pradesh,shimla,Shimla,Onion,1st Sort,FAQ,1500.0,2200.0,1800.0,6/7/2023
Haryana,bhiwani,Ch. Dadri,Tomato,Other,FAQ,600.0,1000.0,800.0,6/7/2023
Uttar Pradesh,jhansi,Chirgaon,Potato,Desi,FAQ,1000.0,1050.0,1025.0,6/7/2023
Madhya Pradesh,indore,Indore,Wheat,Lokwan,FAQ,1955.0,2740.0,2252.0,6/7/2023
Orissa,rayagada,Rayagada,Onion,Other,FAQ,1200.0,1300.0,1250.0,6/7/2023
Haryana,sirsa,Ellanabad,Tomato,Tomato,FAQ,250.0,900.0,500.0,6/7/2023
Madhya Pradesh,damoh,Damoh(F&V),Tomato,Other,FAQ,600.0,600.0,600.0,6/7/2023
West Bengal,murshidabad,Jiaganj,Potato,Jyoti,FAQ,1600.0,1660.0,1630.0,6/7/2023
Haryana,rewari,Rewari,Onion,Other,FAQ,500.0,1400.0,1000.0,6/7/2023
Haryana,kaithal,Kaithal,Tomato,Deshi,FAQ,400.0,500.0,450.0,6/7/2023
Himachal Pradesh,mandi,Dhanotu (Mandi),Potato,Other,FAQ,1200.0,1500.0,1350.0,6/7/2023
Andhra Pradesh,hyderabad,Bowenpally,Tomato,Deshi,FAQ,400.0,3000.0,2350.0,6/7/2023
Jammu & Kashmir,jammu,Akhnoor,Potato,Other,FAQ,1000.0,1200.0,1100.0,6/7/2023
Punjab,ludhiana,Khanna,Potato,Other,FAQ,200.0,600.0,300.0,6/7/2023
Uttar Pradesh,jhansi,Mauranipur,Tomato,Local,FAQ,840.0,910.0,870.0,6/7/2023
Madhya Pradesh,jabalpur,Jabalpur,Wheat,Medium Fine,FAQ,2130.0,2376.0,2260.0,6/7/2023
Himachal Pradesh,mandi,Dhanotu (Mandi),Onion,Other,FAQ,1400.0,1600.0,1500.0,6/7/2023
Orissa,keonjhar,Keonjhar,Tomato,Other,FAQ,2200.0,2500.0,2200.0,6/7/2023
Haryana,yamuna nagar,Radaur,Onion,Other,FAQ,1000.0,1200.0,1100.0,6/7/2023
Chattisgarh,janjgir,Champa,Wheat,Other,FAQ,2000.0,2000.0,2000.0,6/7/2023
Jammu & Kashmir,jammu,Narwal Jammu (F&V),Potato,Other,FAQ,800.0,1000.0,900.0,6/7/2023
West Bengal,puruliya,Purulia,Onion,Other,FAQ,1400.0,1600.0,1500.0,6/7/2023
Orissa,sambalpur,Kuchinda,Onion,Other,FAQ,1800.0,1900.0,1850.0,6/7/2023
Punjab,jalandhar,Lohian Khas,Tomato,Other,FAQ,300.0,500.0,400.0,6/7/2023
Uttar Pradesh,ghaziabad,Noida,Potato,Desi,FAQ,900.0,1200.0,1125.0,6/7/2023
Uttar Pradesh,mahoba,Mahoba,Wheat,Dara,FAQ,2120.0,2220.0,2170.0,6/7/2023
Karnataka,bangalore,Doddaballa Pur,Tomato,Tomato,FAQ,1000.0,1600.0,1300.0,6/7/2023
Uttar Pradesh,bulandshahar,Divai,Tomato,Deshi,FAQ,1100.0,1300.0,1200.0,6/7/2023
Kerala,thiruvananthapuram,Vamanapuram,Onion,Other,FAQ,2000.0,2500.0,2200.0,6/7/2023
Madhya Pradesh,dhar,Manawar,Wheat,Lokwan,FAQ,2340.0,2400.0,2360.0,6/7/2023
Gujarat,anand,"Anand(Veg,Yard,Anand)",Onion,Onion,FAQ,1000.0,1250.0,1150.0,6/7/2023
Maharashtra,nagpur,Nagpur,Potato,Local,FAQ,1000.0,1200.0,1150.0,6/7/2023
Madhya Pradesh,rajgarh,Biaora,Potato,(Red Nanital),FAQ,800.0,1000.0,900.0,6/7/2023
Rajasthan,bikaner,Bikaner (F&V),Potato,Other,FAQ,800.0,1000.0,900.0,6/7/2023
Gujarat,dahod,Dahod(Veg. Market),Potato,Potato,FAQ,1000.0,1400.0,1200.0,6/7/2023
Uttar Pradesh,fatehpur,Bindki,Potato,Potato,FAQ,800.0,940.0,900.0,6/7/2023
Punjab,barnala,Barnala,Onion,Other,FAQ,650.0,1300.0,975.0,6/7/2023
Rajasthan,hanumangarh,Hanumangarh Town,Onion,1st Sort,FAQ,1000.0,1000.0,1000.0,6/7/2023
Haryana,gurgaon,Pataudi,Potato,Other,FAQ,1100.0,1200.0,1150.0,6/7/2023
Nagaland,kiphire,Kipheri,Tomato,Local,FAQ,3230.0,3420.0,3340.0,6/7/2023
Kerala,alappuzha,Harippad,Onion,Big,FAQ,2000.0,2500.0,2000.0,6/7/2023
Madhya Pradesh,guna,Maksudangarh,Wheat,Other,FAQ,2056.0,2371.0,2191.0,6/7/2023
Madhya Pradesh,neemuch,Manasa,Wheat,Other,FAQ,2190.0,2598.0,2394.0,6/7/2023
Maharashtra,nashik,Sinner,Onion,Other,FAQ,100.0,849.0,600.0,6/7/2023
Madhya Pradesh,sagar,Bina,Wheat,Sharbati,FAQ,2230.0,2670.0,2450.0,6/7/2023
Chhattisgarh,bilaspur,Bilaspur,Potato,Local,FAQ,1000.0,1800.0,1200.0,6/7/2023
Uttar Pradesh,unnao,Purwa,Onion,Red,FAQ,1000.0,1095.0,1050.0,6/7/2023
Kerala,kottayam,Pampady,Potato,Other,FAQ,3200.0,3600.0,3400.0,6/7/2023
Himachal Pradesh,chamba,Chamba,Potato,Other,FAQ,1800.0,2000.0,1900.0,6/7/2023
Punjab,hoshiarpur,Dasuya,Potato,Other,FAQ,1200.0,1500.0,1350.0,6/7/2023
Uttar Pradesh,etawah,Bharthna,Potato,Desi,FAQ,770.0,970.0,870.0,6/7/2023
Maharashtra,nashik,Manmad,Wheat,Other,FAQ,2239.0,2381.0,2270.0,6/7/2023
Uttar Pradesh,bareilly,Bareilly,Onion,Red,FAQ,1075.0,1150.0,1110.0,6/7/2023
Haryana,fatehabad,Ratia,Tomato,Other,FAQ,500.0,500.0,500.0,6/7/2023
Himachal Pradesh,kangra,Kangra(Jaisinghpur),Onion,1st Sort,FAQ,1400.0,1800.0,1600.0,6/7/2023
Rajasthan,bikaner,Bikaner (F&V),Onion,Other,FAQ,600.0,800.0,700.0,6/7/2023
Uttar Pradesh,mathura,Mathura,Potato,Desi,FAQ,760.0,980.0,900.0,6/7/2023
Orissa,dhenkanal,Kamakhyanagar,Onion,Onion,FAQ,1900.0,2100.0,2000.0,6/7/2023
Uttar Pradesh,sambhal,Bhehjoi,Potato,Potato,FAQ,750.0,800.0,775.0,6/7/2023
West Bengal,hooghly,Kalipur,Onion,Nasik,FAQ,1350.0,1450.0,1400.0,6/7/2023
Maharashtra,nashik,Yeola,Onion,Other,FAQ,250.0,1090.0,850.0,6/7/2023
Uttar Pradesh,bahraich,Naanpara,Wheat,Dara,FAQ,2340.0,2400.0,2370.0,6/7/2023
Uttar Pradesh,agra,Samsabad,Tomato,Hybrid,FAQ,1100.0,1300.0,1200.0,6/7/2023
Madhya Pradesh,khandwa,Khandwa(F&V),Onion,Onion,FAQ,200.0,500.0,350.0,6/7/2023
Uttar Pradesh,gonda,Nawabganj,Onion,Red,FAQ,1160.0,1240.0,1200.0,6/7/2023
Rajasthan,hanumangarh,Rawatsar,Onion,1st Sort,FAQ,900.0,900.0,900.0,6/7/2023
Madhya Pradesh,gwalior,Lashkar(F&V),Tomato,Local,FAQ,1100.0,1300.0,1200.0,6/7/2023
Rajasthan,bharatpur,Bayana,Potato,Other,FAQ,850.0,850.0,850.0,6/7/2023
Kerala,malappuram,Thirurrangadi,Onion,Other,FAQ,1500.0,1900.0,1800.0,6/7/2023
Haryana,rewari,Rewari,Tomato,Other,FAQ,500.0,800.0,600.0,6/7/2023
Karnataka,belgaum,Belgaum,Potato,Local,FAQ,1200.0,2300.0,2000.0,6/7/2023
Kerala,malappuram,Kondotty,Tomato,Other,FAQ,1500.0,1700.0,1600.0,6/7/2023
Madhya Pradesh,satna,Mehar,Wheat,Local,FAQ,2000.0,2286.0,2143.0,6/7/2023
Uttar Pradesh,mirzapur,Mirzapur,Wheat,Dara,FAQ,2065.0,2235.0,2125.0,6/7/2023
Uttar Pradesh,ballia,Chitwadagaon,Tomato,Deshi,FAQ,785.0,900.0,840.0,6/7/2023
Rajasthan,ajmer,Madanganj Kishangarh,Onion,1st Sort,FAQ,1000.0,1200.0,1100.0,6/7/2023
Uttar Pradesh,gorakhpur,Chorichora,Wheat,Dara,FAQ,2240.0,2260.0,2250.0,6/7/2023
Uttar Pradesh,mahoba,Charkhari,Wheat,147 Average,FAQ,2140.0,2160.0,2150.0,6/7/2023
Orissa,rayagada,Rayagada,Tomato,Local,FAQ,3000.0,3300.0,3300.0,6/7/2023
Uttar Pradesh,aligarh,Charra,Wheat,Dara,FAQ,2280.0,2320.0,2300.0,6/7/2023
Uttar Pradesh,badaun,Badayoun,Potato,Desi,FAQ,900.0,1000.0,930.0,6/7/2023
Uttar Pradesh,etawah,Jasvantnagar,Tomato,Hybrid,FAQ,810.0,910.0,860.0,6/7/2023
Haryana,ambala,Ambala City(Subji Mandi),Onion,Other,FAQ,490.0,670.0,545.0,6/7/2023
Maharashtra,aurangabad,Amba,Onion,Nasik,FAQ,1000.0,1200.0,1100.0,6/7/2023
Orissa,bargarh,Bargarh,Potato,Other,FAQ,1300.0,1500.0,1400.0,6/7/2023
Kerala,idukki,Nedumkandam,Onion,Big,FAQ,2000.0,2000.0,2000.0,6/7/2023
Madhya Pradesh,dindori,Gorakhpur,Wheat,Mill Quality,FAQ,2200.0,2200.0,2200.0,6/7/2023
Uttar Pradesh,mainpuri,Ghiraur,Tomato,Hybrid,FAQ,615.0,815.0,715.0,6/7/2023
Madhya Pradesh,khargone,Karhi,Wheat,Other,FAQ,2150.0,2330.0,2330.0,6/7/2023
Maharashtra,raigad,Karjat(Raigad),Wheat,Other,FAQ,2000.0,2500.0,2300.0,6/7/2023
Madhya Pradesh,khargone,Bhikangaon,Wheat,Lokwan,FAQ,2185.0,2411.0,2270.0,6/7/2023
West Bengal,north 24 parganas,Habra,Potato,Other,FAQ,1500.0,1560.0,1540.0,6/7/2023
Gujarat,ahmedabad,Ahmedabad(Chimanbhai Patal Market Vasana),Potato,Chips,FAQ,1500.0,1800.0,1700.0,6/7/2023
West Bengal,bankura,Khatra,Tomato,Tomato,FAQ,3000.0,4000.0,3500.0,6/7/2023
Kerala,kottayam,Ettumanoor,Tomato,Tomato,FAQ,5200.0,5600.0,5400.0,6/7/2023
West Bengal,howrah,Uluberia,Onion,Other,FAQ,1300.0,1700.0,1500.0,6/7/2023
Gujarat,anand,Khambhat(Grain Market),Wheat,Other,FAQ,2150.0,2350.0,2250.0,6/7/2023
Madhya Pradesh,khandwa,Khandwa,Wheat,Lok-1,FAQ,2001.0,2470.0,2335.0,6/7/2023
Kerala,alappuzha,Mannar,Tomato,Other,FAQ,3000.0,3200.0,3100.0,6/7/2023
Himachal Pradesh,hamirpur,Bharuasumerpur,Potato,Desi,FAQ,1020.0,1100.0,1060.0,6/7/2023
Punjab,ludhiana,Khanna,Tomato,Other,FAQ,1000.0,1500.0,1300.0,6/7/2023
Uttar Pradesh,gonda,Gonda,Potato,Chandermukhi,FAQ,1020.0,1080.0,1050.0,6/7/2023
Madhya Pradesh,ujjain,Khachrod,Wheat,Lokwan,FAQ,1701.0,2451.0,2175.0,6/7/2023
Haryana,panipat,Panipat,Onion,Other,FAQ,600.0,1100.0,700.0,6/7/2023
Rajasthan,hanumangarh,Hanumangarh(Urlivas),Tomato,Deshi,FAQ,1700.0,1700.0,1700.0,6/7/2023
West Bengal,alipurduar,Falakata,Onion,Other,FAQ,1500.0,1600.0,1550.0,6/7/2023
Haryana,panchkula,Barwala,Potato,Other,FAQ,600.0,800.0,700.0,6/7/2023
Gujarat,rajkot,Jetpur(Dist.Rajkot),Wheat,Other,FAQ,2505.0,2990.0,2750.0,6/7/2023
Haryana,jind,Narwana,Onion,Other,FAQ,800.0,1000.0,900.0,6/7/2023
Uttar Pradesh,kaushambi,Bharwari,Onion,Red,FAQ,1040.0,1195.0,1120.0,6/7/2023
Haryana,kaithal,Kaithal,Potato,(Red Nanital),FAQ,600.0,800.0,700.0,6/7/2023
Haryana,kurukshetra,Pipli,Onion,Red,FAQ,641.0,1313.0,818.0,6/7/2023
Madhya Pradesh,jhabua,Petlawad,Tomato,Hybrid,FAQ,1000.0,1500.0,1195.0,6/7/2023
Gujarat,rajkot,Jetpur(Dist.Rajkot),Wheat,Lokwan,FAQ,1905.0,2490.0,2305.0,6/7/2023
Maharashtra,beed,Kaij,Wheat,Other,FAQ,2551.0,3200.0,3100.0,6/7/2023
Uttar Pradesh,jhansi,Moth,Tomato,Deshi,FAQ,1035.0,1140.0,1080.0,6/7/2023
Haryana,gurgaon,Farukh Nagar,Onion,Other,FAQ,1200.0,1500.0,1200.0,6/7/2023
Madhya Pradesh,morena,Kailaras,Wheat,MP(Desi),FAQ,2229.0,2238.0,2232.0,6/7/2023
Madhya Pradesh,jabalpur,Jabalpur(F&V),Potato,Desi,FAQ,1100.0,1500.0,1300.0,6/7/2023
Maharashtra,jalgaon,Jalgaon,Potato,Other,FAQ,800.0,1200.0,1000.0,6/7/2023
Assam,lakhimpur,Golagokarnath,Wheat,Dara,FAQ,2190.0,2390.0,2290.0,6/7/2023
Madhya Pradesh,raisen,Gairatganj,Wheat,Dara Mill Quality,FAQ,2069.0,3015.0,2250.0,6/7/2023
Uttar Pradesh,saharanpur,Gangoh,Potato,Desi,FAQ,1000.0,1200.0,1100.0,6/7/2023
Punjab,hoshiarpur,Garh Shankar,Onion,Other,FAQ,600.0,800.0,700.0,6/7/2023
West Bengal,puruliya,Purulia,Tomato,Other,FAQ,1700.0,2400.0,1900.0,6/7/2023
Punjab,hoshiarpur,Garh Shankar(Mahalpur),Onion,Onion,FAQ,800.0,1100.0,1000.0,6/7/2023
Uttar Pradesh,unnao,Purwa,Tomato,Deshi,FAQ,950.0,1035.0,1000.0,6/7/2023
Uttar Pradesh,mainpuri,Ghiraur,Onion,Red,FAQ,800.0,1000.0,900.0,6/7/2023
Madhya Pradesh,mandsaur,Mandsaur,Onion,Onion,FAQ,240.0,900.0,570.0,6/7/2023
Punjab,ludhiana,Machhiwara,Tomato,Other,FAQ,800.0,1100.0,1000.0,6/7/2023
Madhya Pradesh,bhind,Lahar,Wheat,Other,FAQ,2220.0,2232.0,2227.0,6/7/2023
Madhya Pradesh,seoni,Lakhnadon,Wheat,Mill Quality,FAQ,1900.0,2250.0,2200.0,6/7/2023
Uttar Pradesh,lalitpur,Lalitpur,Wheat,Dara,FAQ,2100.0,2200.0,2160.0,6/7/2023
Madhya Pradesh,bhopal,Bhopal(F&V),Potato,Other,FAQ,500.0,1000.0,700.0,6/7/2023
Kerala,alappuzha,Mannar,Onion,Big,FAQ,2100.0,2300.0,2200.0,6/7/2023
Rajasthan,dausa,Lalsot,Wheat,Other,FAQ,2100.0,2400.0,2200.0,6/7/2023
Rajasthan,hanumangarh,Goluwala,Onion,1st Sort,FAQ,1000.0,1000.0,1000.0,6/7/2023
Rajasthan,hanumangarh,Goluwala,Tomato,Deshi,FAQ,800.0,800.0,800.0,6/7/2023
Madhya Pradesh,hoshangabad,Pipariya,Tomato,Deshi,FAQ,200.0,1400.0,800.0,6/7/2023
Haryana,palwal,Palwal,Potato,Potato,FAQ,900.0,1000.0,950.0,6/7/2023
Uttar Pradesh,mainpuri,Bewar,Potato,Local,FAQ,800.0,820.0,810.0,6/7/2023
Uttar Pradesh,firozabad,Tundla,Tomato,Deshi,FAQ,980.0,1025.0,1000.0,6/7/2023
Himachal Pradesh,kangra,Kangra(Baijnath),Potato,Potato,FAQ,900.0,1000.0,1000.0,6/7/2023
Punjab,hoshiarpur,Mukerian,Tomato,Tomato,FAQ,1200.0,1500.0,1300.0,6/7/2023
Himachal Pradesh,mandi,Mandi(Takoli),Tomato,Other,FAQ,1200.0,1400.0,1300.0,6/7/2023
Punjab,patiala,Rajpura,Onion,Local,FAQ,1000.0,1350.0,1200.0,6/7/2023
Kerala,malappuram,Kottakkal,Onion,Other,FAQ,1800.0,1900.0,1850.0,6/7/2023
Andhra Pradesh,warangal,Warangal,Tomato,Tomato,FAQ,2000.0,2200.0,2100.0,6/7/2023
West Bengal,jalpaiguri,Belacoba,Potato,Jyoti,FAQ,1000.0,1200.0,1100.0,6/7/2023
Madhya Pradesh,jhabua,Petlawad,Potato,Potato,FAQ,1200.0,1500.0,1430.0,6/7/2023
Uttar Pradesh,unnao,Bangarmau,Onion,Red,FAQ,950.0,1050.0,1000.0,6/7/2023
Uttar Pradesh,deoria,Barhaj,Wheat,Dara,FAQ,2230.0,2250.0,2240.0,6/7/2023
Uttar Pradesh,mahoba,Mahoba,Tomato,Local,FAQ,950.0,1050.0,990.0,6/7/2023
Uttar Pradesh,etah,Etah,Potato,Desi,FAQ,780.0,1000.0,835.0,6/7/2023
Andhra Pradesh,kurnool,Pattikonda,Onion,Local,FAQ,1000.0,2000.0,1500.0,6/7/2023
Gujarat,dahod,Dahod(Veg. Market),Onion,Onion,FAQ,400.0,1300.0,1200.0,6/7/2023
Uttar Pradesh,sambhal,Chandausi,Potato,Desi,FAQ,860.0,985.0,930.0,6/7/2023
Punjab,hoshiarpur,Mukerian,Potato,Potato,FAQ,400.0,600.0,500.0,6/7/2023
West Bengal,jalpaiguri,Moynaguri,Potato,Jyoti,FAQ,1000.0,1200.0,1100.0,6/7/2023
Maharashtra,pune,Pune,Potato,Local,FAQ,1100.0,2000.0,1550.0,6/7/2023
Uttar Pradesh,auraiya,Auraiya,Potato,Desi,FAQ,860.0,960.0,910.0,6/7/2023
Haryana,karnal,Gharaunda,Tomato,Other,FAQ,400.0,600.0,600.0,6/7/2023
Punjab,sangrur,Bhawanigarh,Potato,Other,FAQ,800.0,800.0,800.0,6/7/2023
West Bengal,birbhum,Sainthia,Wheat,Other,FAQ,2150.0,2250.0,2200.0,6/7/2023
Uttar Pradesh,jhansi,Jhansi,Tomato,Deshi,FAQ,790.0,850.0,820.0,6/7/2023
Jammu & Kashmir,udhampur,Udhampur,Onion,Other,FAQ,1400.0,1500.0,1450.0,6/7/2023
Madhya Pradesh,morena,Porsa(F&V),Potato,Potato,FAQ,600.0,700.0,700.0,6/7/2023
Maharashtra,sangli,Sangli,Wheat,Other,FAQ,2500.0,3700.0,3100.0,6/7/2023
Himachal Pradesh,una,Una,Onion,Onion,FAQ,1200.0,1600.0,1400.0,6/7/2023
West Bengal,bankura,Khatra,Potato,Jyoti,FAQ,1220.0,1250.0,1240.0,6/7/2023
Orissa,nuapada,Khariar,Potato,Local,FAQ,1500.0,2000.0,2000.0,6/7/2023
Himachal Pradesh,kangra,Kangra(Nagrota Bagwan),Onion,1st Sort,FAQ,1700.0,1800.0,1750.0,6/7/2023
Uttar Pradesh,ballia,Ballia,Potato,Potato,FAQ,865.0,995.0,925.0,6/7/2023
Uttar Pradesh,banda,Atarra,Potato,Desi,FAQ,1030.0,1080.0,1060.0,6/7/2023
Orissa,kendrapara,Pattamundai,Potato,Potato,FAQ,1500.0,1600.0,1500.0,6/7/2023
Rajasthan,chittorgarh,Chittorgarh,Potato,Other,FAQ,1200.0,1800.0,1500.0,6/7/2023
Uttar Pradesh,barabanki,Barabanki,Tomato,Hybrid,FAQ,1680.0,1770.0,1720.0,6/7/2023
West Bengal,murshidabad,Beldanga,Potato,Jyoti,FAQ,1345.0,1375.0,1360.0,6/7/2023
Karnataka,bellary,Hospet,Tomato,Tomato,FAQ,1300.0,1500.0,1500.0,6/7/2023
Madhya Pradesh,khandwa,Harsood,Wheat,Mill Quality,FAQ,2200.0,2300.0,2280.0,6/7/2023
West Bengal,hooghly,Pandua,Onion,Nasik,FAQ,1700.0,1900.0,1800.0,6/7/2023
Uttar Pradesh,balrampur,Rajpur,Wheat,Local,FAQ,2200.0,2200.0,2200.0,6/7/2023
Maharashtra,aurangabad,Amba,Potato,Other,FAQ,1400.0,1400.0,1400.0,6/7/2023
Haryana,faridabad,Ballabhgarh,Tomato,Other,FAQ,800.0,1200.0,1000.0,6/7/2023
West Bengal,howrah,Ramkrishanpur(Howrah),Onion,Other,FAQ,1200.0,2200.0,1600.0,6/7/2023
Punjab,hoshiarpur,GarhShankar (Kotfatuhi),Onion,Other,FAQ,700.0,1000.0,800.0,6/7/2023
Uttar Pradesh,jaunpur,Jaunpur,Onion,Red,FAQ,1100.0,1160.0,1130.0,6/7/2023
Karnataka,chikmagalur,Bagepalli,Onion,Onion,FAQ,1800.0,2500.0,2200.0,6/7/2023
Uttar Pradesh,rampur,Rampur,Potato,Desi,FAQ,900.0,950.0,920.0,6/7/2023
West Bengal,bankura,Bankura Sadar,Potato,Jyoti,FAQ,1240.0,1270.0,1260.0,6/7/2023
Chhattisgarh,bilaspur,Tiphra,Tomato,Other,FAQ,2000.0,2200.0,2100.0,6/7/2023
Uttar Pradesh,balrampur,Tulsipur,Tomato,Deshi,FAQ,1475.0,1530.0,1500.0,6/7/2023
Haryana,yamuna nagar,Jagadhri,Tomato,Other,FAQ,300.0,700.0,700.0,6/7/2023
Uttar Pradesh,banda,Atarra,Onion,Red,FAQ,920.0,980.0,960.0,6/7/2023
Uttar Pradesh,bahraich,Bahraich,Potato,Desi,FAQ,1000.0,1120.0,1065.0,6/7/2023
Uttar Pradesh,ghazipur,Jangipura,Onion,Red,FAQ,1090.0,1150.0,1120.0,6/7/2023
Uttar Pradesh,shahjahanpur,Puwaha,Onion,Red,FAQ,1050.0,1250.0,1150.0,6/7/2023
Maharashtra,nashik,Ghoti,Tomato,Other,FAQ,800.0,1000.0,900.0,6/7/2023
Uttar Pradesh,ghaziabad,Ghaziabad,Tomato,Deshi,FAQ,800.0,900.0,860.0,6/7/2023
Nagaland,kohima,Jalukie,Tomato,Tomato,FAQ,10200.0,10400.0,10300.0,6/7/2023
Madhya Pradesh,indore,Mhow,Onion,1st Sort,FAQ,700.0,1600.0,1000.0,6/7/2023
Madhya Pradesh,dindori,Shahpura,Wheat,Local,FAQ,2000.0,2200.0,2100.0,6/7/2023
West Bengal,nadia,Chakdah,Potato,Jyoti,FAQ,1450.0,1470.0,1460.0,6/7/2023
Uttar Pradesh,bulandshahar,Jahangirabad,Onion,Red,FAQ,1025.0,1230.0,1127.0,6/7/2023
Nagaland,kohima,Jalukie,Potato,Other,FAQ,12500.0,12700.0,12600.0,6/7/2023
Madhya Pradesh,tikamgarh,Khargapur,Wheat,Mill Quality,FAQ,2125.0,2218.0,2164.0,6/7/2023
Karnataka,kolar,Gowribidanoor,Tomato,Tomato,FAQ,1900.0,2500.0,2200.0,6/7/2023
Uttar Pradesh,jhansi,Jhansi,Onion,Red,FAQ,950.0,990.0,970.0,6/7/2023
Himachal Pradesh,hamirpur,Hamirpur,Tomato,Other,FAQ,1800.0,2200.0,2000.0,6/7/2023
West Bengal,hooghly,Champadanga,Onion,Nasik,FAQ,1400.0,1500.0,1450.0,6/7/2023
Madhya Pradesh,dhar,Kukshi,Onion,Onion,FAQ,400.0,1200.0,800.0,6/7/2023
Madhya Pradesh,hoshangabad,Itarsi,Wheat,Mill Quality,FAQ,2260.0,2331.0,2278.0,6/7/2023
West Bengal,puruliya,Kasipur,Potato,Jyoti,FAQ,1220.0,1260.0,1240.0,6/7/2023
Madhya Pradesh,dewas,Haatpipliya,Tomato,Tomato,FAQ,800.0,1200.0,1000.0,6/7/2023
Haryana,gurgaon,Gurgaon,Tomato,Other,FAQ,500.0,1000.0,750.0,6/7/2023
West Bengal,north 24 parganas,Habra,Tomato,Other,FAQ,1600.0,1950.0,1700.0,6/7/2023
Rajasthan,ganganagar,Suratgarh,Tomato,Deshi,FAQ,600.0,800.0,700.0,6/7/2023
West Bengal,jalpaiguri,Jalpaiguri Sadar,Tomato,Other,FAQ,1400.0,1600.0,1500.0,6/7/2023
Himachal Pradesh,kangra,Kangra,Potato,Other,FAQ,1200.0,1300.0,1250.0,6/7/2023
Uttar Pradesh,bijnor,Chaandpur,Potato,Desi,FAQ,1000.0,1100.0,1050.0,6/7/2023
West Bengal,alipurduar,Falakata,Potato,Red,FAQ,1200.0,1300.0,1250.0,6/7/2023
Uttar Pradesh,bulandshahar,Jahangirabad,Tomato,Deshi,FAQ,680.0,860.0,770.0,6/7/2023
Punjab,patiala,Nabha,Potato,Other,FAQ,600.0,1100.0,850.0,6/7/2023
Madhya Pradesh,sheopur,Sheopurbadod,Wheat,Other,FAQ,2170.0,2256.0,2230.0,6/7/2023
Punjab,patiala,Rajpura,Tomato,Local,FAQ,500.0,700.0,600.0,6/7/2023
Maharashtra,sholapur,Solapur,Wheat,Sharbati,FAQ,2290.0,3540.0,2650.0,6/7/2023
Uttar Pradesh,ghazipur,Gazipur,Tomato,Hybrid,FAQ,900.0,960.0,930.0,6/7/2023
Rajasthan,hanumangarh,Hanumangarh Town,Tomato,Deshi,FAQ,800.0,800.0,800.0,6/7/2023
Kerala,kottayam,Pampady,Onion,Big,FAQ,1800.0,2200.0,2000.0,6/7/2023
Madhya Pradesh,ratlam,Ratlam(F&V),Onion,Other,FAQ,321.0,1501.0,925.0,6/7/2023
Maharashtra,nashik,Nandgaon,Wheat,Maharashtra 2189,FAQ,2192.0,2760.0,2200.0,6/7/2023
Kerala,idukki,Thodupuzha,Potato,Other,FAQ,2000.0,2500.0,2500.0,6/7/2023
Karnataka,hassan,Channarayapatna,Potato,Local,FAQ,2000.0,2000.0,2000.0,6/7/2023
Madhya Pradesh,tikamgarh,Niwadi,Wheat,Lokwan,FAQ,2114.0,2233.0,2200.0,6/7/2023
Uttar Pradesh,aligarh,Khair,Tomato,Hybrid,FAQ,700.0,820.0,750.0,6/7/2023
Haryana,sonipat,Sonepat,Tomato,Hybrid,FAQ,700.0,800.0,700.0,6/7/2023
Haryana,panchkula,Raipur Rai,Onion,Other,FAQ,800.0,1000.0,800.0,6/7/2023
Punjab,sangrur,Lehra Gaga,Onion,Other,FAQ,1000.0,1200.0,1200.0,6/7/2023
Uttar Pradesh,bijnor,Chaandpur,Tomato,Hybrid,FAQ,700.0,800.0,750.0,6/7/2023
Haryana,kaithal,Siwan,Onion,Other,FAQ,1000.0,1000.0,1000.0,6/7/2023
Uttar Pradesh,maharajganj,Gadaura,Tomato,Hybrid,FAQ,600.0,800.0,700.0,6/7/2023
Uttar Pradesh,bulandshahar,Siyana,Onion,Red,FAQ,1160.0,1280.0,1200.0,6/7/2023
Gujarat,porbandar,Porbandar,Potato,(Red Nanital),FAQ,2500.0,3000.0,2750.0,6/7/2023
Haryana,mewat,FerozpurZirkha(Nagina),Tomato,Other,FAQ,800.0,1000.0,900.0,6/7/2023
Maharashtra,sholapur,Solapur,Tomato,Other,FAQ,300.0,2000.0,1000.0,6/7/2023
West Bengal,north 24 parganas,Barasat,Potato,Other,FAQ,1500.0,1500.0,1500.0,6/7/2023
Uttar Pradesh,bulandshahar,Buland Shahr,Potato,F.A.Q.,FAQ,1060.0,1200.0,1125.0,6/7/2023
Orissa,kendrapara,Gopa,Tomato,Tomato,FAQ,3000.0,3500.0,3000.0,6/7/2023
Haryana,yamuna nagar,Chhachrauli,Potato,Potato,FAQ,920.0,1200.0,920.0,6/7/2023
Punjab,hoshiarpur,Tanda Urmur,Tomato,Other,FAQ,700.0,900.0,800.0,6/7/2023
Himachal Pradesh,mandi,Mandi(Takoli),Onion,Other,FAQ,1300.0,1500.0,1400.0,6/7/2023
Uttar Pradesh,bulandshahar,Gulavati,Onion,Other,FAQ,2000.0,2200.0,2100.0,6/7/2023
Uttar Pradesh,rampur,Tanda(Rampur),Tomato,Deshi,FAQ,600.0,640.0,620.0,6/7/2023
Orissa,kendrapara,Kendrapara(Marshaghai),Tomato,Tomato,FAQ,2500.0,3000.0,3000.0,6/7/2023
Assam,lakhimpur,Golagokarnath,Tomato,Hybrid,FAQ,900.0,1100.0,1000.0,6/7/2023
Kerala,malappuram,Manjeri,Onion,Other,FAQ,1600.0,1700.0,1650.0,6/7/2023
Andhra Pradesh,hyderabad,Bowenpally,Potato,(Red Nanital),FAQ,800.0,1800.0,1550.0,6/7/2023
Orissa,koraput,Koraput,Tomato,Other,FAQ,3000.0,3200.0,3100.0,6/7/2023
Jammu & Kashmir,udhampur,Udhampur,Potato,Other,FAQ,1200.0,1500.0,1350.0,6/7/2023
Madhya Pradesh,chhatarpur,Naugaon,Wheat,Dara Mill Quality,FAQ,2200.0,2300.0,2290.0,6/7/2023
Kerala,alappuzha,Harippad,Onion,Other,FAQ,6000.0,6500.0,6000.0,6/7/2023
Uttar Pradesh,amroha,Hasanpur,Onion,Nasik,FAQ,1100.0,1210.0,1200.0,6/7/2023
Andhra Pradesh,nalgonda,Miryalguda(Rythu Bazar),Potato,Potato,FAQ,3000.0,3000.0,3000.0,6/7/2023
Uttar Pradesh,saharanpur,Chutmalpur,Tomato,Deshi,FAQ,350.0,450.0,400.0,6/7/2023
Uttar Pradesh,saharanpur,Deoband,Potato,Other,FAQ,700.0,1000.0,800.0,6/7/2023
Madhya Pradesh,rajgarh,Pachaur,Wheat,Other,FAQ,1865.0,2475.0,2110.0,6/7/2023
Uttar Pradesh,sambhal,Sambhal,Onion,Red,FAQ,1000.0,1250.0,1050.0,6/7/2023
Haryana,rohtak,Sampla,Onion,Other,FAQ,1300.0,1300.0,1300.0,6/7/2023
Kerala,alappuzha,Aroor,Potato,Other,FAQ,2900.0,3100.0,3000.0,6/7/2023
Maharashtra,jalgaon,Jalgaon,Tomato,Other,FAQ,500.0,1500.0,1000.0,6/7/2023
Uttar Pradesh,bareilly,Bareilly,Potato,Desi,FAQ,900.0,950.0,920.0,6/7/2023
Maharashtra,nashik,Pimpalgaon Baswant(Saykheda),Onion,Other,FAQ,250.0,960.0,700.0,6/7/2023
Madhya Pradesh,mandsaur,Mandsaur(F&V),Potato,Other,FAQ,710.0,1600.0,1090.0,6/7/2023
Madhya Pradesh,tikamgarh,Prithvipur,Wheat,Mill Quality,FAQ,2004.0,2206.0,2010.0,6/7/2023
Gujarat,rajkot,Gondal,Wheat,Sechor No. 1,FAQ,2120.0,2660.0,2350.0,6/7/2023
Gujarat,kheda,Kapadvanj,Tomato,Other,FAQ,1500.0,1750.0,1625.0,6/7/2023
Maharashtra,nagpur,Kalmeshwar,Tomato,Other,FAQ,1005.0,1500.0,1315.0,6/7/2023
Madhya Pradesh,indore,Indore(F&V),Onion,Onion,FAQ,238.0,1228.0,800.0,6/7/2023
 Punjab,fazilka,Jalalabad,Tomato,Other,FAQ,600.0,600.0,600.0,6/7/2023
Madhya Pradesh,sagar,Deori,Potato,Other,FAQ,900.0,1050.0,1025.0,6/7/2023
Haryana,fatehabad,Ratia,Onion,Other,FAQ,800.0,1000.0,900.0,6/7/2023
Gujarat,rajkot,Dhoraji,Wheat,Lokwan,FAQ,1850.0,2375.0,2300.0,6/7/2023
Haryana,jind,Jind,Tomato,Other,FAQ,600.0,800.0,700.0,6/7/2023
Karnataka,belgaum,Belgaum,Tomato,Tomato,FAQ,2000.0,2200.0,2100.0,6/7/2023
Himachal Pradesh,kangra,Kangra,Tomato,Other,FAQ,1300.0,1400.0,1350.0,6/7/2023
Uttar Pradesh,amroha,Dhanaura,Potato,Desi,FAQ,800.0,900.0,850.0,6/7/2023
Himachal Pradesh,kangra,Kangra(Jaisinghpur),Tomato,Tomato,FAQ,1400.0,1500.0,1450.0,6/7/2023
Madhya Pradesh,khandwa,Pandhana,Wheat,Lok-1,FAQ,2100.0,2100.0,2100.0,6/7/2023
Haryana,gurgaon,Farukh Nagar,Tomato,Other,FAQ,800.0,1000.0,800.0,6/7/2023
 Punjab,fazilka,Abohar,Potato,Potato,FAQ,580.0,1240.0,780.0,6/7/2023
Punjab,ludhiana,Sahnewal,Onion,Onion,FAQ,800.0,1000.0,800.0,6/7/2023
Maharashtra,raigad,Karjat(Raigad),Onion,1st Sort,FAQ,200.0,900.0,500.0,6/7/2023
Uttar Pradesh,bulandshahar,Divai,Wheat,Dara,FAQ,2100.0,2300.0,2200.0,6/7/2023
Maharashtra,dhule,Dondaicha,Wheat,Other,FAQ,1753.0,2600.0,2527.0,6/7/2023
Maharashtra,dhule,Pratap Nana Mahale Khajgi Bajar Samiti,Onion,Red,FAQ,100.0,1000.0,483.29,6/7/2023
West Bengal,paschim bardhaman,Durgapur,Wheat,Kalyan,FAQ,2650.0,2850.0,2700.0,6/7/2023
Uttar Pradesh,saharanpur,Saharanpur,Onion,Red,FAQ,980.0,1275.0,1130.0,6/7/2023
Chhattisgarh,bilaspur,Bilaspur,Tomato,Local,FAQ,1000.0,1600.0,1300.0,6/7/2023
Karnataka,chikmagalur,Chikkamagalore,Potato,Other,FAQ,1636.0,1836.0,1736.0,6/7/2023
Rajasthan,jalore,Jalore,Tomato,Other,FAQ,1300.0,1500.0,1400.0,6/7/2023
Kerala,idukki,Vandiperiyar,Onion,Big,FAQ,960.0,960.0,960.0,6/7/2023
Kerala,idukki,Thodupuzha,Onion,Small,FAQ,6500.0,7000.0,7000.0,6/7/2023
Punjab,hoshiarpur,Garh Shankar(Mahalpur),Tomato,Tomato,FAQ,500.0,700.0,700.0,6/7/2023
Haryana,rewari,Kosli,Potato,Other,FAQ,700.0,800.0,700.0,6/7/2023
Madhya Pradesh,shivpuri,Khatora,Wheat,Other,FAQ,2211.0,2222.0,2222.0,6/7/2023
Chattisgarh,rajnandgaon,Kheragarh,Wheat,Other,FAQ,1800.0,2000.0,1900.0,6/7/2023
Uttar Pradesh,mainpuri,Mainpuri,Potato,Local,FAQ,720.0,900.0,830.0,6/7/2023
Uttar Pradesh,jhansi,Mauranipur,Wheat,Dara,FAQ,2200.0,2300.0,2250.0,6/7/2023
Nagaland,kohima,Kohima,Potato,Potato,FAQ,2800.0,3000.0,2900.0,6/7/2023
Uttar Pradesh,badaun,Wazirganj,Onion,Red,FAQ,1100.0,1200.0,1150.0,6/7/2023
Rajasthan,pratapgarh,Pratapgarh,Tomato,Deshi,FAQ,1600.0,1850.0,1700.0,6/7/2023
Uttar Pradesh,pratapgarh,Pratapgarh,Tomato,Deshi,FAQ,1600.0,1850.0,1700.0,6/7/2023
Madhya Pradesh,dhar,Kukshi,Potato,Potato,FAQ,800.0,1200.0,1000.0,6/7/2023
Uttar Pradesh,prayagraj,Allahabad,Onion,Red,FAQ,1050.0,1250.0,1120.0,6/7/2023
Rajasthan,bundi,Sumerganj,Wheat,Other,FAQ,2210.0,2230.0,2230.0,6/7/2023
Maharashtra,akola,Murtizapur,Wheat,Other,FAQ,2180.0,2450.0,2315.0,6/7/2023
Uttar Pradesh,unnao,Unnao,Wheat,Dara,FAQ,2125.0,2165.0,2140.0,6/7/2023
Uttar Pradesh,balrampur,Balrampur,Onion,Red,FAQ,1130.0,1340.0,1235.0,6/7/2023
Uttar Pradesh,unnao,Bangarmau,Potato,Desi,FAQ,950.0,980.0,970.0,6/7/2023
Rajasthan,jalore,Jalore,Onion,Other,FAQ,1200.0,1500.0,1400.0,6/7/2023
Gujarat,surendranagar,Chotila,Wheat,Local,FAQ,2000.0,2800.0,2400.0,6/7/2023
Punjab,ludhiana,Doraha,Onion,Other,FAQ,1000.0,1500.0,1239.0,6/7/2023
Punjab,hoshiarpur,Garh Shankar(Mahalpur),Potato,Potato,FAQ,700.0,900.0,800.0,6/7/2023
Uttar Pradesh,jhansi,Moth,Wheat,Dara,FAQ,2140.0,2220.0,2180.0,6/7/2023
West Bengal,bankura,Bishnupur(Bankura),Wheat,Sonalika,FAQ,2150.0,2300.0,2200.0,6/7/2023
Uttar Pradesh,bijnor,Bijnaur,Wheat,Dara,FAQ,2175.0,2255.0,2215.0,6/7/2023
Madhya Pradesh,rajgarh,Biaora,Wheat,Other,FAQ,2100.0,2360.0,2230.0,6/7/2023
West Bengal,nadia,Ranaghat,Potato,Jyoti,FAQ,1460.0,1500.0,1480.0,6/7/2023
Uttar Pradesh,sambhal,Bhehjoi,Wheat,Dara,FAQ,2200.0,2300.0,2250.0,6/7/2023
Madhya Pradesh,chhatarpur,Bijawar,Wheat,Mill Quality,FAQ,2125.0,2150.0,2138.0,6/7/2023
West Bengal,puruliya,Balarampur,Onion,Other,FAQ,2000.0,2300.0,2200.0,6/7/2023
Orissa,nuapada,Khariar Road,Potato,Other,FAQ,1600.0,2000.0,2000.0,6/7/2023
Madhya Pradesh,sagar,Bina,Wheat,MP(Desi),FAQ,2140.0,2360.0,2250.0,6/7/2023
Madhya Pradesh,shivpuri,Magroni,Wheat,Other,FAQ,1900.0,2250.0,2150.0,6/7/2023
Punjab,kapurthala,Phagwara,Tomato,Other,FAQ,350.0,847.0,646.0,6/7/2023
Kerala,alappuzha,Aroor,Onion,Big,FAQ,1600.0,1800.0,1700.0,6/7/2023
Maharashtra,nandurbar,Shahada,Wheat,Other,FAQ,2200.0,2473.0,2393.0,6/7/2023
Uttar Pradesh,etah,Awagarh,Onion,Red,FAQ,900.0,1050.0,1000.0,6/7/2023
Maharashtra,pune,Pune(Manjri),Potato,Other,FAQ,1300.0,1700.0,1500.0,6/7/2023
Kerala,ernakulam,Perumbavoor,Potato,Potato,FAQ,2000.0,3000.0,2500.0,6/7/2023
Uttar Pradesh,aligarh,Aligarh,Potato,Desi,FAQ,850.0,1000.0,920.0,6/7/2023
Madhya Pradesh,jabalpur,Paatan,Wheat,Deshi,FAQ,2000.0,2305.0,2250.0,6/7/2023
Maharashtra,ahmednagar,Pathardi,Wheat,Maharashtra 2189,FAQ,2000.0,2300.0,2100.0,6/7/2023
Karnataka,belgaum,Belgaum,Onion,Pusa-Red,FAQ,1000.0,1500.0,1200.0,6/7/2023
Madhya Pradesh,dewas,Haatpipliya,Potato,Potato,FAQ,1200.0,1600.0,1400.0,6/7/2023
Haryana,yamuna nagar,Sadhaura,Potato,Potato,FAQ,800.0,1000.0,900.0,6/7/2023
Madhya Pradesh,ratlam,Jaora,Onion,Medium,FAQ,350.0,1200.0,600.0,6/7/2023
Madhya Pradesh,shajapur,Nalkehda,Wheat,Other,FAQ,2016.0,2241.0,2179.0,6/7/2023
Maharashtra,nagpur,Nagpur,Wheat,Other,FAQ,2275.0,2380.0,2354.0,6/7/2023
Kerala,malappuram,Manjeri,Potato,Other,FAQ,2300.0,2400.0,2350.0,6/7/2023
Uttar Pradesh,jaunpur,Mugrabaadshahpur,Wheat,Dara,FAQ,2120.0,2320.0,2220.0,6/7/2023
Maharashtra,pune,Pune,Tomato,Local,FAQ,600.0,1600.0,1100.0,6/7/2023
Maharashtra,pune,Pune(Khadiki),Tomato,Local,FAQ,700.0,1200.0,950.0,6/7/2023
Kerala,kottayam,Kanjirappally,Potato,Potato,FAQ,3500.0,4000.0,3800.0,6/7/2023
Madhya Pradesh,shivpuri,Pichhour,Wheat,Other,FAQ,2160.0,2200.0,2180.0,6/7/2023
Rajasthan,jhalawar,Choumahla,Wheat,Other,FAQ,2076.0,2300.0,2188.0,6/7/2023
Uttar Pradesh,gonda,Nawabganj,Wheat,Dara,FAQ,2300.0,2320.0,2310.0,6/7/2023
Madhya Pradesh,harda,Timarni,Wheat,Mill Quality,FAQ,2171.0,2316.0,2295.0,6/7/2023
Haryana,kurukshetra,Babain,Onion,Local,FAQ,780.0,1335.0,860.0,6/7/2023
Karnataka,bangalore,Doddaballa Pur,Onion,Onion,FAQ,1200.0,1600.0,1400.0,6/7/2023
Madhya Pradesh,sagar,Rehli,Wheat,Other,FAQ,2150.0,2350.0,2250.0,6/7/2023
Uttar Pradesh,banda,Baberu,Onion,Red,FAQ,910.0,1015.0,960.0,6/7/2023
Madhya Pradesh,ratlam,Ratlam,Wheat,Lok-1,FAQ,2210.0,2860.0,2420.0,6/7/2023
Madhya Pradesh,khargone,Badwaha,Onion,Other,FAQ,650.0,1300.0,900.0,6/7/2023
Karnataka,dharwad,Hubli (Amaragol),Onion,Telagi,FAQ,300.0,1150.0,580.0,6/7/2023
Chattisgarh,rajnandgaon,Rajnandgaon,Wheat,Deshi,FAQ,2275.0,2354.0,2314.0,6/7/2023
Uttar Pradesh,muzaffarnagar,Muzzafarnagar,Wheat,Dara,FAQ,2180.0,2300.0,2250.0,6/7/2023
Rajasthan,ganganagar,Suratgarh,Wheat,Other,FAQ,2135.0,2252.0,2165.0,6/7/2023
Kerala,idukki,Vandiperiyar,Potato,Other,FAQ,1650.0,1650.0,1650.0,6/7/2023
Madhya Pradesh,ujjain,Tarana,Wheat,147 Average,FAQ,1800.0,2592.0,2140.0,6/7/2023
Haryana,ambala,Shahzadpur,Tomato,Local,FAQ,600.0,1000.0,1000.0,6/7/2023
Punjab,muktsar,Malout,Potato,Potato,FAQ,800.0,900.0,850.0,6/7/2023
Andhra Pradesh,hyderabad,Gudimalkapur,Potato,(Red Nanital),FAQ,600.0,1700.0,1400.0,6/7/2023
Madhya Pradesh,hoshangabad,Pipariya,Potato,(Red Nanital),FAQ,600.0,1200.0,950.0,6/7/2023
Orissa,bhadrak,Chandabali,Onion,Other,FAQ,1600.0,1800.0,1700.0,6/7/2023
Madhya Pradesh,mandsaur,Daloda,Wheat,Mill Quality,FAQ,2000.0,2533.0,2180.0,6/7/2023
Himachal Pradesh,hamirpur,Maudaha,Potato,Desi,FAQ,1050.0,1140.0,1100.0,6/7/2023
Himachal Pradesh,kullu,Kullu,Potato,Other,FAQ,1500.0,1900.0,1700.0,6/7/2023
Kerala,malappuram,Kottakkal,Potato,Other,FAQ,2600.0,2700.0,2650.0,6/7/2023
Madhya Pradesh,ujjain,Nagda,Wheat,Other,FAQ,2066.0,2481.0,2273.0,6/7/2023
Karnataka,mysore,Mysore (Bandipalya),Wheat,Local,FAQ,3200.0,3800.0,3500.0,6/7/2023
Uttar Pradesh,deoria,Barhaj,Onion,Red,FAQ,1160.0,1180.0,1170.0,6/7/2023
Punjab,ludhiana,Samrala,Onion,Other,FAQ,1400.0,1600.0,1500.0,6/7/2023
Madhya Pradesh,khargone,Sanawad,Onion,1st Sort,FAQ,800.0,1000.0,900.0,6/7/2023
Haryana,panchkula,Barwala,Onion,Onion,FAQ,800.0,1000.0,900.0,6/7/2023
Maharashtra,ahmednagar,Shrirampur,Wheat,Other,FAQ,2000.0,2300.0,2200.0,6/7/2023
Maharashtra,ahmednagar,Shrirampur(Belapur),Wheat,Other,FAQ,1800.0,2200.0,2000.0,6/7/2023
Himachal Pradesh,hamirpur,Maudaha,Wheat,Dara,FAQ,2125.0,2150.0,2130.0,6/7/2023
Chandigarh,chandigarh,Chandigarh(Grain/Fruit),Onion,Other,FAQ,600.0,1500.0,1200.0,6/7/2023
Rajasthan,ganganagar,Lalgarh Jatan,Wheat,Other,FAQ,2160.0,2190.0,2180.0,6/7/2023
West Bengal,nadia,Karimpur,Wheat,Other,FAQ,2175.0,2250.0,2200.0,6/7/2023
West Bengal,hooghly,Kalipur,Potato,Jyoti,FAQ,1300.0,1340.0,1320.0,6/7/2023
Punjab,sangrur,Sangrur,Potato,Desi,FAQ,600.0,700.0,650.0,6/7/2023
Uttar Pradesh,badaun,Visoli,Potato,Desi,FAQ,700.0,800.0,720.0,6/7/2023
Maharashtra,nanded,Nanded,Wheat,Sharbati,FAQ,2115.0,2115.0,2115.0,6/7/2023
Gujarat,jamnagar,Jamnagar,Wheat,Other,FAQ,1750.0,2450.0,2175.0,6/7/2023
Uttar Pradesh,shahjahanpur,Puwaha,Wheat,Dara,FAQ,2100.0,2300.0,2200.0,6/7/2023
Uttar Pradesh,unnao,Purwa,Wheat,Dara,FAQ,2100.0,2200.0,2150.0,6/7/2023
Uttar Pradesh,pratapgarh,Pratapgarh,Wheat,Other,FAQ,2197.0,2582.0,2293.0,6/7/2023
Rajasthan,pratapgarh,Pratapgarh,Wheat,Other,FAQ,2197.0,2582.0,2293.0,6/7/2023
Andhra Pradesh,karimnagar,Karimnagar(Rythu Bazar),Tomato,Deshi,FAQ,4000.0,4500.0,4000.0,6/7/2023
Madhya Pradesh,harda,Khirakiya,Wheat,147 Average,FAQ,2137.0,2314.0,2304.0,6/7/2023
Gujarat,porbandar,Porbandar,Wheat,Other,FAQ,2175.0,2320.0,2250.0,6/7/2023
Madhya Pradesh,jhabua,Petlawad,Wheat,Lokwan,FAQ,2120.0,2205.0,2154.0,6/7/2023
Himachal Pradesh,solan,Solan,Potato,Other,FAQ,1000.0,1900.0,1800.0,6/7/2023
Maharashtra,thane,Palghar,Wheat,Other,FAQ,2770.0,2770.0,2770.0,6/7/2023
Haryana,yamuna nagar,Sadhaura,Onion,Onion,FAQ,1000.0,1200.0,1100.0,6/7/2023
Uttar Pradesh,barabanki,Safdarganj,Onion,Red,FAQ,950.0,1040.0,1020.0,6/7/2023
Kerala,thiruvananthapuram,Neyyatinkara,Tomato,Tomato,FAQ,5600.0,6000.0,5700.0,6/7/2023
Madhya Pradesh,neemuch,Neemuch,Wheat,147 Average,FAQ,2110.0,2640.0,2250.0,6/7/2023
Madhya Pradesh,indore,Sanwer,Potato,Other,FAQ,1550.0,1800.0,1650.0,6/7/2023
Haryana,mewat,Nuh,Tomato,Other,FAQ,500.0,600.0,600.0,6/7/2023
Uttar Pradesh,bijnor,Chaandpur,Onion,Red,FAQ,1200.0,1300.0,1250.0,6/7/2023
Maharashtra,nashik,Lasalgaon(Vinchur),Wheat,Other,FAQ,2200.0,2370.0,2265.0,6/7/2023
Madhya Pradesh,vidisha,Lateri,Wheat,Sharbati,FAQ,2805.0,2950.0,2805.0,6/7/2023
Uttar Pradesh,gonda,Gonda,Wheat,Dara,FAQ,2310.0,2350.0,2325.0,6/7/2023
Madhya Pradesh,mandsaur,Garoth,Wheat,Other,FAQ,2100.0,2190.0,2180.0,6/7/2023
Uttar Pradesh,prayagraj,Allahabad,Potato,Desi,FAQ,750.0,950.0,890.0,6/7/2023
Madhya Pradesh,jhabua,Thandla,Wheat,147 Average,FAQ,2300.0,2300.0,2300.0,6/7/2023
Uttar Pradesh,prayagraj,Sirsa,Onion,Red,FAQ,1150.0,1250.0,1200.0,6/7/2023
Haryana,gurgaon,Sohna,Onion,Onion,FAQ,1000.0,1200.0,1100.0,6/7/2023
Kerala,ernakulam,Thrippunithura,Potato,Potato,FAQ,3200.0,4000.0,3400.0,6/7/2023
Rajasthan,rajsamand,Rajsamand,Potato,Potato,FAQ,1000.0,1200.0,1100.0,6/7/2023
Madhya Pradesh,hoshangabad,Hoshangabad,Onion,Onion,FAQ,730.0,1310.0,990.0,6/7/2023
Haryana,sonipat,Sonepat,Onion,Other,FAQ,1100.0,1200.0,1100.0,6/7/2023
Madhya Pradesh,khargone,Sanawad,Wheat,Lokwan,FAQ,2010.0,2346.0,2265.0,6/7/2023
Gujarat,dahod,Dahod(Veg. Market),Tomato,Tomato,FAQ,1400.0,2300.0,1900.0,6/7/2023
Haryana,sirsa,Ellanabad,Onion,Local,FAQ,500.0,900.0,750.0,6/7/2023
Uttar Pradesh,lalitpur,Mehrauni,Wheat,147 Average,FAQ,2125.0,2200.0,2200.0,6/7/2023
Madhya Pradesh,raisen,Udaipura,Wheat,Lokwan,FAQ,2100.0,2300.0,2250.0,6/7/2023
Kerala,kottayam,Kottayam,Tomato,Tomato,FAQ,2000.0,2400.0,2200.0,6/7/2023
Madhya Pradesh,sagar,Khurai,Wheat,MP Sharbati,FAQ,2190.0,2520.0,2300.0,6/7/2023
Uttar Pradesh,bulandshahar,Buland Shahr,Onion,Red,FAQ,1000.0,1225.0,1120.0,6/7/2023
Orissa,kendrapara,Kendrapara,Potato,Potato,FAQ,1500.0,1600.0,1500.0,6/7/2023
Maharashtra,satara,Patan,Tomato,Other,FAQ,800.0,1000.0,900.0,6/7/2023
West Bengal,murshidabad,Kandi,Potato,Jyoti,FAQ,1180.0,1225.0,1200.0,6/7/2023
Madhya Pradesh,mandsaur,Sitmau,Wheat,Other,FAQ,2000.0,2475.0,2237.0,6/7/2023
Madhya Pradesh,sagar,Kesli,Wheat,Other,FAQ,2210.0,2230.0,2215.0,6/7/2023
Rajasthan,ganganagar,Sriganganagar (Grain),Wheat,Other,FAQ,2180.0,2257.0,2200.0,6/7/2023
Madhya Pradesh,guna,Guna(F&V),Tomato,Other,FAQ,400.0,500.0,470.0,6/7/2023
Himachal Pradesh,mandi,Mandi(Mandi),Potato,Potato,FAQ,1000.0,1500.0,1200.0,6/7/2023
Uttar Pradesh,badaun,Shahaswan,Potato,Potato,FAQ,950.0,1100.0,1000.0,6/7/2023
Uttar Pradesh,auraiya,Achalda,Onion,Red,FAQ,1100.0,1300.0,1200.0,6/7/2023
Madhya Pradesh,ujjain,Ujjain(F&V),Potato,Desi,FAQ,316.0,1262.0,1200.0,6/7/2023
Madhya Pradesh,alirajpur,Jobat,Wheat,Other,FAQ,2100.0,2130.0,2130.0,6/7/2023
Rajasthan,jhalawar,Jhalarapatan,Wheat,Other,FAQ,2130.0,2301.0,2265.0,6/7/2023
Madhya Pradesh,neemuch,Javad,Wheat,Other,FAQ,2191.0,2191.0,2191.0,6/7/2023
Gujarat,rajkot,Rajkot,Wheat,Sharbati,FAQ,2135.0,2630.0,2350.0,6/7/2023
Andhra Pradesh,hyderabad,Bowenpally,Onion,1st Sort,FAQ,400.0,1200.0,1000.0,6/7/2023
Uttar Pradesh,hardoi,Hardoi,Wheat,Dara,FAQ,2260.0,2340.0,2310.0,6/7/2023
Andhra Pradesh,hyderabad,L B Nagar,Potato,(Red Nanital),FAQ,1500.0,1700.0,1600.0,6/7/2023
Meghalaya,west garo hills,Tura,Potato,Local,FAQ,1700.0,1900.0,1800.0,6/7/2023
Kerala,alappuzha,Chengannur,Onion,Onion,FAQ,1900.0,2200.0,2000.0,6/7/2023
Uttar Pradesh,mirzapur,Mirzapur,Potato,Desi,FAQ,885.0,1000.0,930.0,6/7/2023
Orissa,sambalpur,Kuchinda,Potato,Other,FAQ,1700.0,1900.0,1800.0,6/7/2023
Maharashtra,nagpur,Savner,Wheat,Other,FAQ,2275.0,2355.0,2325.0,6/7/2023
Andhra Pradesh,hyderabad,L B Nagar,Onion,1st Sort,FAQ,1000.0,1500.0,1250.0,6/7/2023
Punjab,jalandhar,Phillaur(Apra Mandi),Potato,Other,FAQ,1000.0,1000.0,1000.0,6/7/2023
Maharashtra,ahmednagar,Sangamner,Tomato,Other,FAQ,250.0,1875.0,1062.0,6/7/2023
Punjab,faridkot,Jaitu,Potato,Potato,FAQ,1000.0,1000.0,1000.0,6/7/2023
Punjab,kapurthala,Phagwara,Potato,Other,FAQ,408.0,1100.0,855.0,6/7/2023
Uttar Pradesh,badaun,Shahaswan,Wheat,Medium,FAQ,2200.0,2300.0,2250.0,6/7/2023
Haryana,kurukshetra,Ladwa,Potato,Potato,FAQ,700.0,900.0,800.0,6/7/2023
Uttar Pradesh,mainpuri,Mainpuri,Onion,Red,FAQ,820.0,1020.0,940.0,6/7/2023
Madhya Pradesh,shivpuri,Shivpuri,Wheat,Other,FAQ,2125.0,2215.0,2170.0,6/7/2023
Karnataka,mandya,Mandya,Onion,Onion,FAQ,2000.0,2000.0,2000.0,6/7/2023
Uttar Pradesh,pratapgarh,Pratapgarh,Onion,Red,FAQ,1100.0,1350.0,1200.0,6/7/2023
Madhya Pradesh,khargone,Sanawad,Potato,(Red Nanital),FAQ,1200.0,1500.0,1300.0,6/7/2023
Madhya Pradesh,panna,Simariya,Wheat,147 Average,FAQ,2040.0,2075.0,2060.0,6/7/2023
Uttar Pradesh,firozabad,Sirsaganj,Wheat,Dara,FAQ,2240.0,2260.0,2250.0,6/7/2023
Uttar Pradesh,sitapur,Sitapur,Wheat,Dara,FAQ,2280.0,2350.0,2300.0,6/7/2023
Rajasthan,hanumangarh,Rawatsar,Tomato,Deshi,FAQ,400.0,400.0,400.0,6/7/2023
Uttar Pradesh,barabanki,Safdarganj,Wheat,Dara,FAQ,2250.0,2350.0,2300.0,6/7/2023
Uttar Pradesh,bulandshahar,Divai,Onion,Red,FAQ,800.0,1000.0,900.0,6/7/2023
Maharashtra,satara,Karad,Onion,Other,FAQ,500.0,1400.0,1400.0,6/7/2023
Uttar Pradesh,saharanpur,Saharanpur,Wheat,Dara,FAQ,2130.0,2300.0,2230.0,6/7/2023
West Bengal,puruliya,Kasipur,Onion,Other,FAQ,1500.0,1600.0,1540.0,6/7/2023
Uttar Pradesh,fatehpur,Jahanabad,Potato,Local,FAQ,700.0,800.0,750.0,6/7/2023
Uttar Pradesh,muzaffarnagar,Muzzafarnagar,Potato,Desi,FAQ,1050.0,1200.0,1100.0,6/7/2023
Karnataka,mysore,Mysore (Bandipalya),Potato,Potato,FAQ,1000.0,1500.0,1400.0,6/7/2023
Maharashtra,mumbai,Mumbai,Wheat,Other,FAQ,2600.0,5000.0,3800.0,6/7/2023
Himachal Pradesh,hamirpur,Bharuasumerpur,Onion,Red,FAQ,900.0,960.0,930.0,6/7/2023
Uttar Pradesh,bahraich,Naanpara,Potato,Desi,FAQ,1040.0,1100.0,1070.0,6/7/2023
Uttar Pradesh,sambhal,Muradabad,Wheat,Hybrid,FAQ,2200.0,2220.0,2210.0,6/7/2023
Madhya Pradesh,satna,Nagod,Wheat,Dara Mill Quality,FAQ,2155.0,2240.0,2225.0,6/7/2023
Uttar Pradesh,aligarh,Aligarh,Onion,Red,FAQ,1000.0,1150.0,1080.0,6/7/2023
Rajasthan,pratapgarh,Pratapgarh,Onion,Red,FAQ,1100.0,1350.0,1200.0,6/7/2023
Nagaland,mokokchung,Mangkolemba,Potato,Other,FAQ,1500.0,2500.0,2000.0,6/7/2023
Maharashtra,akola,Akola,Potato,Other,FAQ,800.0,1300.0,1200.0,6/7/2023
Uttar Pradesh,bulandshahar,Jahangirabad,Wheat,Dara,FAQ,2280.0,2320.0,2300.0,6/7/2023
Kerala,ernakulam,Perumbavoor,Onion,Onion,FAQ,1400.0,2400.0,1800.0,6/7/2023
Madhya Pradesh,indore,Sanwer,Wheat,Other,FAQ,2050.0,2400.0,2100.0,6/7/2023
Gujarat,ahmedabad,Ahmedabad(Chimanbhai Patal Market Vasana),Potato,Other,FAQ,1000.0,1300.0,1200.0,6/7/2023
Punjab,ludhiana,Sahnewal,Tomato,Tomato,FAQ,500.0,500.0,500.0,6/7/2023
Maharashtra,mumbai,Mumbai,Tomato,Other,FAQ,1000.0,1500.0,1200.0,6/7/2023
Uttar Pradesh,maharajganj,Partaval,Onion,Red,FAQ,1050.0,1275.0,1170.0,6/7/2023
Uttar Pradesh,ghaziabad,Hapur,Onion,Red,FAQ,1100.0,1200.0,1120.0,6/7/2023
Rajasthan,bikaner,Nokha,Wheat,Other,FAQ,2231.0,2231.0,2231.0,6/7/2023
Madhya Pradesh,ratlam,Jaora,Wheat,Lok -1 (Nilami Rate),FAQ,2150.0,2921.0,2300.0,6/7/2023
Madhya Pradesh,neemuch,Neemuch,Onion,Red,FAQ,215.0,990.0,530.0,6/7/2023
Andhra Pradesh,mahbubnagar,Kalwakurthy,Potato,Local,FAQ,2000.0,2000.0,2000.0,6/7/2023
Gujarat,rajkot,Jasdan,Wheat,2189 No. 1,FAQ,2000.0,2275.0,2125.0,6/7/2023
Madhya Pradesh,vidisha,Vidisha,Wheat,Other,FAQ,1990.0,2811.0,2350.0,6/7/2023
Uttar Pradesh,varanasi,Varanasi,Wheat,Dara,FAQ,2130.0,2300.0,2220.0,6/7/2023
 Punjab,fazilka,Abohar,Onion,Onion,FAQ,845.0,1540.0,1024.0,6/7/2023
Maharashtra,nashik,Nasik,Potato,Other,FAQ,1100.0,1450.0,1250.0,6/7/2023
Kerala,thiruvananthapuram,Vamanapuram,Potato,Other,FAQ,3000.0,3500.0,3200.0,6/7/2023
West Bengal,birbhum,Sainthia,Tomato,Deshi,FAQ,3400.0,3600.0,3500.0,6/7/2023
Maharashtra,bhandara,Tumsar,Wheat,Other,FAQ,2200.0,2291.0,2240.0,6/7/2023
Karnataka,shimoga,Shimoga,Wheat,Super Fine,FAQ,3400.0,3700.0,3550.0,6/7/2023
Punjab,patiala,Patran,Onion,Other,FAQ,700.0,1000.0,870.0,6/7/2023
Haryana,sonipat,Ganaur,Onion,Onion,FAQ,1200.0,1500.0,1400.0,6/7/2023
Madhya Pradesh,panna,Panna,Wheat,Other,FAQ,2150.0,2210.0,2185.0,6/7/2023
Madhya Pradesh,harda,Harda(F&V),Potato,Desi,FAQ,970.0,1000.0,980.0,6/7/2023
Karnataka,bellary,Hospet,Potato,Potato,FAQ,1300.0,1600.0,1400.0,6/7/2023
Uttar Pradesh,ballia,Rasda,Wheat,Dara,FAQ,2060.0,2230.0,2142.0,6/7/2023
Rajasthan,ganganagar,Sri Karanpur,Wheat,Other,FAQ,2122.0,2151.0,2146.0,6/7/2023
Madhya Pradesh,shajapur,Kalapipal,Wheat,Mill Quality,FAQ,1890.0,2125.0,2050.0,6/7/2023
Madhya Pradesh,indore,Gautampura,Onion,1st Sort,FAQ,200.0,1100.0,400.0,6/7/2023
Uttar Pradesh,amethi,Sultanpur,Wheat,Dara,FAQ,2125.0,2440.0,2340.0,6/7/2023
Punjab,ludhiana,Ludhiana,Potato,Other,FAQ,200.0,1100.0,900.0,6/7/2023
Assam,kamrup,Pamohi(Garchuk),Potato,(Red Nanital),FAQ,1650.0,1800.0,1700.0,6/7/2023
Maharashtra,sangli,Tasgaon,Wheat,Other,FAQ,2460.0,2820.0,2640.0,6/7/2023
Uttar Pradesh,gonda,Nawabganj,Potato,Desi,FAQ,1040.0,1080.0,1060.0,6/7/2023
Uttar Pradesh,prayagraj,Jasra,Potato,Desi,FAQ,825.0,980.0,900.0,6/7/2023
Rajasthan,alwar,Kherli,Wheat,Other,FAQ,2178.0,2213.0,2190.0,6/7/2023
Madhya Pradesh,rajgarh,Khilchipur,Wheat,147 Average,FAQ,2065.0,2210.0,2180.0,6/7/2023
West Bengal,alipurduar,Alipurduar,Potato,Red,FAQ,1400.0,1500.0,1450.0,6/7/2023
Madhya Pradesh,panna,Pawai,Wheat,147 Average,FAQ,2300.0,2300.0,2300.0,6/7/2023
Uttar Pradesh,meerut,Meerut,Potato,Desi,FAQ,1020.0,1250.0,1120.0,6/7/2023
Maharashtra,wardha,Sindi(Selu),Wheat,Other,FAQ,2100.0,2350.0,2300.0,6/7/2023
Madhya Pradesh,hoshangabad,Pipariya,Wheat,Other,FAQ,1880.0,2294.0,2260.0,6/7/2023
Maharashtra,nashik,Pimpalgaon,Onion,Other,FAQ,200.0,1700.0,1001.0,6/7/2023
Madhya Pradesh,khargone,Khargone,Potato,(Red Nanital),FAQ,500.0,1200.0,800.0,6/7/2023
Gujarat,anand,"Anand(Veg,Yard,Anand)",Potato,Potato,FAQ,1200.0,1300.0,1250.0,6/7/2023
Haryana,gurgaon,Sohna,Potato,Potato,FAQ,1000.0,1000.0,1000.0,6/7/2023
Rajasthan,tonk,Dooni,Wheat,147 Average,FAQ,2150.0,2465.0,2308.0,6/7/2023
Madhya Pradesh,jhabua,Petlawad,Onion,Hybrid,FAQ,1000.0,1500.0,1188.0,6/7/2023
Uttar Pradesh,etawah,Etawah,Onion,Red,FAQ,1035.0,1435.0,1235.0,6/7/2023
Madhya Pradesh,gwalior,Lashkar(F&V),Potato,Local,FAQ,800.0,1200.0,1000.0,6/7/2023
Madhya Pradesh,datia,Sevda,Wheat,Mill Quality,FAQ,2200.0,2274.0,2260.0,6/7/2023
Gujarat,amreli,Savarkundla,Wheat,Bansi,FAQ,2175.0,2800.0,2488.0,6/7/2023
Uttar Pradesh,sitapur,Hargaon (Laharpur),Onion,Nasik,FAQ,800.0,1000.0,900.0,6/7/2023
Uttar Pradesh,ballia,Rasda,Potato,Desi,FAQ,850.0,1000.0,920.0,6/7/2023
Gujarat,gandhinagar,Mansa,Wheat,Medium,FAQ,2000.0,2280.0,2230.0,6/7/2023
Gujarat,surendranagar,Vadhvan,Onion,Onion,FAQ,1000.0,1500.0,1250.0,6/7/2023
Uttar Pradesh,bulandshahar,Siyana,Wheat,Dara,FAQ,2160.0,2200.0,2180.0,6/7/2023
Haryana,fatehabad,Jakhal,Onion,Other,FAQ,1400.0,1400.0,1400.0,6/7/2023
Himachal Pradesh,kangra,Palampur,Potato,Other,FAQ,1300.0,1400.0,1350.0,6/7/2023
Uttar Pradesh,aligarh,Khair,Potato,Desi,FAQ,880.0,960.0,910.0,6/7/2023
Madhya Pradesh,chhindwara,Chhindwara(F&V),Onion,Red,FAQ,500.0,800.0,600.0,6/7/2023
Uttar Pradesh,badaun,Wazirganj,Wheat,Dara,FAQ,2200.0,2260.0,2230.0,6/7/2023
Maharashtra,nashik,Yeola,Wheat,Maharashtra 2189,FAQ,2081.0,2370.0,2160.0,6/7/2023
Uttar Pradesh,sitapur,Viswan,Wheat,Dara,FAQ,2250.0,2320.0,2290.0,6/7/2023
Uttar Pradesh,ballia,Vilthararoad,Wheat,Dara,FAQ,2125.0,2300.0,2200.0,6/7/2023
Maharashtra,nashik,Devala,Onion,Other,FAQ,100.0,1200.0,800.0,6/7/2023
Kerala,kannur,Kannur,Onion,Other,FAQ,1600.0,2000.0,1800.0,6/7/2023
Gujarat,sabarkantha,Talod,Wheat,Other,FAQ,2100.0,2395.0,2248.0,6/7/2023
Orissa,kendrapara,Kendrapara(Marshaghai),Potato,Potato,FAQ,1500.0,1600.0,1600.0,6/7/2023
Rajasthan,tonk,Deoli,Wheat,Other,FAQ,2150.0,2450.0,2300.0,6/7/2023
Maharashtra,sholapur,Akluj,Onion,Red,FAQ,150.0,810.0,500.0,6/7/2023
Karnataka,shimoga,Shimoga,Tomato,Tomato,FAQ,20.0,32.0,25.0,6/7/2023
Uttar Pradesh,amroha,Dhanaura,Wheat,Dara,FAQ,2125.0,2150.0,2135.0,6/7/2023
Madhya Pradesh,vidisha,Lateri,Wheat,Lokwan,FAQ,2135.0,2460.0,2295.0,6/7/2023
Rajasthan,ganganagar,Sadulshahar,Wheat,Other,FAQ,2090.0,2180.0,2100.0,6/7/2023
Himachal Pradesh,shimla,Shimla and Kinnaur(Rampur),Potato,Other,FAQ,1500.0,2000.0,1600.0,6/7/2023
Madhya Pradesh,ujjain,Ujjain,Wheat,Lokwan,FAQ,1401.0,2840.0,2361.0,6/7/2023
Uttar Pradesh,rampur,Rampur,Tomato,Deshi,FAQ,800.0,900.0,850.0,6/7/2023
Uttar Pradesh,jaunpur,Shahganj,Onion,Red,FAQ,1100.0,1200.0,1150.0,6/7/2023
Uttar Pradesh,varanasi,Varanasi(F&V),Potato,Badshah,FAQ,850.0,985.0,935.0,6/7/2023
Madhya Pradesh,tikamgarh,Tikamgarh,Wheat,Other,FAQ,2210.0,2294.0,2260.0,6/7/2023
Madhya Pradesh,bhind,Mow,Wheat,Other,FAQ,2190.0,2250.0,2215.0,6/7/2023
Gujarat,rajkot,Rajkot,Wheat,Lokwan,FAQ,2095.0,2305.0,2215.0,6/7/2023
Rajasthan,hanumangarh,Hanumangarh,Wheat,Other,FAQ,2130.0,2205.0,2175.0,6/7/2023
Madhya Pradesh,tikamgarh,Palera,Wheat,Mill Quality,FAQ,2130.0,2150.0,2140.0,6/7/2023
Maharashtra,nagpur,Ramtek,Tomato,Other,FAQ,1800.0,2000.0,1900.0,6/7/2023
Uttar Pradesh,balrampur,Tulsipur,Wheat,Dara,FAQ,2300.0,2350.0,2320.0,6/7/2023
Uttar Pradesh,lucknow,Lucknow,Potato,Desi,FAQ,940.0,1040.0,1000.0,6/7/2023
Uttar Pradesh,ballia,Rasda,Tomato,Deshi,FAQ,760.0,920.0,830.0,6/7/2023
Madhya Pradesh,damoh,Patharia,Wheat,Lokwan MP No. 1,FAQ,2132.0,2561.0,2252.0,6/7/2023
 Punjab,fazilka,Jalalabad,Onion,Other,FAQ,1000.0,1000.0,1000.0,6/7/2023
Uttar Pradesh,amroha,Dhanaura,Onion,Medium,FAQ,800.0,1000.0,900.0,6/7/2023
Uttar Pradesh,ballia,Vilthararoad,Potato,Desi,FAQ,1000.0,1100.0,1050.0,6/7/2023
Haryana,kurukshetra,Shahabad,Tomato,Tomato,FAQ,300.0,500.0,400.0,6/7/2023
Uttar Pradesh,lucknow,Lucknow,Wheat,Dara,FAQ,2240.0,2340.0,2290.0,6/7/2023
Meghalaya,east khasi hills,Shillong,Potato,Local,FAQ,1500.0,1700.0,1600.0,6/7/2023
Uttar Pradesh,sitapur,Sitapur,Onion,Red,FAQ,1000.0,1150.0,1080.0,6/7/2023
Gujarat,rajkot,Rajkot(Veg.Sub Yard),Tomato,Tomato,FAQ,1000.0,2500.0,1750.0,6/7/2023
Uttar Pradesh,jhansi,Gurusarai,Potato,Desi,FAQ,1000.0,1090.0,1040.0,6/7/2023
Maharashtra,ahmednagar,Rahata,Potato,Other,FAQ,1500.0,1500.0,1500.0,6/7/2023
Uttar Pradesh,ghazipur,Gazipur,Wheat,Dara,FAQ,2150.0,2190.0,2170.0,6/7/2023
Himachal Pradesh,hamirpur,Hamirpur(Nadaun),Onion,Other,FAQ,1800.0,2000.0,1900.0,6/7/2023
Maharashtra,ahmednagar,Shrirampur,Onion,Other,FAQ,200.0,1200.0,650.0,6/7/2023
Gujarat,rajkot,Gondal,Onion,Red,FAQ,355.0,1305.0,1055.0,6/7/2023
Uttar Pradesh,firozabad,Shikohabad,Potato,Local,FAQ,650.0,750.0,700.0,6/7/2023
Haryana,ambala,Barara,Onion,Other,FAQ,900.0,1000.0,900.0,6/7/2023
Uttar Pradesh,ghaziabad,Noida,Wheat,Dara,FAQ,2050.0,2300.0,2250.0,6/7/2023
Uttar Pradesh,ghaziabad,Ghaziabad,Onion,Red,FAQ,1150.0,1250.0,1200.0,6/7/2023
Maharashtra,thane,Vasai,Wheat,Other,FAQ,2850.0,3960.0,3460.0,6/7/2023
Orissa,bargarh,Bargarh,Onion,Other,FAQ,1500.0,1700.0,1600.0,6/7/2023
Uttar Pradesh,jhansi,Chirgaon,Tomato,Tomato,FAQ,1000.0,1040.0,1020.0,6/7/2023
Kerala,kottayam,Kanjirappally,Tomato,Tomato,FAQ,5500.0,6000.0,5800.0,6/7/2023
Himachal Pradesh,kangra,Kangra(Nagrota Bagwan),Tomato,Deshi,FAQ,1300.0,1400.0,1350.0,6/7/2023
Gujarat,jamnagar,Dhrol,Wheat,Other,FAQ,1850.0,2315.0,2085.0,6/7/2023
Madhya Pradesh,harda,Timarni,Tomato,Tomato,FAQ,1000.0,1200.0,1100.0,6/7/2023
Punjab,ludhiana,Samrala,Potato,Other,FAQ,400.0,600.0,500.0,6/7/2023
Nagaland,mokokchung,Mokokchung Town,Onion,Other,FAQ,2500.0,3500.0,3000.0,6/7/2023
Kerala,ernakulam,Angamaly,Tomato,Tomato,FAQ,4000.0,5000.0,4500.0,6/7/2023
Punjab,amritsar,Amritsar(Amritsar Mewa Mandi),Tomato,Tomato,FAQ,200.0,400.0,300.0,6/7/2023
Maharashtra,jalgaon,Dharangaon,Wheat,Other,FAQ,1865.0,2350.0,2311.0,6/7/2023
Uttar Pradesh,bulandshahar,Anoop Shahar,Onion,Red,FAQ,1100.0,1300.0,1200.0,6/7/2023
Uttar Pradesh,mirzapur,Ahirora,Tomato,Hybrid,FAQ,650.0,850.0,750.0,6/7/2023
Uttar Pradesh,sitapur,Viswan,Onion,Red,FAQ,1070.0,1110.0,1090.0,6/7/2023
Uttar Pradesh,maharajganj,Anandnagar,Onion,Red,FAQ,1085.0,1255.0,1170.0,6/7/2023
Rajasthan,chittorgarh,Chittorgarh,Onion,Other,FAQ,1000.0,1400.0,1200.0,6/7/2023
Madhya Pradesh,balaghat,Mohgaon,Wheat,Local,FAQ,2130.0,2150.0,2130.0,6/7/2023
Uttar Pradesh,saharanpur,Saharanpur,Potato,Desi,FAQ,975.0,1260.0,1125.0,6/7/2023
Uttar Pradesh,aligarh,Aligarh,Tomato,Hybrid,FAQ,700.0,800.0,750.0,6/7/2023
Maharashtra,ahmednagar,Kopargaon,Onion,Other,FAQ,300.0,1150.0,750.0,6/7/2023
Kerala,kottayam,Ettumanoor,Potato,Potato,FAQ,2800.0,3200.0,3000.0,6/7/2023
Uttar Pradesh,banda,Atarra,Tomato,Deshi,FAQ,1000.0,1060.0,1030.0,6/7/2023
Uttar Pradesh,deoria,Barhaj,Tomato,Hybrid,FAQ,1140.0,1160.0,1150.0,6/7/2023
Delhi,delhi,Azadpur,Onion,Onion,FAQ,375.0,1500.0,1031.0,6/7/2023
Uttar Pradesh,jaunpur,Shahganj,Potato,Badshah,FAQ,900.0,1000.0,950.0,6/7/2023
Himachal Pradesh,hamirpur,Hamirpur(Nadaun),Potato,Other,FAQ,1200.0,1600.0,1400.0,6/7/2023
Uttar Pradesh,fatehpur,Fatehpur,Potato,Desi,FAQ,800.0,1000.0,895.0,6/7/2023
Uttar Pradesh,etawah,Etawah,Potato,Desi,FAQ,785.0,985.0,885.0,6/7/2023
Kerala,thiruvananthapuram,Aralamoodu,Potato,Potato,FAQ,3000.0,3500.0,3500.0,6/7/2023
West Bengal,alipurduar,Alipurduar,Potato,Jyoti,FAQ,1150.0,1250.0,1200.0,6/7/2023
Maharashtra,jalgaon,Bhusaval,Tomato,Other,FAQ,500.0,500.0,500.0,6/7/2023
Uttar Pradesh,bulandshahar,Divai,Potato,F.A.Q.,FAQ,500.0,700.0,600.0,6/7/2023
Chandigarh,chandigarh,Chandigarh(Grain/Fruit),Potato,Other,FAQ,400.0,1400.0,1000.0,6/7/2023
Uttar Pradesh,badaun,Badayoun,Tomato,Deshi,FAQ,700.0,800.0,740.0,6/7/2023
Punjab,jalandhar,Goraya,Onion,Other,FAQ,1300.0,1300.0,1300.0,6/7/2023
Uttar Pradesh,sambhal,Sambhal,Potato,Desi,FAQ,600.0,700.0,650.0,6/7/2023
Haryana,jind,Safidon,Potato,Other,FAQ,1000.0,1000.0,1000.0,6/7/2023
Haryana,kurukshetra,Ladwa,Tomato,Tomato,FAQ,500.0,600.0,550.0,6/7/2023
Haryana,ambala,Ambala City(Subji Mandi),Tomato,Other,FAQ,700.0,1305.0,1060.0,6/7/2023
Kerala,kollam,Kottarakkara,Onion,Other,FAQ,2500.0,2500.0,2500.0,6/7/2023
Karnataka,kolar,Bangarpet,Tomato,Tomato,FAQ,500.0,2000.0,1200.0,6/7/2023
Madhya Pradesh,dhar,Dhar,Wheat,Lokwan,FAQ,2180.0,2750.0,2460.0,6/7/2023
Maharashtra,nashik,Lasalgaon(Vinchur),Onion,Other,FAQ,350.0,1300.0,950.0,6/7/2023
Uttar Pradesh,banda,Banda,Tomato,Hybrid,FAQ,950.0,1120.0,1050.0,6/7/2023
Punjab,moga,Moga,Onion,Other,FAQ,800.0,1200.0,1000.0,6/7/2023
Maharashtra,nashik,Lasalgaon,Onion,Other,FAQ,400.0,1451.0,1000.0,6/7/2023
Madhya Pradesh,dhar,Manawar,Onion,Other,FAQ,700.0,900.0,800.0,6/7/2023
Himachal Pradesh,mandi,Mandi(Mandi),Onion,Onion,FAQ,1400.0,1800.0,1600.0,6/7/2023
Orissa,keonjhar,Saharpada,Potato,Other,FAQ,1800.0,2000.0,1800.0,6/7/2023
Kerala,thiruvananthapuram,Attingal,Tomato,Other,FAQ,3700.0,4500.0,4000.0,6/7/2023
Madhya Pradesh,shajapur,Kalapipal,Onion,Other,FAQ,100.0,701.0,360.0,6/7/2023
Nagaland,mokokchung,Mangkolemba,Onion,Other,FAQ,2500.0,3500.0,3000.0,6/7/2023
Kerala,malappuram,Kottakkal,Tomato,Other,FAQ,2700.0,2800.0,2750.0,6/7/2023
Jammu & Kashmir,udhampur,Reasi,Potato,Potato,FAQ,1200.0,1400.0,1300.0,6/7/2023
Uttar Pradesh,ghaziabad,Ghaziabad,Wheat,Dara,FAQ,2310.0,2330.0,2320.0,6/7/2023
Uttar Pradesh,saharanpur,Chutmalpur,Potato,Potato,FAQ,700.0,900.0,800.0,6/7/2023
Punjab,barnala,Barnala,Tomato,Other,FAQ,400.0,700.0,550.0,6/7/2023
Uttar Pradesh,amroha,Amroha,Tomato,Deshi,FAQ,650.0,800.0,730.0,6/7/2023
Punjab,hoshiarpur,Dasuya,Onion,Other,FAQ,1000.0,1300.0,1150.0,6/7/2023
Maharashtra,kolhapur,Vadgaonpeth,Onion,Local,FAQ,10.0,15.0,12.0,6/7/2023
Kerala,ernakulam,Aluva,Tomato,Tomato,FAQ,3500.0,4000.0,3800.0,6/7/2023
Kerala,kottayam,Kottayam,Onion,Onion,FAQ,5200.0,5600.0,5400.0,6/7/2023
Kerala,idukki,Adimali,Tomato,Hybrid,FAQ,5000.0,6000.0,5000.0,6/7/2023
Madhya Pradesh,tikamgarh,Jatara,Wheat,Mill Quality,FAQ,2150.0,2200.0,2150.0,6/7/2023
Uttar Pradesh,jaunpur,Jaunpur,Wheat,Dara,FAQ,2170.0,2225.0,2200.0,6/7/2023
Gujarat,surendranagar,Vadhvan,Potato,Potato,FAQ,1500.0,2000.0,1750.0,6/7/2023
Uttar Pradesh,jhansi,Chirgaon,Wheat,Dara,FAQ,2180.0,2240.0,2210.0,6/7/2023
Rajasthan,bundi,Dei,Wheat,Other,FAQ,2108.0,2231.0,2150.0,6/7/2023
Madhya Pradesh,dewas,Dewas,Wheat,Other,FAQ,2000.0,2680.0,2100.0,6/7/2023
Haryana,rewari,Rewari,Potato,Other,FAQ,600.0,1600.0,1000.0,6/7/2023
Uttar Pradesh,banda,Baberu,Tomato,Hybrid,FAQ,965.0,1095.0,1025.0,6/7/2023
Jammu and Kashmir,anantnag,Ashahipora (Anantnagh),Tomato,Other,FAQ,1400.0,1500.0,1450.0,6/7/2023
Kerala,thiruvananthapuram,Aralamoodu,Tomato,Tomato,FAQ,6000.0,6000.0,6000.0,6/7/2023
Uttar Pradesh,ghazipur,Gazipur,Potato,Desi,FAQ,900.0,940.0,920.0,6/7/2023
Madhya Pradesh,shajapur,Kalapipal,Wheat,MP Sharbati,FAQ,2210.0,2880.0,2330.0,6/7/2023
Uttar Pradesh,amroha,Amroha,Potato,Kufri Megha,FAQ,850.0,1020.0,930.0,6/7/2023
Karnataka,dharwad,Hubli (Amaragol),Onion,Puna,FAQ,400.0,1500.0,820.0,6/7/2023
Gujarat,rajkot,Jetpur(Dist.Rajkot),Onion,Onion,FAQ,450.0,1405.0,755.0,6/7/2023
Maharashtra,kolhapur,Kolhapur,Onion,Other,FAQ,500.0,1600.0,1000.0,6/7/2023
Punjab,ludhiana,Doraha,Potato,Other,FAQ,800.0,1000.0,936.0,6/7/2023
West Bengal,nadia,Chakdah,Tomato,Hybrid,FAQ,3600.0,3750.0,3700.0,6/7/2023
Rajasthan,kota,Kota,Wheat,Other,FAQ,2001.0,2501.0,2230.0,6/7/2023
Uttar Pradesh,jhansi,Chirgaon,Onion,Red,FAQ,930.0,990.0,960.0,6/7/2023
Rajasthan,tonk,Tonk,Wheat,Deshi,FAQ,2101.0,2190.0,2146.0,6/7/2023
Uttar Pradesh,etawah,Bharthna,Tomato,Hybrid,FAQ,750.0,950.0,850.0,6/7/2023
Maharashtra,thane,Ulhasnagar,Wheat,Other,FAQ,3000.0,3500.0,3250.0,6/7/2023
Uttar Pradesh,banda,Banda,Wheat,Dara,FAQ,2125.0,2250.0,2200.0,6/7/2023
Madhya Pradesh,harda,Harda(F&V),Onion,Medium,FAQ,600.0,700.0,650.0,6/7/2023
Karnataka,bangalore,Bangalore,Wheat,Local,FAQ,3000.0,4000.0,3500.0,6/7/2023
Uttar Pradesh,unnao,Bangarmau,Wheat,Dara,FAQ,2150.0,2250.0,2200.0,6/7/2023
Madhya Pradesh,rajgarh,Biaora,Onion,1st Sort,FAQ,200.0,600.0,400.0,6/7/2023
Uttar Pradesh,bijnor,Bijnaur,Tomato,Hybrid,FAQ,700.0,800.0,750.0,6/7/2023
Madhya Pradesh,rajgarh,Biaora,Tomato,Deshi,FAQ,600.0,1000.0,900.0,6/7/2023
Uttar Pradesh,jaunpur,Jaunpur,Potato,Badshah,FAQ,900.0,960.0,925.0,6/7/2023
West Bengal,jalpaiguri,Dhupguri,Potato,Jyoti,FAQ,1050.0,1250.0,1150.0,6/7/2023
Madhya Pradesh,narsinghpur,Kareli,Wheat,Deshi,FAQ,2150.0,2321.0,2236.0,6/7/2023
Chhattisgarh,bilaspur,Tiphra,Potato,Other,FAQ,1000.0,1200.0,1100.0,6/7/2023
Uttar Pradesh,hardoi,Shahabad(New Mandi),Wheat,Dara,FAQ,2240.0,2320.0,2280.0,6/7/2023
Kerala,ernakulam,Thrippunithura,Onion,Big,FAQ,1800.0,2400.0,1800.0,6/7/2023
Uttar Pradesh,aligarh,Atrauli,Potato,Desi,FAQ,750.0,850.0,800.0,6/7/2023
Kerala,kollam,Chathanoor,Tomato,Other,FAQ,3800.0,4200.0,4000.0,6/7/2023
Uttar Pradesh,mahoba,Mahoba,Onion,Red,FAQ,900.0,1000.0,950.0,6/7/2023
Maharashtra,nashik,Chandvad,Tomato,Local,FAQ,350.0,1300.0,850.0,6/7/2023
Uttar Pradesh,sambhal,Chandausi,Tomato,Hybrid,FAQ,700.0,800.0,740.0,6/7/2023
West Bengal,murshidabad,Kandi,Wheat,Other,FAQ,2250.0,2290.0,2270.0,6/7/2023
Orissa,keonjhar,Keonjhar,Onion,Other,FAQ,2000.0,2200.0,2000.0,6/7/2023
Punjab,jalandhar,Jalandhar City(Jalandhar),Potato,Other,FAQ,220.0,1000.0,560.0,6/7/2023
Maharashtra,satara,Karad,Tomato,Other,FAQ,800.0,1200.0,1200.0,6/7/2023
West Bengal,murshidabad,Jangipur,Potato,Jyoti,FAQ,1360.0,1410.0,1390.0,6/7/2023
Karnataka,kolar,Chickkaballapura,Tomato,Tomato,FAQ,500.0,2600.0,1500.0,6/7/2023
Kerala,alappuzha,Chengannur,Tomato,Other,FAQ,3000.0,3500.0,3200.0,6/7/2023
Uttar Pradesh,fatehpur,Khaga,Wheat,Dara,FAQ,2100.0,2300.0,2200.0,6/7/2023
Rajasthan,jhalawar,Khanpur,Wheat,Other,FAQ,2200.0,2400.0,2300.0,6/7/2023
Kerala,alappuzha,Aroor,Tomato,Other,FAQ,3800.0,4000.0,3900.0,6/7/2023
Orissa,keonjhar,Keonjhar(Dhekikote),Tomato,Other,FAQ,2200.0,2500.0,2500.0,6/7/2023
Haryana,sonipat,Gohana,Potato,Other,FAQ,1000.0,1100.0,1000.0,6/7/2023
Haryana,gurgaon,Farukh Nagar,Potato,Other,FAQ,1000.0,1200.0,1000.0,6/7/2023
Haryana,yamuna nagar,Chhachrauli,Onion,Onion,FAQ,1200.0,1400.0,1200.0,6/7/2023
Punjab,muktsar,Bariwala,Tomato,Other,FAQ,500.0,500.0,500.0,6/7/2023
Gujarat,gandhinagar,Dehgam,Wheat,Other,FAQ,2265.0,2300.0,2282.0,6/7/2023
Chhattisgarh,bilaspur,Tiphra,Onion,Other,FAQ,800.0,1000.0,900.0,6/7/2023
Karnataka,dharwad,Hubli (Amaragol),Wheat,Jawari,FAQ,2270.0,3416.0,2776.0,6/7/2023
Himachal Pradesh,hamirpur,Bharuasumerpur,Tomato,Local,FAQ,800.0,880.0,840.0,6/7/2023
Delhi,delhi,Shahdara,Potato,Potato,FAQ,1100.0,1400.0,1300.0,6/7/2023
Uttar Pradesh,bulandshahar,Buland Shahr,Tomato,Deshi,FAQ,700.0,900.0,800.0,6/7/2023
Haryana,panchkula,Barwala,Tomato,Other,FAQ,900.0,1000.0,950.0,6/7/2023
Uttar Pradesh,firozabad,Tundla,Onion,Red,FAQ,1060.0,1100.0,1075.0,6/7/2023
Punjab,moga,Baghapurana,Tomato,Tomato,FAQ,500.0,700.0,600.0,6/7/2023
Rajasthan,jhalawar,Bhawani Mandi,Wheat,Other,FAQ,2050.0,2302.0,2176.0,6/7/2023
Uttar Pradesh,fatehpur,Kishunpur,Wheat,Dara,FAQ,2150.0,2250.0,2200.0,6/7/2023
Uttar Pradesh,bahraich,Bahraich,Tomato,Hybrid,FAQ,1600.0,1700.0,1650.0,6/7/2023
Himachal Pradesh,hamirpur,Bharuasumerpur,Wheat,Dara,FAQ,2125.0,2200.0,2150.0,6/7/2023
Haryana,kurukshetra,Pehowa,Potato,Other,FAQ,1500.0,1500.0,1500.0,6/7/2023
Meghalaya,west garo hills,Dadengiri,Potato,Local,FAQ,1800.0,2200.0,2000.0,6/7/2023
Orissa,dhenkanal,Hindol,Potato,Potato,FAQ,1600.0,1800.0,1700.0,6/7/2023
Madhya Pradesh,khargone,Khargone,Tomato,Deshi,FAQ,500.0,1000.0,600.0,6/7/2023
Orissa,nuapada,Khariar,Tomato,Tomato,FAQ,2500.0,3000.0,3000.0,6/7/2023
Maharashtra,nashik,Lasalgaon,Wheat,Maharashtra 2189,FAQ,2201.0,2667.0,2341.0,6/7/2023
Maharashtra,nashik,Lasalgaon(Niphad),Wheat,Maharashtra 2189,FAQ,2241.0,2305.0,2280.0,6/7/2023
West Bengal,bankura,Bishnupur(Bankura),Onion,Nasik,FAQ,1400.0,1650.0,1600.0,6/7/2023
Orissa,kendrapara,Gopa,Potato,Potato,FAQ,1500.0,1600.0,1500.0,6/7/2023
Assam,lakhimpur,Lakhimpur,Onion,Red,FAQ,1020.0,1130.0,1085.0,6/7/2023
Punjab,jalandhar,Phillaur(Apra Mandi),Onion,Other,FAQ,1500.0,1500.0,1500.0,6/7/2023
West Bengal,nadia,Karimpur,Onion,Nasik,FAQ,1500.0,1600.0,1550.0,6/7/2023
Punjab,kapurthala,Bhulath,Tomato,Tomato,FAQ,900.0,900.0,900.0,6/7/2023
Kerala,ernakulam,Ernakulam,Potato,Potato,FAQ,2600.0,2800.0,2800.0,6/7/2023
Punjab,jalandhar,Bhogpur,Tomato,Other,FAQ,400.0,400.0,400.0,6/7/2023
Haryana,gurgaon,Gurgaon,Potato,Other,FAQ,800.0,1000.0,900.0,6/7/2023
Gujarat,kheda,Kapadvanj,Onion,Other,FAQ,800.0,1000.0,900.0,6/7/2023
Karnataka,bidar,Basava Kalayana,Wheat,Medium,FAQ,1800.0,2650.0,2500.0,6/7/2023
Uttar Pradesh,aligarh,Charra,Onion,Red,FAQ,1050.0,1150.0,1100.0,6/7/2023
Madhya Pradesh,dewas,Khategaon,Wheat,Other,FAQ,2040.0,2625.0,2290.0,6/7/2023
West Bengal,nadia,Bethuadahari,Potato,F.A.Q.,FAQ,1470.0,1500.0,1480.0,6/7/2023
Rajasthan,hanumangarh,Pilibanga,Wheat,1482,FAQ,2075.0,2161.0,2141.0,6/7/2023
West Bengal,birbhum,Rampurhat,Wheat,Sonalika,FAQ,2150.0,2250.0,2200.0,6/7/2023
Uttar Pradesh,jhansi,Jhansi,Wheat,Dara,FAQ,2165.0,2275.0,2230.0,6/7/2023
Uttar Pradesh,sambhal,Muradabad,Onion,Red,FAQ,1140.0,1180.0,1160.0,6/7/2023
Kerala,kottayam,Kanjirappally,Onion,Onion,FAQ,9000.0,10000.0,9800.0,6/7/2023
Haryana,yamuna nagar,Jagadhri,Potato,Other,FAQ,900.0,1200.0,1200.0,6/7/2023
Haryana,jind,Jind,Potato,Other,FAQ,700.0,1000.0,900.0,6/7/2023
Uttar Pradesh,balrampur,Ramanujganj,Wheat,Local,FAQ,2130.0,2130.0,2130.0,6/7/2023
Uttar Pradesh,bulandshahar,Anoop Shahar,Tomato,Deshi,FAQ,600.0,1000.0,800.0,6/7/2023
Madhya Pradesh,rajgarh,Kurawar,Wheat,Lok -1 (Nilami Rate),FAQ,1850.0,2468.0,2218.0,6/7/2023
Uttar Pradesh,shahjahanpur,Puwaha,Potato,Desi,FAQ,820.0,1020.0,920.0,6/7/2023
West Bengal,howrah,Uluberia,Potato,Jyoti,FAQ,1460.0,1500.0,1480.0,6/7/2023
Uttar Pradesh,maharajganj,Anandnagar,Tomato,Local,FAQ,1050.0,1215.0,1135.0,6/7/2023
Haryana,kurukshetra,Thanesar,Onion,Other,FAQ,900.0,1400.0,1100.0,6/7/2023
Gujarat,ahmedabad,Ahmedabad,Tomato,Other,FAQ,1200.0,2500.0,2000.0,6/7/2023
Gujarat,kheda,Kapadvanj,Wheat,Other,FAQ,2150.0,2250.0,2200.0,6/7/2023
Gujarat,porbandar,Porbandar,Wheat,Lokwan,FAQ,2080.0,2105.0,2095.0,6/7/2023
West Bengal,puruliya,Purulia,Potato,Jyoti,FAQ,1240.0,1260.0,1250.0,6/7/2023
West Bengal,kolkata,Bara Bazar (Posta Bazar),Potato,Jyoti,FAQ,1500.0,1530.0,1520.0,6/7/2023
Haryana,kurukshetra,Thanesar,Potato,Potato,FAQ,1000.0,1200.0,1100.0,6/7/2023
Uttar Pradesh,unnao,Bangarmau,Tomato,Deshi,FAQ,950.0,1000.0,980.0,6/7/2023
Gujarat,gandhinagar,Kalol,Wheat,Other,FAQ,2200.0,2350.0,2275.0,6/7/2023
Kerala,alappuzha,Alappuzha,Tomato,Other,FAQ,1500.0,2000.0,1500.0,6/7/2023
Uttar Pradesh,ambedkarnagar,Akbarpur,Tomato,Deshi,FAQ,1660.0,1730.0,1700.0,6/7/2023
Uttar Pradesh,prayagraj,Ajuha,Tomato,Deshi,FAQ,820.0,975.0,900.0,6/7/2023
West Bengal,hooghly,Sheoraphuly,Onion,Nasik,FAQ,1800.0,2000.0,1900.0,6/7/2023
Karnataka,bangalore,Bangalore,Onion,Puna,FAQ,1000.0,1800.0,1600.0,6/7/2023
Madhya Pradesh,shivpuri,Kolaras,Wheat,Other,FAQ,2060.0,2335.0,2210.0,6/7/2023
Madhya Pradesh,dhar,Kukshi,Wheat,Other,FAQ,2180.0,2335.0,2240.0,6/7/2023
West Bengal,murshidabad,Jangipur,Onion,Red,FAQ,1255.0,1300.0,1280.0,6/7/2023
Nagaland,kohima,Jalukie,Onion,1st Sort,FAQ,7000.0,7200.0,7100.0,6/7/2023
Karnataka,udupi,Udupi,Potato,Potato,FAQ,1600.0,1800.0,1700.0,6/7/2023
West Bengal,alipurduar,Alipurduar,Tomato,Other,FAQ,2300.0,2500.0,2400.0,6/7/2023
Punjab,kapurthala,Phagwara,Onion,Other,FAQ,861.0,1445.0,1431.0,6/7/2023
Rajasthan,sirohi,Abu Road,Tomato,Other,FAQ,775.0,825.0,800.0,6/7/2023
Madhya Pradesh,gwalior,Lashkar,Wheat,Mill Quality,FAQ,2200.0,2320.0,2250.0,6/7/2023
Madhya Pradesh,dewas,Dewas(F&V),Onion,Other,FAQ,500.0,1500.0,900.0,6/7/2023
Uttar Pradesh,hardoi,Madhoganj,Potato,Badshah,FAQ,950.0,1000.0,980.0,6/7/2023
Karnataka,kolar,Gowribidanoor,Onion,Onion,FAQ,1200.0,2000.0,1500.0,6/7/2023
Gujarat,ahmedabad,Ahmedabad(Chimanbhai Patal Market Vasana),Potato,Desi,FAQ,700.0,1100.0,950.0,6/7/2023
Haryana,sirsa,Sirsa,Potato,Other,FAQ,400.0,2300.0,800.0,6/7/2023
Madhya Pradesh,hoshangabad,Semriharchand,Wheat,Other,FAQ,2101.0,2233.0,2225.0,6/7/2023
Haryana,panchkula,Panchkul(Kalka),Tomato,Other,FAQ,2000.0,3000.0,2500.0,6/7/2023
 Punjab,fazilka,Jalalabad,Potato,Other,FAQ,1000.0,1000.0,1000.0,6/7/2023
Nagaland,longleng,Longleng,Potato,Potato,FAQ,2800.0,3100.0,2900.0,6/7/2023
Maharashtra,nagpur,Kamthi,Tomato,Local,FAQ,1400.0,1800.0,1600.0,6/7/2023
Maharashtra,jalgaon,Raver,Wheat,Other,FAQ,2185.0,2250.0,2185.0,6/7/2023
Madhya Pradesh,ratlam,Ratlam,Wheat,Sharbati,FAQ,2616.0,3275.0,2871.0,6/7/2023
Uttar Pradesh,gonda,Gonda,Onion,Red,FAQ,1230.0,1250.0,1240.0,6/7/2023
Chattisgarh,rajnandgaon,Rajnandgaon,Onion,Onion,FAQ,800.0,1200.0,1000.0,6/7/2023
Madhya Pradesh,khargone,Khargone,Wheat,Other,FAQ,2125.0,2385.0,2280.0,6/7/2023
Uttar Pradesh,ghazipur,Jangipura,Potato,Desi,FAQ,880.0,940.0,910.0,6/7/2023
Gujarat,patan,Siddhpur,Wheat,Hybrid,FAQ,2000.0,2575.0,2287.0,6/7/2023
Uttar Pradesh,ghaziabad,Hapur,Potato,Desi,FAQ,1060.0,1200.0,1100.0,6/7/2023
Haryana,ambala,Shahzadpur,Potato,Potato,FAQ,700.0,700.0,700.0,6/7/2023
Uttar Pradesh,fatehpur,Jahanabad,Wheat,Other,FAQ,2200.0,2220.0,2210.0,6/7/2023
Haryana,karnal,"New Grain Market(main), Karnal",Tomato,Other,FAQ,200.0,400.0,300.0,6/7/2023
Rajasthan,alwar,Alwar (F&V),Tomato,Other,FAQ,1000.0,1400.0,1200.0,6/7/2023
Orissa,bhadrak,Chandabali,Tomato,Other,FAQ,1000.0,1400.0,1200.0,6/7/2023
Madhya Pradesh,raisen,Begamganj,Wheat,Other,FAQ,2125.0,2365.0,2225.0,6/7/2023
Jammu & Kashmir,jammu,Akhnoor,Tomato,Other,FAQ,1000.0,1200.0,1100.0,6/7/2023
Rajasthan,bharatpur,Bharatpur,Wheat,Other,FAQ,2025.0,2241.0,2133.0,6/7/2023
 Punjab,fazilka,Abohar,Tomato,Tomato,FAQ,700.0,850.0,805.0,6/7/2023
Rajasthan,chittorgarh,Kapasan,Wheat,Lokwan,FAQ,2050.0,2250.0,2150.0,6/7/2023
Uttar Pradesh,prayagraj,Jasra,Onion,Red,FAQ,1050.0,1200.0,1135.0,6/7/2023
Haryana,sirsa,Dabwali,Onion,Other,FAQ,500.0,500.0,500.0,6/7/2023
Andhra Pradesh,hyderabad,Gudimalkapur,Onion,1st Sort,FAQ,300.0,1500.0,800.0,6/7/2023
West Bengal,nadia,Ranaghat,Onion,Other,FAQ,1600.0,1750.0,1700.0,6/7/2023
Haryana,panipat,Madlauda,Potato,Other,FAQ,800.0,800.0,800.0,6/7/2023
Gujarat,bhavnagar,Taleja,Wheat,Kalyan,FAQ,1975.0,2575.0,2275.0,6/7/2023
Uttar Pradesh,ambedkarnagar,Akbarpur,Potato,Desi,FAQ,1030.0,1100.0,1080.0,6/7/2023
Himachal Pradesh,shimla,Shimla,Potato,Other,FAQ,1600.0,2000.0,1700.0,6/7/2023
Gujarat,bharuch,Ankleshwar,Onion,Medium,FAQ,800.0,1100.0,900.0,6/7/2023
Punjab,hoshiarpur,Mukerian(Talwara),Tomato,Tomato,FAQ,800.0,1200.0,1000.0,6/7/2023
Haryana,sonipat,Ganaur,Potato,Potato,FAQ,1000.0,1200.0,1000.0,6/7/2023
Karnataka,chikmagalur,Bagepalli,Potato,Potato,FAQ,2500.0,3000.0,2700.0,6/7/2023
Himachal Pradesh,kullu,Kullu,Onion,Other,FAQ,1700.0,1900.0,1900.0,6/7/2023
Maharashtra,parbhani,Gangakhed,Wheat,Other,FAQ,2100.0,2400.0,2300.0,6/7/2023
Madhya Pradesh,khargone,Badwaha,Potato,Other,FAQ,650.0,1250.0,900.0,6/7/2023
Madhya Pradesh,indore,Gautampura,Wheat,147 Average,FAQ,1915.0,2500.0,2500.0,6/7/2023
West Bengal,howrah,Ramkrishanpur(Howrah),Potato,Jyoti,FAQ,1470.0,1500.0,1480.0,6/7/2023
Andhra Pradesh,adilabad,Mancharial,Tomato,Deshi,FAQ,3500.0,3500.0,3500.0,6/7/2023
Uttar Pradesh,varanasi,Varanasi(F&V),Onion,Red,FAQ,1050.0,1200.0,1125.0,6/7/2023
Uttar Pradesh,sitapur,Hargaon (Laharpur),Wheat,Dara,FAQ,2200.0,2220.0,2210.0,6/7/2023
Uttar Pradesh,ambedkarnagar,Akbarpur,Onion,Red,FAQ,1000.0,1070.0,1040.0,6/7/2023
Orissa,bargarh,Bargarh,Tomato,Other,FAQ,1100.0,1300.0,1200.0,6/7/2023
Uttar Pradesh,baghpat,Baraut,Tomato,Deshi,FAQ,900.0,1000.0,950.0,6/7/2023
Kerala,malappuram,Manjeri,Tomato,Other,FAQ,2300.0,2400.0,2350.0,6/7/2023
Rajasthan,rajsamand,Rajsamand,Onion,Onion,FAQ,1000.0,1200.0,1100.0,6/7/2023
Punjab,sangrur,Bhawanigarh,Tomato,Other,FAQ,1000.0,1000.0,1000.0,6/7/2023
Haryana,karnal,"New Grain Market(main), Karnal",Onion,Other,FAQ,700.0,1200.0,950.0,6/7/2023
Delhi,delhi,Azadpur,Tomato,Tomato,FAQ,120.0,1200.0,594.0,6/7/2023
Maharashtra,amarawati,Amrawati(Frui & Veg. Market),Tomato,Local,FAQ,2000.0,2200.0,2100.0,6/7/2023
Rajasthan,hanumangarh,Rawatsar,Potato,(Red Nanital),FAQ,900.0,900.0,900.0,6/7/2023
Madhya Pradesh,shivpuri,Shivpuri(F&V),Potato,Other,FAQ,1100.0,1100.0,1100.0,6/7/2023
Rajasthan,pratapgarh,Pratapgarh,Wheat,Dara,FAQ,2250.0,2450.0,2300.0,6/7/2023
Uttar Pradesh,auraiya,Achalda,Tomato,Hybrid,FAQ,810.0,1010.0,910.0,6/7/2023
Uttar Pradesh,pratapgarh,Pratapgarh,Wheat,Dara,FAQ,2250.0,2450.0,2300.0,6/7/2023
Madhya Pradesh,indore,Mhow,Wheat,Other,FAQ,1961.0,2605.0,2306.0,6/7/2023
Kerala,kottayam,Thalayolaparambu,Onion,Big,FAQ,1800.0,2100.0,2000.0,6/7/2023
Haryana,bhiwani,Ch. Dadri,Potato,Other,FAQ,900.0,1500.0,1200.0,6/7/2023
Gujarat,bharuch,Ankleshwar,Tomato,Tomato,FAQ,600.0,1100.0,800.0,6/7/2023
Rajasthan,hanumangarh,Hanumangarh(Urlivas),Potato,(Red Nanital),FAQ,900.0,900.0,900.0,6/7/2023
Uttar Pradesh,jhansi,Gurusarai,Onion,Red,FAQ,960.0,1050.0,1000.0,6/7/2023
West Bengal,puruliya,Balarampur,Potato,Other,FAQ,1100.0,1120.0,1110.0,6/7/2023
Punjab,muktsar,Malout,Tomato,Tomato,FAQ,300.0,500.0,400.0,6/7/2023
Madhya Pradesh,chhatarpur,Rajnagar,Wheat,Mill Quality,FAQ,2130.0,2170.0,2150.0,6/7/2023
Rajasthan,bharatpur,Nadwai,Wheat,Other,FAQ,2187.0,2200.0,2197.0,6/7/2023
Uttar Pradesh,etawah,Etawah,Wheat,Dara,FAQ,2200.0,2300.0,2240.0,6/7/2023
Uttar Pradesh,ballia,Ballia,Tomato,Hybrid,FAQ,870.0,990.0,930.0,6/7/2023
Himachal Pradesh,kullu,Kullu,Tomato,Other,FAQ,1200.0,1600.0,1300.0,6/7/2023
West Bengal,paschim bardhaman,Asansol,Tomato,Hybrid,FAQ,2200.0,2400.0,2300.0,6/7/2023
Madhya Pradesh,indore,Indore(F&V),Tomato,Other,FAQ,600.0,2000.0,1200.0,6/7/2023
Haryana,mewat,Tauru,Potato,Potato,FAQ,1000.0,1000.0,1000.0,6/7/2023
Uttar Pradesh,amethi,Sultanpur,Potato,Badshah,FAQ,1025.0,1130.0,1070.0,6/7/2023
Kerala,malappuram,Kondotty,Onion,Other,FAQ,1400.0,1600.0,1500.0,6/7/2023
Madhya Pradesh,sagar,Bamora,Wheat,Other,FAQ,2149.0,2157.0,2157.0,6/7/2023
Haryana,sonipat,Sonepat(Kharkhoda),Potato,Other,FAQ,400.0,1200.0,1000.0,6/7/2023
Kerala,alappuzha,Alappuzha,Potato,Other,FAQ,2800.0,3500.0,2800.0,6/7/2023
Punjab,sangrur,Bhawanigarh,Onion,Other,FAQ,800.0,1200.0,1000.0,6/7/2023
Uttar Pradesh,sitapur,Viswan,Potato,Desi,FAQ,960.0,1000.0,980.0,6/7/2023
Punjab,amritsar,Rayya,Onion,Red,FAQ,1600.0,1600.0,1600.0,6/7/2023
 Punjab,fazilka,Fazilka,Potato,Other,FAQ,1000.0,1200.0,1100.0,6/7/2023
Punjab,sangrur,Ahmedgarh,Tomato,Other,FAQ,400.0,500.0,450.0,6/7/2023
Andhra Pradesh,medak,Vantamamidi,Potato,Local,FAQ,1000.0,1000.0,1000.0,6/7/2023
Madhya Pradesh,damoh,Hata,Wheat,Other,FAQ,1900.0,2300.0,2100.0,6/7/2023
Haryana,panchkula,"New Grain Market , Panchkula",Potato,Other,FAQ,2000.0,3000.0,2500.0,6/7/2023
Gujarat,sabarkantha,Himatnagar,Wheat,Sonalika,FAQ,2250.0,2700.0,2475.0,6/7/2023
Jammu & Kashmir,jammu,Narwal Jammu (F&V),Onion,Other,FAQ,1000.0,1200.0,1100.0,6/7/2023
Gujarat,rajkot,Rajkot(Veg.Sub Yard),Potato,Desi,FAQ,650.0,1300.0,1000.0,6/7/2023
Madhya Pradesh,rajgarh,Narsinghgarh,Onion,Other,FAQ,100.0,1400.0,800.0,6/7/2023
Uttar Pradesh,ballia,Chitwadagaon,Onion,Red,FAQ,1055.0,1175.0,1110.0,6/7/2023
Kerala,kollam,Anchal,Tomato,Other,FAQ,4000.0,4200.0,4100.0,6/7/2023
Rajasthan,hanumangarh,Goluwala,Wheat,147 Best,FAQ,2105.0,2178.0,2149.0,6/7/2023
Madhya Pradesh,indore,Indore(F&V),Potato,Desi,FAQ,600.0,1600.0,1145.0,6/7/2023
Rajasthan,bikaner,Bikaner (F&V),Tomato,Other,FAQ,800.0,1000.0,900.0,6/7/2023
Madhya Pradesh,hoshangabad,Hoshangabad,Tomato,Deshi,FAQ,570.0,730.0,690.0,6/7/2023
Uttar Pradesh,maharajganj,Nautnava,Wheat,Dara,FAQ,2100.0,2250.0,2200.0,6/7/2023
Madhya Pradesh,guna,Guna(F&V),Potato,Other,FAQ,350.0,500.0,400.0,6/7/2023
Uttar Pradesh,fatehpur,Bindki,Tomato,Hybrid,FAQ,870.0,940.0,900.0,6/7/2023
Madhya Pradesh,indore,Mhow,Tomato,Deshi,FAQ,1300.0,2500.0,2000.0,6/7/2023
Andhra Pradesh,adilabad,Adilabad(Rythu Bazar),Tomato,Other,FAQ,5000.0,5000.0,5000.0,6/7/2023
Madhya Pradesh,shajapur,Shajapur(F&V),Onion,Other,FAQ,150.0,1250.0,650.0,6/7/2023
Andhra Pradesh,hyderabad,Erragadda(Rythu Bazar),Potato,(Red Nanital),FAQ,2100.0,2100.0,2100.0,6/7/2023
Uttar Pradesh,azamgarh,Azamgarh,Tomato,Hybrid,FAQ,1055.0,1210.0,1130.0,6/7/2023
Uttar Pradesh,balrampur,Tulsipur,Potato,Desi,FAQ,1000.0,1075.0,1050.0,6/7/2023
West Bengal,bankura,Indus(Bankura Sadar),Potato,Jyoti,FAQ,1240.0,1260.0,1250.0,6/7/2023
Uttar Pradesh,amethi,Jafarganj,Potato,Badshah,FAQ,1030.0,1100.0,1070.0,6/7/2023
Uttar Pradesh,etawah,Bharthna,Onion,Red,FAQ,1145.0,1345.0,1245.0,6/7/2023
Kerala,idukki,Nedumkandam,Potato,Other,FAQ,2500.0,2500.0,2500.0,6/7/2023
Punjab,barnala,Barnala,Potato,Other,FAQ,800.0,900.0,850.0,6/7/2023
Haryana,kurukshetra,Ladwa,Onion,Onion,FAQ,700.0,1000.0,850.0,6/7/2023
Uttar Pradesh,basti,Basti,Wheat,Dara,FAQ,2125.0,2300.0,2260.0,6/7/2023
West Bengal,nadia,Ranaghat,Tomato,Other,FAQ,3900.0,4050.0,4000.0,6/7/2023
Uttar Pradesh,auraiya,Auraiya,Onion,Red,FAQ,1050.0,1200.0,1130.0,6/7/2023
West Bengal,paschim bardhaman,Durgapur,Onion,Other,FAQ,1400.0,1550.0,1500.0,6/7/2023
Haryana,jind,Safidon,Tomato,Other,FAQ,700.0,900.0,900.0,6/7/2023
Uttar Pradesh,basti,Basti,Potato,Desi,FAQ,920.0,1020.0,970.0,6/7/2023
Madhya Pradesh,vidisha,Lateri,Wheat,Mill Quality,FAQ,2075.0,2100.0,2085.0,6/7/2023
Kerala,kottayam,Ettumanoor,Onion,Big,FAQ,2000.0,2400.0,2200.0,6/7/2023
Uttar Pradesh,badaun,Bilsi,Onion,Red,FAQ,1000.0,1100.0,1065.0,6/7/2023
Uttar Pradesh,mirzapur,Ahirora,Onion,Red,FAQ,1020.0,1250.0,1130.0,6/7/2023
Maharashtra,pune,Pune(Manjri),Tomato,Other,FAQ,1000.0,2000.0,1400.0,6/7/2023
Maharashtra,sholapur,Barshi(Vairag),Wheat,Other,FAQ,1900.0,2311.0,2050.0,6/7/2023
Kerala,thiruvananthapuram,Aralamoodu,Onion,Onion,FAQ,2500.0,2500.0,2500.0,6/7/2023
Uttar Pradesh,agra,Jagnair,Potato,Desi,FAQ,750.0,850.0,800.0,6/7/2023
Kerala,kollam,Anchal,Onion,Other,FAQ,3200.0,3400.0,3300.0,6/7/2023
Uttar Pradesh,mainpuri,Bewar,Wheat,Dara,FAQ,2200.0,2220.0,2210.0,6/7/2023
Uttar Pradesh,lalitpur,Lalitpur,Potato,Local,FAQ,920.0,980.0,950.0,6/7/2023
Punjab,muktsar,Bariwala,Onion,Other,FAQ,900.0,900.0,900.0,6/7/2023
Maharashtra,ahmednagar,Newasa(Ghodegaon),Onion,Other,FAQ,200.0,1200.0,800.0,6/7/2023
Madhya Pradesh,alirajpur,Alirajpur,Wheat,Other,FAQ,2000.0,2200.0,2100.0,6/7/2023
Karnataka,mandya,Mandya,Potato,Potato,FAQ,2500.0,2500.0,2500.0,6/7/2023
Uttar Pradesh,ballia,Ballia,Onion,Red,FAQ,1070.0,1190.0,1130.0,6/7/2023
West Bengal,paschim bardhaman,Asansol,Potato,Jyoti,FAQ,1300.0,1480.0,1420.0,6/7/2023
Andhra Pradesh,nalgonda,Miryalguda(Rythu Bazar),Onion,Red,FAQ,1500.0,1500.0,1500.0,6/7/2023
Uttar Pradesh,kaushambi,Bharwari,Potato,Desi,FAQ,800.0,950.0,880.0,6/7/2023
Gujarat,dahod,Dahod,Wheat,Lokwan,FAQ,2450.0,2650.0,2550.0,6/7/2023
Rajasthan,baran,Baran,Wheat,Other,FAQ,2060.0,2499.0,2241.0,6/7/2023
Maharashtra,ahmednagar,Rahata,Tomato,Other,FAQ,500.0,2000.0,1200.0,6/7/2023
Maharashtra,ratnagiri,Ratnagiri (Nachane),Tomato,Other,FAQ,100.0,180.0,150.0,6/7/2023
Maharashtra,nashik,Malegaon,Wheat,Other,FAQ,2220.0,2700.0,2391.0,6/7/2023
Karnataka,hassan,Hassan,Potato,Potato,FAQ,550.0,1666.0,1043.0,6/7/2023
Madhya Pradesh,dhar,Badnawar(F&V),Onion,Onion,FAQ,200.0,1205.0,462.0,6/7/2023
Himachal Pradesh,hamirpur,Maudaha,Onion,Red,FAQ,900.0,1000.0,950.0,6/7/2023
Uttar Pradesh,agra,Jagnair,Tomato,Deshi,FAQ,800.0,900.0,850.0,6/7/2023
Madhya Pradesh,dewas,Dewas(F&V),Potato,Other,FAQ,400.0,1600.0,800.0,6/7/2023
Maharashtra,akola,Akola,Onion,Other,FAQ,500.0,1100.0,800.0,6/7/2023
Uttar Pradesh,meerut,Meerut,Onion,Red,FAQ,1020.0,1235.0,1125.0,6/7/2023
Uttar Pradesh,badaun,Badayoun,Wheat,Dara,FAQ,2180.0,2270.0,2220.0,6/7/2023
Gujarat,amreli,Amreli,Wheat,Lokwan,FAQ,2185.0,2420.0,2345.0,6/7/2023
Haryana,panipat,Madlauda,Onion,Other,FAQ,1000.0,1000.0,1000.0,6/7/2023
Madhya Pradesh,mandsaur,Mandsaur,Wheat,Other,FAQ,1941.0,2517.0,2240.0,6/7/2023
Gujarat,ahmedabad,Mandal,Wheat,Other,FAQ,1950.0,2250.0,2125.0,6/7/2023
Punjab,jalandhar,Lohian Khas,Potato,Other,FAQ,400.0,600.0,500.0,6/7/2023
Rajasthan,ajmer,Madanganj Kishangarh,Tomato,Deshi,FAQ,800.0,1000.0,900.0,6/7/2023
Uttar Pradesh,banda,Atarra,Wheat,Dara,FAQ,2250.0,2300.0,2300.0,6/7/2023
Maharashtra,nanded,Loha,Wheat,Other,FAQ,1900.0,3251.0,2600.0,6/7/2023
Maharashtra,beed,Majalgaon,Wheat,Other,FAQ,2100.0,3512.0,3100.0,6/7/2023
Gujarat,bhavnagar,Mahuva(Station Road),Wheat,Kalyan,FAQ,1775.0,3285.0,2530.0,6/7/2023
Rajasthan,dausa,Bandikui,Wheat,Other,FAQ,2060.0,2165.0,2113.0,6/7/2023
Punjab,jalandhar,Phillaur(Apra Mandi),Tomato,Other,FAQ,1000.0,1000.0,1000.0,6/7/2023
Delhi,delhi,Shahdara,Onion,Nasik,FAQ,800.0,1300.0,1100.0,6/7/2023
Rajasthan,bikaner,Lunkaransar,Wheat,Other,FAQ,2050.0,2300.0,2175.0,6/7/2023
Uttar Pradesh,aligarh,Atrauli,Wheat,Dara,FAQ,2200.0,2300.0,2250.0,6/7/2023
Uttar Pradesh,maharajganj,Gadaura,Onion,Red,FAQ,800.0,1000.0,900.0,6/7/2023
Uttar Pradesh,hardoi,Madhoganj,Wheat,Dara,FAQ,2200.0,2300.0,2250.0,6/7/2023
Haryana,yamuna nagar,Radaur,Tomato,Other,FAQ,500.0,700.0,600.0,6/7/2023
Uttar Pradesh,jhansi,Moth,Onion,Red,FAQ,900.0,1000.0,950.0,6/7/2023
Uttar Pradesh,baghpat,Baraut,Potato,Chips,FAQ,900.0,1000.0,950.0,6/7/2023
Maharashtra,nagpur,Hingna,Tomato,Other,FAQ,1200.0,2000.0,1500.0,6/7/2023
Assam,lakhimpur,Golagokarnath,Onion,Red,FAQ,1010.0,1210.0,1110.0,6/7/2023
Maharashtra,ahmednagar,Kopargaon,Wheat,Other,FAQ,2281.0,2383.0,2301.0,6/7/2023
Karnataka,kolar,Srinivasapur,Tomato,Tomato,FAQ,533.0,2200.0,1867.0,6/7/2023
Punjab,kapurthala,Sultanpur,Tomato,Other,FAQ,360.0,500.0,500.0,6/7/2023
Uttar Pradesh,muzaffarnagar,Muzzafarnagar,Onion,Red,FAQ,1050.0,1200.0,1130.0,6/7/2023
Karnataka,bangalore,Ramanagara,Tomato,Tomato,FAQ,2000.0,3500.0,3000.0,6/7/2023
Haryana,kurukshetra,Pehowa,Tomato,Other,FAQ,1500.0,1500.0,1500.0,6/7/2023
Maharashtra,chandrapur,Chandrapur(Ganjwad),Potato,Other,FAQ,1300.0,1500.0,1400.0,6/7/2023
Punjab,jalandhar,Mehatpur,Tomato,Local,FAQ,1000.0,1500.0,1000.0,6/7/2023
Uttar Pradesh,auraiya,Auraiya,Wheat,Dara,FAQ,2125.0,2300.0,2260.0,6/7/2023
Punjab,amritsar,Rayya,Potato,Other,FAQ,900.0,900.0,900.0,6/7/2023
Kerala,kollam,Kottarakkara,Tomato,Other,FAQ,4000.0,4000.0,4000.0,6/7/2023
Himachal Pradesh,shimla,Shimla,Tomato,Deshi,FAQ,1200.0,2000.0,1500.0,6/7/2023
Madhya Pradesh,sagar,Sagar(F&V),Onion,Other,FAQ,600.0,1000.0,800.0,6/7/2023
Punjab,hoshiarpur,Mukerian,Onion,Onion,FAQ,1100.0,1400.0,1200.0,6/7/2023
Rajasthan,kota,Kota (F&V),Onion,Other,FAQ,500.0,1000.0,600.0,6/7/2023
Uttar Pradesh,fatehpur,Bindki,Onion,Red,FAQ,1050.0,1125.0,1090.0,6/7/2023
Kerala,kollam,Anchal,Potato,Other,FAQ,3600.0,3800.0,3700.0,6/7/2023
Madhya Pradesh,bhind,Bhind,Wheat,Mill Quality,FAQ,2202.0,2267.0,2250.0,6/7/2023
Uttar Pradesh,prayagraj,Jasra,Tomato,Deshi,FAQ,860.0,1000.0,925.0,6/7/2023
Haryana,rohtak,Meham,Onion,Other,FAQ,1100.0,1100.0,1100.0,6/7/2023
Andhra Pradesh,karimnagar,Karimnagar,Tomato,Hybrid,FAQ,3000.0,3500.0,3250.0,6/7/2023
Maharashtra,jalgaon,Chopada,Wheat,Other,FAQ,2200.0,2681.0,2527.0,6/7/2023
Maharashtra,parbhani,Parbhani,Wheat,Other,FAQ,2600.0,2850.0,2700.0,6/7/2023
Kerala,kottayam,Kottayam,Potato,Potato,FAQ,2600.0,3000.0,2800.0,6/7/2023
Madhya Pradesh,rajgarh,Khujner,Wheat,Deshi,FAQ,2040.0,2264.0,2200.0,6/7/2023
Kerala,kollam,Kottarakkara,Potato,Other,FAQ,3500.0,3500.0,3500.0,6/7/2023
Gujarat,bhavnagar,Palitana,Wheat,Hybrid,FAQ,2025.0,2875.0,2450.0,6/7/2023
Uttar Pradesh,amethi,Jafarganj,Tomato,Deshi,FAQ,1500.0,1570.0,1530.0,6/7/2023
Uttar Pradesh,barabanki,Barabanki,Onion,Red,FAQ,980.0,1070.0,1020.0,6/7/2023
Karnataka,hassan,Channarayapatna,Onion,Local,FAQ,1000.0,1000.0,1000.0,6/7/2023
Madhya Pradesh,shivpuri,Khaniadhana,Wheat,Lokwan,FAQ,2010.0,2195.0,2103.0,6/7/2023
Uttar Pradesh,maharajganj,Gadaura,Potato,Red,FAQ,700.0,900.0,800.0,6/7/2023
Andhra Pradesh,hyderabad,Mahboob Manison,Potato,(Red Nanital),FAQ,1500.0,1500.0,1500.0,6/7/2023
Karnataka,hassan,Hassan,Tomato,Tomato,FAQ,1500.0,3000.0,2220.0,6/7/2023
Madhya Pradesh,harda,Harda(F&V),Tomato,Hybrid,FAQ,1300.0,1500.0,1400.0,6/7/2023
Himachal Pradesh,kangra,Palampur,Onion,Other,FAQ,1300.0,1800.0,1550.0,6/7/2023
Rajasthan,ganganagar,Suratgarh,Potato,(Red Nanital),FAQ,800.0,1000.0,900.0,6/7/2023
Orissa,nuapada,Khariar Road,Tomato,Other,FAQ,3000.0,3100.0,3000.0,6/7/2023
West Bengal,howrah,Ramkrishanpur(Howrah),Tomato,Other,FAQ,2600.0,3500.0,3000.0,6/7/2023
Haryana,fatehabad,Ratia,Potato,Other,FAQ,650.0,1600.0,1000.0,6/7/2023
Karnataka,bangalore,Bangalore,Onion,Bangalore-Samall,FAQ,400.0,800.0,600.0,6/7/2023
Punjab,ludhiana,Samrala,Tomato,Other,FAQ,1000.0,1500.0,1300.0,6/7/2023
Madhya Pradesh,guna,Aron,Wheat,Other,FAQ,1911.0,3600.0,2200.0,6/7/2023
Maharashtra,pune,Baramati,Onion,Red,FAQ,200.0,1020.0,700.0,6/7/2023
Rajasthan,ganganagar,Padampur,Wheat,Other,FAQ,2095.0,2151.0,2120.0,6/7/2023
Punjab,moga,Kot ise Khan,Tomato,Other,FAQ,700.0,900.0,800.0,6/7/2023
Assam,lakhimpur,Lakhimpur,Potato,Haldwani,FAQ,970.0,1040.0,1000.0,6/7/2023
Uttar Pradesh,hardoi,Hardoi,Onion,Pusa-Red,FAQ,1070.0,1150.0,1115.0,6/7/2023
Punjab,sangrur,Sangrur,Onion,Onion,FAQ,700.0,900.0,800.0,6/7/2023
West Bengal,bankura,Bankura Sadar,Onion,Nasik,FAQ,1600.0,1800.0,1700.0,6/7/2023
Rajasthan,hanumangarh,Sangriya,Onion,Onion,FAQ,350.0,1900.0,1500.0,6/7/2023
Haryana,gurgaon,Pataudi,Tomato,Other,FAQ,700.0,1100.0,900.0,6/7/2023
Uttar Pradesh,barabanki,Safdarganj,Potato,Desi,FAQ,1000.0,1100.0,1050.0,6/7/2023
Uttar Pradesh,maharajganj,Partaval,Tomato,Hybrid,FAQ,1050.0,1250.0,1140.0,6/7/2023
Madhya Pradesh,shivpuri,Barad,Wheat,Mill Quality,FAQ,2160.0,2200.0,2170.0,6/7/2023
Punjab,hoshiarpur,GarhShankar (Kotfatuhi),Potato,Other,FAQ,650.0,800.0,750.0,6/7/2023
Madhya Pradesh,bhopal,Bhopal,Wheat,MP Sharbati,FAQ,3711.0,3711.0,3711.0,6/7/2023
Madhya Pradesh,raisen,Obedullaganj,Wheat,Lokwan,FAQ,2100.0,2905.0,2155.0,6/7/2023
Madhya Pradesh,dhar,Dhamnod,Wheat,Lok-1,FAQ,2200.0,2470.0,2370.0,6/7/2023
Maharashtra,amarawati,Dhamngaon-Railway,Wheat,Other,FAQ,2100.0,2400.0,2200.0,6/7/2023
Andhra Pradesh,kurnool,Pattikonda,Tomato,Local,FAQ,2000.0,3000.0,2500.0,6/7/2023
Uttar Pradesh,pratapgarh,Pratapgarh,Potato,Desi,FAQ,1000.0,1200.0,1075.0,6/7/2023
Rajasthan,pratapgarh,Pratapgarh,Potato,Desi,FAQ,1000.0,1200.0,1075.0,6/7/2023
Kerala,kottayam,Thalayolaparambu,Tomato,Tomato,FAQ,3700.0,4100.0,4000.0,6/7/2023
Madhya Pradesh,jhabua,Thandla,Onion,Other,FAQ,600.0,1000.0,800.0,6/7/2023
West Bengal,nadia,Nadia,Potato,Jyoti,FAQ,1440.0,1480.0,1460.0,6/7/2023
Karnataka,hassan,Hassan,Onion,Other,FAQ,576.0,1543.0,1050.0,6/7/2023
Rajasthan,tonk,Niwai,Wheat,Other,FAQ,2132.0,2221.0,2176.0,6/7/2023
Madhya Pradesh,gwalior,Dabra,Wheat,Other,FAQ,2200.0,2350.0,2275.0,6/7/2023
Rajasthan,ganganagar,Suratgarh,Onion,1st Sort,FAQ,700.0,900.0,800.0,6/7/2023
Himachal Pradesh,kullu,Bhuntar,Potato,Other,FAQ,1800.0,2000.0,1900.0,6/7/2023
Uttar Pradesh,maharajganj,Nautnava,Onion,Red,FAQ,1300.0,1500.0,1400.0,6/7/2023
Himachal Pradesh,hamirpur,Muskara,Potato,Desi,FAQ,1075.0,1115.0,1100.0,6/7/2023
Rajasthan,hanumangarh,Rawatsar,Wheat,Other,FAQ,2160.0,2221.0,2200.0,6/7/2023
Uttar Pradesh,maharajganj,Nautnava,Tomato,Hybrid,FAQ,700.0,800.0,750.0,6/7/2023
Punjab,nawanshahr,Nawan Shahar(Subzi Mandi),Tomato,Other,FAQ,900.0,1000.0,950.0,6/7/2023
West Bengal,jalpaiguri,Jalpaiguri Sadar,Potato,Jyoti,FAQ,1100.0,1300.0,1200.0,6/7/2023
Haryana,panchkula,"New Grain Market , Panchkula",Tomato,Other,FAQ,2000.0,3000.0,2500.0,6/7/2023
Uttar Pradesh,firozabad,Shikohabad,Tomato,Hybrid,FAQ,600.0,800.0,700.0,6/7/2023
Karnataka,mysore,T. Narasipura,Tomato,Hybrid,FAQ,2000.0,2000.0,2000.0,6/7/2023
Gujarat,gandhinagar,Dehgam(Rekhiyal),Wheat,Other,FAQ,2125.0,2200.0,2162.0,6/7/2023
Maharashtra,pune,Nira(Saswad),Wheat,Other,FAQ,2900.0,3200.0,3050.0,6/7/2023
Uttar Pradesh,basti,Basti,Onion,Red,FAQ,1115.0,1215.0,1165.0,6/7/2023
Kerala,ernakulam,Ernakulam,Tomato,Tomato,FAQ,3900.0,4200.0,4200.0,6/7/2023
Uttar Pradesh,ballia,Chitwadagaon,Potato,Other,FAQ,860.0,985.0,920.0,6/7/2023
Uttar Pradesh,badaun,Badayoun,Onion,Nasik,FAQ,1100.0,1210.0,1155.0,6/7/2023
Uttar Pradesh,gorakhpur,Chorichora,Potato,Red,FAQ,900.0,1050.0,980.0,6/7/2023
West Bengal,paschim bardhaman,Asansol,Onion,Nasik,FAQ,1300.0,1500.0,1400.0,6/7/2023
Himachal Pradesh,kullu,Bhuntar,Onion,Other,FAQ,1800.0,2000.0,1900.0,6/7/2023
Haryana,jind,Narwana,Potato,Other,FAQ,600.0,800.0,700.0,6/7/2023
Madhya Pradesh,khargone,Kasrawad,Wheat,Other,FAQ,2140.0,2450.0,2345.0,6/7/2023
 Punjab,fazilka,Fazilka,Tomato,Other,FAQ,900.0,1200.0,1000.0,6/7/2023
Orissa,khurda,Balugaon,Tomato,Hybrid,FAQ,3000.0,3300.0,3200.0,6/7/2023
Uttar Pradesh,balrampur,Balrampur,Tomato,Deshi,FAQ,1250.0,1460.0,1355.0,6/7/2023
Karnataka,mysore,Mysore (Bandipalya),Tomato,Tomato,FAQ,1900.0,2100.0,2000.0,6/7/2023
Maharashtra,nashik,Lasalgaon(Niphad),Onion,Other,FAQ,400.0,1000.0,751.0,6/7/2023
Uttar Pradesh,sitapur,Sitapur,Tomato,Hybrid,FAQ,920.0,1100.0,1020.0,6/7/2023
Himachal Pradesh,hamirpur,Muskara,Tomato,Deshi,FAQ,975.0,1025.0,1000.0,6/7/2023
Rajasthan,churu,Sujangarh,Tomato,Deshi,FAQ,900.0,1100.0,1000.0,6/7/2023
Haryana,gurgaon,Pataudi,Onion,Other,FAQ,1000.0,1200.0,1100.0,6/7/2023
Uttar Pradesh,mirzapur,Ahirora,Wheat,Dara,FAQ,2125.0,2125.0,2125.0,6/7/2023
Uttar Pradesh,maharajganj,Partaval,Wheat,Dara,FAQ,2125.0,2350.0,2250.0,6/7/2023
West Bengal,puruliya,Balarampur,Tomato,Other,FAQ,2500.0,3000.0,2800.0,6/7/2023
Karnataka,udupi,Udupi,Onion,Onion,FAQ,1600.0,1700.0,1700.0,6/7/2023
Uttar Pradesh,prayagraj,Ajuha,Wheat,Dara,FAQ,2200.0,2280.0,2250.0,6/7/2023
Himachal Pradesh,kangra,Kangra(Baijnath),Onion,Onion,FAQ,1500.0,1600.0,1600.0,6/7/2023
Maharashtra,jalgaon,Amalner,Wheat,Other,FAQ,2326.0,2450.0,2450.0,6/7/2023
Uttar Pradesh,bahraich,Naanpara,Tomato,Hybrid,FAQ,1620.0,1680.0,1650.0,6/7/2023
Kerala,kottayam,Pampady,Tomato,Other,FAQ,4200.0,4600.0,4400.0,6/7/2023
Chhattisgarh,bilaspur,Bilaspur,Onion,Other,FAQ,1200.0,1600.0,1400.0,6/7/2023
Punjab,amritsar,Rayya,Tomato,Hybrid,FAQ,1800.0,1800.0,1800.0,6/7/2023
Punjab,ludhiana,Ludhiana,Onion,Other,FAQ,400.0,1100.0,900.0,6/7/2023
Maharashtra,raigad,Panvel,Tomato,Other,FAQ,1800.0,2000.0,1900.0,6/7/2023
Kerala,malappuram,Parappanangadi,Tomato,Other,FAQ,2100.0,2200.0,2200.0,6/7/2023
Punjab,moga,Moga,Tomato,Other,FAQ,400.0,600.0,500.0,6/7/2023
Uttar Pradesh,bijnor,Bijnaur,Onion,Red,FAQ,1100.0,1200.0,1150.0,6/7/2023
Gujarat,gandhinagar,Mansa(Manas Veg Yard),Tomato,Other,FAQ,2000.0,2500.0,2250.0,6/7/2023
Gujarat,surat,Surat,Tomato,Other,FAQ,700.0,2000.0,1350.0,6/7/2023
Uttar Pradesh,jaunpur,Shahganj,Tomato,Hybrid,FAQ,850.0,1000.0,900.0,6/7/2023
Haryana,panchkula,Panchkul(Kalka),Onion,Other,FAQ,2000.0,3000.0,2500.0,6/7/2023
Gujarat,bhavnagar,Bhavnagar,Wheat,Local,FAQ,2655.0,2655.0,2655.0,6/7/2023
Kerala,kottayam,Kuruppanthura,Onion,Onion,FAQ,6000.0,7500.0,7000.0,6/7/2023
Gujarat,bhavnagar,Mahuva(Station Road),Onion,White,FAQ,1360.0,1655.0,1510.0,6/7/2023
Gujarat,sabarkantha,Bhiloda,Wheat,Other,FAQ,2200.0,2600.0,2400.0,6/7/2023
Madhya Pradesh,bhopal,Bhopal,Wheat,Lokwan MP No. 1,FAQ,2425.0,2611.0,2581.0,6/7/2023
Uttar Pradesh,mahoba,Mahoba,Potato,Local,FAQ,1030.0,1130.0,1080.0,6/7/2023
Madhya Pradesh,hoshangabad,Hoshangabad,Potato,Desi,FAQ,860.0,1490.0,1120.0,6/7/2023
Uttar Pradesh,meerut,Meerut,Wheat,Dara,FAQ,2200.0,2425.0,2315.0,6/7/2023
Punjab,patiala,Dudhansadhan,Potato,Other,FAQ,1300.0,1500.0,1400.0,6/7/2023
Maharashtra,sholapur,Solapur,Onion,Red,FAQ,100.0,1800.0,800.0,6/7/2023
West Bengal,howrah,Uluberia,Tomato,Other,FAQ,3400.0,4000.0,3600.0,6/7/2023
Jammu & Kashmir,udhampur,Udhampur,Tomato,Other,FAQ,900.0,1100.0,1000.0,6/7/2023
Madhya Pradesh,seoni,Chhpara,Wheat,Other,FAQ,2200.0,2250.0,2250.0,6/7/2023
Gujarat,ahmedabad,Ahmedabad(Chimanbhai Patal Market Vasana),Onion,Nasik,FAQ,700.0,1300.0,1050.0,6/7/2023
Madhya Pradesh,bhopal,Bhopal(F&V),Onion,Other,FAQ,300.0,1000.0,700.0,6/7/2023
Uttar Pradesh,gonda,Gonda,Tomato,Deshi,FAQ,1540.0,1560.0,1550.0,6/7/2023
Maharashtra,beed,Gevrai,Wheat,Other,FAQ,2250.0,2800.0,2350.0,6/7/2023
Uttar Pradesh,balrampur,Tulsipur,Onion,Red,FAQ,1175.0,1230.0,1200.0,6/7/2023
Haryana,gurgaon,Gurgaon,Onion,Other,FAQ,600.0,1000.0,800.0,6/7/2023
Uttar Pradesh,bulandshahar,Anoop Shahar,Potato,F.A.Q.,FAQ,600.0,1000.0,800.0,6/7/2023
Uttar Pradesh,banda,Banda,Potato,Desi,FAQ,1000.0,1150.0,1070.0,6/7/2023
West Bengal,kolkata,Bara Bazar (Posta Bazar),Onion,Nasik,FAQ,1675.0,1880.0,1800.0,6/7/2023
Haryana,mewat,Nuh,Onion,Other,FAQ,600.0,800.0,800.0,6/7/2023
West Bengal,north 24 parganas,Habra,Onion,Other,FAQ,1800.0,1950.0,1900.0,6/7/2023
Karnataka,mysore,Mysore (Bandipalya),Onion,Other,FAQ,800.0,1000.0,1000.0,6/7/2023
Uttar Pradesh,fatehpur,Fatehpur,Wheat,Dara,FAQ,2225.0,2285.0,2260.0,6/7/2023
Andhra Pradesh,hyderabad,Gudimalkapur,Tomato,Deshi,FAQ,800.0,3200.0,2000.0,6/7/2023
Uttar Pradesh,lalitpur,Lalitpur,Tomato,Hybrid,FAQ,820.0,880.0,850.0,6/7/2023
Uttar Pradesh,mathura,Mathura,Wheat,Dara,FAQ,2125.0,2345.0,2310.0,6/7/2023
Maharashtra,satara,Satara,Tomato,Other,FAQ,1000.0,1300.0,1150.0,6/7/2023
Uttar Pradesh,bareilly,Bareilly,Tomato,Deshi,FAQ,675.0,740.0,705.0,6/7/2023
Rajasthan,sirohi,Abu Road,Onion,Other,FAQ,875.0,925.0,900.0,6/7/2023
Uttar Pradesh,shahjahanpur,Puwaha,Tomato,Hybrid,FAQ,650.0,850.0,750.0,6/7/2023
Rajasthan,hanumangarh,Hanumangarh Town,Potato,(Red Nanital),FAQ,900.0,900.0,900.0,6/7/2023
Maharashtra,sholapur,Akluj,Potato,Other,FAQ,1300.0,1600.0,1500.0,6/7/2023
Uttar Pradesh,sonbhadra,Dudhi,Onion,Onion,FAQ,700.0,0.0,800.0,6/7/2023
Uttar Pradesh,bulandshahar,Anoop Shahar,Wheat,Dara,FAQ,2250.0,2270.0,2260.0,6/7/2023
Punjab,ludhiana,Doraha,Tomato,Other,FAQ,500.0,1200.0,878.0,6/7/2023
Haryana,mewat,Tauru,Tomato,Tomato,FAQ,1000.0,1000.0,1000.0,6/7/2023
Punjab,sangrur,Dhuri,Tomato,Other,FAQ,400.0,500.0,450.0,6/7/2023
West Bengal,jalpaiguri,Dhupguri,Tomato,Other,FAQ,1400.0,1600.0,1500.0,6/7/2023
Haryana,kurukshetra,Thanesar,Tomato,Tomato,FAQ,400.0,800.0,500.0,6/7/2023
Kerala,kottayam,Kanjirappally,Onion,Big,FAQ,2000.0,2500.0,2200.0,6/7/2023
Punjab,hoshiarpur,Mukerian(Talwara),Potato,Potato,FAQ,900.0,1200.0,1050.0,6/7/2023
Maharashtra,mumbai,Vashi New Mumbai,Potato,Other,FAQ,900.0,1300.0,1100.0,6/7/2023
Karnataka,bijapur,Bijapur,Wheat,Sona,FAQ,3000.0,3700.0,3350.0,6/7/2023
Madhya Pradesh,shajapur,Momanbadodiya,Wheat,Other,FAQ,2058.0,2284.0,2199.0,6/7/2023
Uttar Pradesh,badaun,Wazirganj,Tomato,Deshi,FAQ,700.0,780.0,740.0,6/7/2023
Maharashtra,kolhapur,Vadgaonpeth,Tomato,Local,FAQ,900.0,1300.0,1000.0,6/7/2023
Uttar Pradesh,firozabad,Sirsaganj,Onion,Red,FAQ,800.0,1000.0,900.0,6/7/2023
Haryana,kaithal,Dhand,Onion,Other,FAQ,1200.0,1500.0,1400.0,6/7/2023
Madhya Pradesh,shivpuri,Shivpuri(F&V),Tomato,Other,FAQ,800.0,800.0,800.0,6/7/2023
Kerala,thiruvananthapuram,Vamanapuram,Tomato,Other,FAQ,4000.0,4500.0,4200.0,6/7/2023
Uttar Pradesh,gorakhpur,Sehjanwa,Potato,Potato,FAQ,955.0,965.0,960.0,6/7/2023
Uttar Pradesh,jhansi,Moth,Potato,Desi,FAQ,1000.0,1125.0,1080.0,6/7/2023
Uttar Pradesh,agra,Fatehpur Sikri,Tomato,Deshi,FAQ,650.0,800.0,720.0,6/7/2023
Uttar Pradesh,varanasi,Varanasi(F&V),Tomato,Hybrid,FAQ,980.0,1125.0,1050.0,6/7/2023
Maharashtra,nagpur,Nagpur,Wheat,Sharbati,FAQ,3000.0,3200.0,3150.0,6/7/2023
West Bengal,jalpaiguri,Dhupguri,Onion,Onion,FAQ,1500.0,1700.0,1600.0,6/7/2023
Andhra Pradesh,medak,Siddipet(Rythu Bazar),Onion,1st Sort,FAQ,1400.0,2000.0,1800.0,6/7/2023
West Bengal,hooghly,Champadanga,Potato,Jyoti,FAQ,1360.0,1400.0,1380.0,6/7/2023
Uttar Pradesh,saharanpur,Gangoh,Tomato,Deshi,FAQ,600.0,800.0,700.0,6/7/2023
Rajasthan,kota,Kota (F&V),Potato,Other,FAQ,500.0,1000.0,750.0,6/7/2023
Kerala,kottayam,Kottayam,Onion,Big,FAQ,2000.0,2400.0,2200.0,6/7/2023
Madhya Pradesh,morena,Sabalgarh,Wheat,Deshi,FAQ,2211.0,2278.0,2250.0,6/7/2023
Rajasthan,hanumangarh,Hanumangarh Town,Wheat,Other,FAQ,2161.0,2243.0,2184.0,6/7/2023
Uttar Pradesh,firozabad,Firozabad,Potato,Desi,FAQ,735.0,920.0,835.0,6/7/2023
Madhya Pradesh,sagar,Sagar,Wheat,Other,FAQ,2175.0,2210.0,2200.0,6/7/2023
Maharashtra,ahmednagar,Sangamner,Onion,Other,FAQ,200.0,1500.0,850.0,6/7/2023
Uttar Pradesh,jhansi,Jhansi,Potato,Desi,FAQ,990.0,1035.0,1015.0,6/7/2023
West Bengal,birbhum,Rampurhat,Onion,Nasik,FAQ,1380.0,1480.0,1430.0,6/7/2023
Uttar Pradesh,mainpuri,Mainpuri,Tomato,Deshi,FAQ,610.0,800.0,720.0,6/7/2023
Uttar Pradesh,prayagraj,Sirsa,Tomato,Deshi,FAQ,900.0,1000.0,950.0,6/7/2023
West Bengal,bankura,Bishnupur(Bankura),Potato,Jyoti,FAQ,1220.0,1260.0,1240.0,6/7/2023
Uttar Pradesh,ghaziabad,Noida,Onion,Red,FAQ,950.0,1280.0,1200.0,6/7/2023
Madhya Pradesh,sagar,Deori,Onion,Onion,FAQ,400.0,510.0,450.0,6/7/2023
Uttar Pradesh,fatehpur,Fatehpur,Onion,Red,FAQ,1000.0,1180.0,1085.0,6/7/2023
Madhya Pradesh,bhind,Alampur,Wheat,Other,FAQ,2200.0,2229.0,2225.0,6/7/2023
Maharashtra,akola,Akola,Wheat,Other,FAQ,1300.0,2475.0,2200.0,6/7/2023
Rajasthan,jodhpur,Jodhpur(F&V)(Paota),Tomato,Other,FAQ,800.0,1500.0,1000.0,6/7/2023
Assam,kamrup,Pamohi(Garchuk),Potato,Potato,FAQ,2400.0,2400.0,2400.0,6/7/2023
Uttar Pradesh,bareilly,Bahedi,Potato,Kufri Megha,FAQ,910.0,935.0,925.0,6/7/2023
Uttar Pradesh,pratapgarh,Pratapgarh,Onion,Other,FAQ,441.0,1005.0,582.0,6/7/2023
Madhya Pradesh,dhar,Dhamnod,Onion,Red,FAQ,600.0,1000.0,800.0,6/7/2023
Rajasthan,pratapgarh,Pratapgarh,Onion,Other,FAQ,441.0,1005.0,582.0,6/7/2023
Rajasthan,udaipur,Fatehnagar,Wheat,Local,FAQ,2000.0,2239.0,2214.0,6/7/2023
Uttar Pradesh,etah,Etah,Wheat,Dara,FAQ,2125.0,2450.0,2280.0,6/7/2023
Maharashtra,pune,Pune,Onion,Local,FAQ,500.0,1400.0,950.0,6/7/2023
West Bengal,birbhum,Sainthia,Onion,Nasik,FAQ,1400.0,1500.0,1450.0,6/7/2023
Uttar Pradesh,kaushambi,Bharwari,Tomato,Deshi,FAQ,820.0,975.0,900.0,6/7/2023
West Bengal,north 24 parganas,Barasat,Tomato,Other,FAQ,3000.0,3000.0,3000.0,6/7/2023
Madhya Pradesh,khandwa,Khandwa(F&V),Tomato,Other,FAQ,600.0,1200.0,837.0,6/7/2023
Madhya Pradesh,ujjain,Ujjain(F&V),Tomato,Deshi,FAQ,450.0,1300.0,835.0,6/7/2023
Karnataka,udupi,Udupi,Tomato,Tomato,FAQ,2600.0,2800.0,2700.0,6/7/2023
Madhya Pradesh,mandsaur,Mandsaur(F&V),Tomato,Other,FAQ,600.0,1300.0,1100.0,6/7/2023
Uttar Pradesh,unnao,Purwa,Potato,Desi,FAQ,930.0,1015.0,980.0,6/7/2023
Uttar Pradesh,etah,Awagarh,Tomato,Hybrid,FAQ,700.0,900.0,800.0,6/7/2023
Haryana,sonipat,Sonepat(Kharkhoda),Tomato,Deshi,FAQ,1000.0,1000.0,1000.0,6/7/2023
Karnataka,bellary,Hospet,Onion,Local,FAQ,800.0,1000.0,900.0,6/7/2023
Uttar Pradesh,banda,Baberu,Potato,Desi,FAQ,1015.0,1130.0,1075.0,6/7/2023
Uttar Pradesh,badaun,Dataganj,Wheat,Dara,FAQ,2150.0,2200.0,2180.0,6/7/2023
Punjab,sangrur,Dhuri,Potato,Local,FAQ,900.0,1000.0,950.0,6/7/2023
Haryana,sirsa,Sirsa,Tomato,Other,FAQ,400.0,500.0,430.0,6/7/2023
Gujarat,surat,Surat,Potato,Other,FAQ,700.0,1700.0,1200.0,6/7/2023
Punjab,jalandhar,Noor Mehal,Potato,Other,FAQ,900.0,900.0,900.0,6/7/2023
Uttar Pradesh,ambedkarnagar,Akbarpur,Wheat,Dara,FAQ,2320.0,2400.0,2360.0,6/7/2023
Rajasthan,hanumangarh,Hanumangarh(Urlivas),Onion,1st Sort,FAQ,1600.0,1600.0,1600.0,6/7/2023
Andhra Pradesh,hyderabad,Mahboob Manison,Tomato,Deshi,FAQ,1600.0,2400.0,2000.0,6/7/2023
Karnataka,dharwad,Hubli (Amaragol),Potato,Potato,FAQ,1000.0,1400.0,1200.0,6/7/2023
Kerala,alappuzha,Aroor,Onion,Small,FAQ,5800.0,6000.0,5900.0,6/7/2023
Kerala,ernakulam,Perumbavoor,Tomato,Tomato,FAQ,2700.0,3700.0,3000.0,6/7/2023
Uttar Pradesh,etah,Aliganj,Wheat,Dara,FAQ,2250.0,2260.0,2251.0,6/7/2023
Madhya Pradesh,jabalpur,Jabalpur(F&V),Tomato,Deshi,FAQ,1000.0,1400.0,1200.0,6/7/2023
Madhya Pradesh,khargone,Khargone,Onion,1st Sort,FAQ,500.0,1000.0,700.0,6/7/2023
Uttar Pradesh,jaunpur,Mugrabaadshahpur,Potato,Badshah,FAQ,835.0,1035.0,935.0,6/7/2023
Uttar Pradesh,prayagraj,Allahabad,Wheat,Dara,FAQ,2100.0,2450.0,2285.0,6/7/2023
West Bengal,kolkata,Bara Bazar (Posta Bazar),Potato,Other,FAQ,1320.0,1340.0,1320.0,6/7/2023
Haryana,palwal,Hodal,Onion,Onion,FAQ,1000.0,1200.0,1100.0,6/7/2023
Maharashtra,amarawati,Achalpur,Wheat,Other,FAQ,2200.0,2500.0,2350.0,6/7/2023
Andhra Pradesh,hyderabad,Erragadda(Rythu Bazar),Onion,1st Sort,FAQ,1400.0,1400.0,1400.0,6/7/2023
Rajasthan,churu,Churu,Onion,1st Sort,FAQ,600.0,800.0,700.0,6/7/2023
Punjab,gurdaspur,Kalanaur,Tomato,Other,FAQ,4500.0,4500.0,4500.0,6/7/2023
Uttar Pradesh,balrampur,Balrampur,Wheat,Dara,FAQ,2200.0,2400.0,2300.0,6/7/2023
Maharashtra,pune,Junnar(Narayangaon),Tomato,Local,FAQ,500.0,1500.0,1000.0,6/7/2023
Gujarat,rajkot,Gondal,Wheat,Lokwan,FAQ,2050.0,2500.0,2320.0,6/7/2023
Kerala,idukki,Thodupuzha,Tomato,Other,FAQ,3000.0,3500.0,3500.0,6/7/2023
Madhya Pradesh,gwalior,Lashkar(F&V),Onion,Local,FAQ,700.0,900.0,800.0,6/7/2023
Haryana,fatehabad,Jakhal,Potato,Other,FAQ,1000.0,1000.0,1000.0,6/7/2023
Orissa,khurda,Balugaon,Potato,Other,FAQ,1600.0,1700.0,1700.0,6/7/2023
Uttar Pradesh,sitapur,Hargaon (Laharpur),Potato,Local,FAQ,900.0,1100.0,1000.0,6/7/2023
Kerala,kottayam,Kottayam,Tomato,Other,FAQ,2800.0,3200.0,3000.0,6/7/2023
Haryana,sonipat,Gohana,Onion,Other,FAQ,800.0,1300.0,800.0,6/7/2023
Karnataka,bangalore,Bangalore,Potato,Local,FAQ,1600.0,1800.0,1700.0,6/7/2023
Uttar Pradesh,gorakhpur,Chorichora,Tomato,Hybrid,FAQ,1000.0,1200.0,1125.0,6/7/2023
Maharashtra,ahmednagar,Ahmednagar,Wheat,Other,FAQ,2200.0,2400.0,2300.0,6/7/2023
Gujarat,dahod,Dahod,Wheat,147 Average,FAQ,2500.0,2750.0,2650.0,6/7/2023
Uttar Pradesh,muzaffarnagar,Muzzafarnagar,Tomato,Deshi,FAQ,750.0,900.0,820.0,6/7/2023
Maharashtra,amarawati,Amarawati,Wheat,Other,FAQ,2450.0,2600.0,2525.0,6/7/2023
West Bengal,hooghly,Pandua,Potato,Jyoti,FAQ,1340.0,1380.0,1360.0,6/7/2023
Maharashtra,pune,Khed(Chakan),Onion,Other,FAQ,700.0,1300.0,900.0,6/7/2023
 Punjab,fazilka,Fazilka,Onion,Other,FAQ,1200.0,1500.0,1400.0,6/7/2023
Delhi,delhi,Azadpur,Potato,Potato,FAQ,300.0,1800.0,905.0,6/7/2023
Karnataka,chikmagalur,Chikkamagalore,Tomato,Tomato,FAQ,1884.0,2084.0,1984.0,6/7/2023
Maharashtra,amarawati,Amarawati,Wheat,147 Average,FAQ,2200.0,2350.0,2275.0,6/7/2023
Maharashtra,chandrapur,Chandrapur(Ganjwad),Tomato,Other,FAQ,800.0,1600.0,1200.0,6/7/2023
Uttar Pradesh,sitapur,Viswan,Tomato,Hybrid,FAQ,980.0,1020.0,1000.0,6/7/2023
Punjab,patiala,Patran,Potato,Other,FAQ,600.0,700.0,660.0,6/7/2023
Assam,kamrup,Pamohi(Garchuk),Onion,Onion,FAQ,2000.0,2000.0,2000.0,6/7/2023
Rajasthan,dausa,Dausa,Wheat,Other,FAQ,2163.0,2235.0,2199.0,6/7/2023
Punjab,ludhiana,Ludhiana,Tomato,Other,FAQ,200.0,800.0,600.0,6/7/2023
Haryana,panipat,Madlauda,Tomato,Other,FAQ,800.0,1000.0,900.0,6/7/2023
Madhya Pradesh,panna,Devandranagar,Wheat,Other,FAQ,2140.0,2230.0,2230.0,6/7/2023
Assam,lakhimpur,Golagokarnath,Potato,Badshah,FAQ,880.0,1020.0,980.0,6/7/2023
Madhya Pradesh,chhatarpur,Badamalhera,Wheat,Other,FAQ,2125.0,2299.0,2130.0,6/7/2023
Madhya Pradesh,shajapur,Shujalpur,Wheat,Other,FAQ,2040.0,2550.0,2220.0,6/7/2023
Karnataka,bangalore,"Binny Mill (F&V), Bangalore",Tomato,Tomato,FAQ,1800.0,2200.0,2000.0,6/7/2023
Madhya Pradesh,seoni,Ghansour,Wheat,Other,FAQ,1875.0,2125.0,1900.0,6/7/2023
West Bengal,paschim bardhaman,Durgapur,Tomato,Hybrid,FAQ,2200.0,2400.0,2300.0,6/7/2023
Gujarat,surendranagar,Vadhvan,Tomato,Tomato,FAQ,2000.0,2500.0,2250.0,6/7/2023
Kerala,thiruvananthapuram,Pothencode,Potato,Other,FAQ,16000.0,16080.0,16040.0,6/7/2023
Gujarat,sabarkantha,Dhansura,Wheat,Milbar,FAQ,2000.0,2500.0,2250.0,6/7/2023
Punjab,moga,Baghapurana,Onion,Medium,FAQ,1000.0,1400.0,1200.0,6/7/2023
Kerala,kottayam,Thalayolaparambu,Potato,Other,FAQ,2300.0,2700.0,2500.0,6/7/2023
Maharashtra,pune,Khed(Chakan),Tomato,Other,FAQ,1200.0,1600.0,1400.0,6/7/2023
Uttar Pradesh,bareilly,Bahedi,Onion,Red,FAQ,1240.0,1275.0,1255.0,6/7/2023
Uttar Pradesh,kaushambi,Bharwari,Wheat,Dara,FAQ,2180.0,2325.0,2260.0,6/7/2023
Haryana,karnal,Gharaunda,Potato,Other,FAQ,1000.0,1500.0,1500.0,6/7/2023
Uttar Pradesh,azamgarh,Azamgarh,Wheat,Dara,FAQ,2200.0,2300.0,2250.0,6/7/2023
Haryana,rewari,Kosli,Tomato,Other,FAQ,1000.0,1200.0,1000.0,6/7/2023
Madhya Pradesh,jhabua,Thandla,Potato,Other,FAQ,1200.0,2000.0,1600.0,6/7/2023
Uttar Pradesh,badaun,Visoli,Tomato,Deshi,FAQ,300.0,300.0,300.0,6/7/2023
Madhya Pradesh,bhopal,Bhopal,Wheat,Other,FAQ,2174.0,2718.0,2310.0,6/7/2023
West Bengal,paschim bardhaman,Durgapur,Wheat,Other,FAQ,2500.0,2700.0,2600.0,6/7/2023
Uttar Pradesh,hardoi,Madhoganj,Tomato,Hybrid,FAQ,950.0,1050.0,1000.0,6/7/2023
Rajasthan,ganganagar,Gajsinghpur,Wheat,Other,FAQ,2050.0,2209.0,2140.0,6/7/2023
Uttar Pradesh,bulandshahar,Siyana,Tomato,Local,FAQ,1100.0,1200.0,1150.0,6/7/2023
Uttar Pradesh,agra,Fatehpur Sikri,Wheat,Dara,FAQ,2160.0,2365.0,2220.0,6/7/2023
Uttar Pradesh,prayagraj,Ajuha,Onion,Red,FAQ,1050.0,1200.0,1125.0,6/7/2023
Madhya Pradesh,khargone,Badwaha,Wheat,Other,FAQ,2110.0,2369.0,2285.0,6/7/2023
Gujarat,amreli,Bagasara,Wheat,Lokwan Gujrat,FAQ,2200.0,2260.0,2230.0,6/7/2023
Kerala,ernakulam,Thrippunithura,Tomato,Tomato,FAQ,4500.0,5000.0,4700.0,6/7/2023
Maharashtra,nashik,Dindori(Vani),Onion,Other,FAQ,400.0,1572.0,851.0,6/7/2023
Karnataka,haveri,Ranebennur,Onion,Local,Medium,900.0,1200.0,1000.0,6/7/2023
Madhya Pradesh,jhabua,Thandla,Tomato,Deshi,FAQ,800.0,1200.0,1000.0,6/7/2023
Uttar Pradesh,fatehpur,Fatehpur,Tomato,Deshi,FAQ,800.0,980.0,895.0,6/7/2023
Himachal Pradesh,hamirpur,Hamirpur,Onion,Other,FAQ,1800.0,2000.0,1900.0,6/7/2023
Punjab,jalandhar,Goraya,Potato,Other,FAQ,900.0,900.0,900.0,6/7/2023
Uttar Pradesh,bahraich,Naanpara,Onion,Red,FAQ,1170.0,1230.0,1200.0,6/7/2023
Maharashtra,amarawati,Chandur Bazar,Wheat,Other,FAQ,2200.0,2600.0,2500.0,6/7/2023
Madhya Pradesh,chhindwara,Chaurai,Wheat,Other,FAQ,2240.0,2338.0,2315.0,6/7/2023
Chattisgarh,durg,Durg,Onion,Nasik,FAQ,1000.0,1200.0,1100.0,6/7/2023
Kerala,kollam,Sasthamkotta,Tomato,Other,FAQ,5000.0,5500.0,5200.0,6/7/2023
Punjab,moga,Kot ise Khan,Potato,Other,FAQ,800.0,1000.0,900.0,6/7/2023
Uttar Pradesh,chandauli,Chandoli,Wheat,Dara,FAQ,2125.0,2200.0,2175.0,6/7/2023
Punjab,jalandhar,Goraya,Tomato,Other,FAQ,600.0,600.0,600.0,6/7/2023
Madhya Pradesh,rajgarh,Chhapiheda,Wheat,147 Average,FAQ,2150.0,2260.0,2190.0,6/7/2023
Kerala,ernakulam,Angamaly,Onion,Big,FAQ,1900.0,2500.0,2200.0,6/7/2023
Orissa,jharsuguda,Jharsuguda,Onion,Other,FAQ,1500.0,1600.0,1600.0,6/7/2023
West Bengal,paschim bardhaman,Durgapur,Potato,Other,FAQ,1180.0,1340.0,1200.0,6/7/2023
Madhya Pradesh,chhindwara,Chhindwara,Wheat,Local,FAQ,2080.0,2546.0,2330.0,6/7/2023
Himachal Pradesh,hamirpur,Hamirpur,Potato,Desi,FAQ,1200.0,1600.0,1400.0,6/7/2023
Kerala,alappuzha,Kayamkulam,Tomato,Other,FAQ,2300.0,2500.0,2400.0,6/7/2023
Orissa,kendrapara,Kendrapara,Tomato,Tomato,FAQ,3000.0,3500.0,3000.0,6/7/2023
Uttar Pradesh,hardoi,Madhoganj,Onion,Red,FAQ,1050.0,1150.0,1100.0,6/7/2023
Rajasthan,bundi,Bundi,Wheat,Other,FAQ,2050.0,2300.0,2175.0,6/7/2023
Haryana,bhiwani,Ch. Dadri,Onion,Other,FAQ,700.0,1200.0,950.0,6/7/2023
Uttar Pradesh,amroha,Hasanpur,Tomato,Deshi,FAQ,930.0,1020.0,950.0,6/7/2023
Gujarat,bharuch,Jambusar,Wheat,Other,FAQ,2600.0,3000.0,2800.0,6/7/2023
Punjab,jalandhar,Jalandhar City(Jalandhar),Tomato,Other,FAQ,200.0,400.0,300.0,6/7/2023
Rajasthan,hanumangarh,Hanumangarh,Potato,(Red Nanital),FAQ,900.0,900.0,900.0,6/7/2023
Maharashtra,ahmednagar,Rahuri,Potato,Other,FAQ,1300.0,2000.0,1650.0,6/7/2023
Maharashtra,nagpur,Katol,Wheat,Other,FAQ,2151.0,2400.0,2300.0,6/7/2023
Uttar Pradesh,fatehpur,Bindki,Wheat,Dara,FAQ,2125.0,2260.0,2230.0,6/7/2023
Haryana,sirsa,Ellanabad,Potato,Potato,FAQ,250.0,900.0,550.0,6/7/2023
Rajasthan,alwar,Alwar,Wheat,Other,FAQ,2245.0,2263.0,2250.0,6/7/2023
Uttar Pradesh,etah,Awagarh,Potato,Desi,FAQ,700.0,800.0,750.0,6/7/2023
Maharashtra,latur,Ahmedpur,Wheat,Other,FAQ,2100.0,2900.0,2500.0,6/7/2023
Jammu & Kashmir,udhampur,Reasi,Onion,Nasik,FAQ,1400.0,1600.0,1500.0,6/7/2023
Uttar Pradesh,bulandshahar,Buland Shahr,Wheat,Dara,FAQ,2280.0,2310.0,2300.0,6/7/2023
Gujarat,anand,Borsad,Wheat,Other,FAQ,2100.0,2125.0,2125.0,6/7/2023
Rajasthan,ganganagar,Kesarisinghpur,Wheat,Other,FAQ,2042.0,2382.0,2180.0,6/7/2023
Uttar Pradesh,ghazipur,Gazipur,Onion,Red,FAQ,1100.0,1150.0,1125.0,6/7/2023
Rajasthan,baran,Kawai Salpura (Atru),Wheat,Other,FAQ,2182.0,2365.0,2274.0,6/7/2023
Punjab,sangrur,Dhuri,Onion,Other,FAQ,1000.0,1250.0,1200.0,6/7/2023
Himachal Pradesh,kangra,Kangra(Baijnath),Tomato,Tomato,FAQ,1300.0,1500.0,1400.0,6/7/2023
Maharashtra,nashik,Pimpalgaon,Tomato,Other,FAQ,350.0,1350.0,1100.0,6/7/2023
Uttar Pradesh,ballia,Vilthararoad,Onion,Other,FAQ,1100.0,1200.0,1150.0,6/7/2023
Madhya Pradesh,alirajpur,Alirajpur(F&V),Onion,Onion,FAQ,1200.0,1600.0,1500.0,6/7/2023
Karnataka,bangalore,Kanakapura,Tomato,Hybrid,FAQ,2000.0,3500.0,3000.0,6/7/2023
Karnataka,bangalore,Bangalore,Onion,Onion,FAQ,1000.0,1600.0,1400.0,6/7/2023
Maharashtra,nashik,Manmad,Onion,Other,FAQ,110.0,1176.0,750.0,6/7/2023
Madhya Pradesh,shajapur,Agar,Wheat,Other,FAQ,1592.0,2438.0,2110.0,6/7/2023
Madhya Pradesh,chhatarpur,Chhatarpur,Wheat,Other,FAQ,2200.0,2260.0,2230.0,6/7/2023
Madhya Pradesh,mandsaur,Piplya,Wheat,Lok -1 (Nilami Rate),FAQ,1900.0,2411.0,2175.0,6/7/2023
Haryana,jind,Narwana,Tomato,Other,FAQ,500.0,500.0,500.0,6/7/2023
Karnataka,chikmagalur,Bagepalli,Tomato,Tomato,FAQ,580.0,1100.0,750.0,6/7/2023
Maharashtra,pune,Pune(Pimpri),Tomato,Local,FAQ,1000.0,2000.0,1500.0,6/7/2023
Madhya Pradesh,shajapur,Kalapipal,Wheat,Lokwan,FAQ,2120.0,2685.0,2450.0,6/7/2023
Madhya Pradesh,ujjain,Ujjain(F&V),Onion,Onion,FAQ,200.0,1401.0,672.0,6/7/2023
Rajasthan,baran,Anta,Wheat,Other,FAQ,2150.0,2175.0,2162.0,6/7/2023
Orissa,khurda,Balugaon,Onion,Other,FAQ,2000.0,2300.0,2200.0,6/7/2023
Madhya Pradesh,rewa,Chaakghat,Wheat,147 Average,FAQ,2180.0,2250.0,2200.0,6/7/2023
Uttar Pradesh,chandauli,Chandoli,Tomato,Hybrid,FAQ,940.0,1020.0,980.0,6/7/2023
Uttar Pradesh,lucknow,Lucknow,Onion,Red,FAQ,1080.0,1180.0,1130.0,6/7/2023
Karnataka,shimoga,Shimoga,Potato,Local,FAQ,1600.0,2000.0,1800.0,6/7/2023
Gujarat,jamnagar,Kalawad,Wheat,Other,FAQ,2150.0,2295.0,2222.0,6/7/2023
Maharashtra,ahmednagar,Shrirampur,Potato,Other,FAQ,1000.0,1500.0,1300.0,6/7/2023
Himachal Pradesh,chamba,Chamba,Onion,Other,FAQ,1800.0,2000.0,1900.0,6/7/2023
Jammu & Kashmir,kathua,Kathua,Tomato,Other,FAQ,1000.0,1200.0,1100.0,6/7/2023
Madhya Pradesh,datia,Datia,Wheat,Other,FAQ,2116.0,2316.0,2250.0,6/7/2023
Maharashtra,satara,Vai,Tomato,Local,FAQ,1000.0,1700.0,1450.0,6/7/2023
Uttar Pradesh,agra,Fatehpur Sikri,Potato,Local,FAQ,700.0,950.0,835.0,6/7/2023
Orissa,dhenkanal,Hindol,Tomato,Tomato,FAQ,3500.0,4000.0,3800.0,6/7/2023
Uttar Pradesh,aligarh,Aligarh,Wheat,Dara,FAQ,2280.0,2320.0,2300.0,6/7/2023
Gujarat,porbandar,Porbandar,Onion,Other,FAQ,1000.0,1500.0,1250.0,6/7/2023
Uttar Pradesh,firozabad,Sirsaganj,Potato,Local,FAQ,720.0,920.0,820.0,6/7/2023
Madhya Pradesh,sagar,Rahatgarh,Wheat,Other,FAQ,2175.0,2300.0,2225.0,6/7/2023
Uttar Pradesh,sambhal,Sambhal,Tomato,Deshi,FAQ,1200.0,1400.0,1350.0,6/7/2023
Rajasthan,hanumangarh,Hanumangarh,Onion,1st Sort,FAQ,1600.0,1600.0,1600.0,6/7/2023
Haryana,panipat,Panipat,Potato,Other,FAQ,500.0,1000.0,750.0,6/7/2023
Uttar Pradesh,azamgarh,Azamgarh,Potato,Desi,FAQ,900.0,1040.0,970.0,6/7/2023
Uttar Pradesh,hardoi,Sandila,Tomato,Hybrid,FAQ,950.0,1050.0,1000.0,6/7/2023
Maharashtra,ahmednagar,Rahuri,Wheat,Other,FAQ,2100.0,2300.0,2200.0,6/7/2023
Uttar Pradesh,jhansi,Gurusarai,Wheat,Dara,FAQ,2150.0,2300.0,2200.0,6/7/2023
Uttar Pradesh,agra,Fatehpur Sikri,Onion,Red,FAQ,850.0,1000.0,920.0,6/7/2023
Madhya Pradesh,guna,Guna,Wheat,147 Average,FAQ,2110.0,4700.0,2445.0,6/7/2023
Uttar Pradesh,badaun,Babrala,Wheat,Dara,FAQ,2170.0,2200.0,2180.0,6/7/2023
Uttar Pradesh,bijnor,Nagina,Tomato,Hybrid,FAQ,1000.0,1500.0,1200.0,6/7/2023
Maharashtra,pune,Pune(Pimpri),Onion,Local,FAQ,400.0,1100.0,750.0,6/7/2023
Uttar Pradesh,amroha,Hasanpur,Potato,Badshah,FAQ,920.0,1010.0,950.0,6/7/2023
Uttar Pradesh,aligarh,Atrauli,Tomato,Deshi,FAQ,1200.0,1300.0,1250.0,6/7/2023
Gujarat,porbandar,Porbandar,Tomato,Deshi,FAQ,1500.0,2000.0,1750.0,6/7/2023
Kerala,thiruvananthapuram,Pothencode,Onion,Other,FAQ,10000.0,10080.0,10040.0,6/7/2023
Uttar Pradesh,mainpuri,Ghiraur,Wheat,Dara,FAQ,2146.0,2346.0,2246.0,6/7/2023
Uttar Pradesh,auraiya,Auraiya,Tomato,Hybrid,FAQ,950.0,1070.0,1010.0,6/7/2023
Haryana,kurukshetra,Pehowa,Onion,Other,FAQ,1600.0,1600.0,1600.0,6/7/2023
Madhya Pradesh,raisen,Raisen,Wheat,Other,FAQ,2100.0,2695.0,2246.0,6/7/2023
West Bengal,paschim bardhaman,Durgapur,Potato,Jyoti,FAQ,1300.0,1500.0,1400.0,6/7/2023
Madhya Pradesh,bhopal,Berasia,Wheat,PISSI,FAQ,2060.0,2539.0,2310.0,6/7/2023
Chhattisgarh,bilaspur,Bilaspur,Wheat,Local,FAQ,2367.0,2421.0,2367.0,6/7/2023
West Bengal,jalpaiguri,Jalpaiguri Sadar,Onion,Other,FAQ,1500.0,1700.0,1600.0,6/7/2023
Karnataka,kolar,Kolar,Tomato,Tomato,FAQ,530.0,2130.0,1330.0,6/7/2023
Orissa,keonjhar,Keonjhar,Potato,Other,FAQ,1800.0,2000.0,2000.0,6/7/2023
Punjab,ludhiana,Machhiwara,Onion,Other,FAQ,1000.0,1800.0,1500.0,6/7/2023
Maharashtra,wardha,Hinganghat,Wheat,Other,FAQ,1800.0,2360.0,2040.0,6/7/2023
Madhya Pradesh,jabalpur,Jabalpur(F&V),Onion,Local,FAQ,900.0,1200.0,1000.0,6/7/2023
Madhya Pradesh,tikamgarh,Jatara,Wheat,Local,FAQ,2125.0,2160.0,2125.0,6/7/2023
Haryana,yamuna nagar,Sadhaura,Tomato,Tomato,FAQ,300.0,400.0,350.0,6/7/2023
West Bengal,north 24 parganas,Barasat,Onion,Other,FAQ,2100.0,2100.0,2100.0,6/7/2023
Uttar Pradesh,prayagraj,Jasra,Wheat,Dara,FAQ,2210.0,2300.0,2250.0,6/7/2023
Punjab,hoshiarpur,Garh Shankar,Potato,Potato,FAQ,600.0,800.0,700.0,6/7/2023
Maharashtra,nandurbar,Navapur,Tomato,Other,FAQ,800.0,1500.0,1000.0,6/7/2023
West Bengal,hooghly,Sheoraphuly,Tomato,Other,FAQ,2600.0,3000.0,2800.0,6/7/2023
Rajasthan,bikaner,Bikaner (Grain),Wheat,Other,FAQ,2205.0,2450.0,2328.0,6/7/2023
Uttar Pradesh,amethi,Jafarganj,Onion,Red,FAQ,1200.0,1280.0,1240.0,6/7/2023
Uttar Pradesh,firozabad,Sirsaganj,Tomato,Hybrid,FAQ,600.0,800.0,700.0,6/7/2023
Punjab,amritsar,Amritsar(Amritsar Mewa Mandi),Onion,Onion,FAQ,500.0,1100.0,700.0,6/7/2023
Maharashtra,pune,Pune,Wheat,Sharbati,FAQ,4000.0,5200.0,4600.0,6/7/2023
Haryana,rohtak,Meham,Potato,Other,FAQ,800.0,800.0,800.0,6/7/2023
Uttar Pradesh,fatehpur,Khaga,Tomato,Hybrid,FAQ,700.0,900.0,800.0,6/7/2023
Andhra Pradesh,warangal,Warangal,Potato,Potato,FAQ,1800.0,2000.0,1900.0,6/7/2023
Haryana,palwal,Hodal,Tomato,Hybrid,FAQ,800.0,1000.0,900.0,6/7/2023
Uttar Pradesh,badaun,Visoli,Wheat,Dara,FAQ,2210.0,2320.0,2280.0,6/7/2023
Orissa,dhenkanal,Hindol,Onion,Other,FAQ,1500.0,2000.0,1800.0,6/7/2023
Chattisgarh,durg,Durg,Potato,Potato,FAQ,1600.0,1800.0,1700.0,6/7/2023
Haryana,faridabad,Ballabhgarh,Potato,Other,FAQ,700.0,900.0,800.0,6/7/2023
Madhya Pradesh,panna,Ajaygarh,Wheat,Deshi,FAQ,2125.0,2280.0,2200.0,6/7/2023
Uttar Pradesh,bahraich,Bahraich,Onion,Red,FAQ,1130.0,1260.0,1200.0,6/7/2023
Uttar Pradesh,amroha,Amroha,Onion,Red,FAQ,1080.0,1200.0,1140.0,6/7/2023
Orissa,nuapada,Khariar Road,Onion,Other,FAQ,1500.0,1600.0,1500.0,6/7/2023
Andhra Pradesh,medak,Sangareddy,Tomato,Deshi,FAQ,1600.0,1800.0,1700.0,6/7/2023
Orissa,bargarh,Bargarh(Barapalli),Onion,Other,FAQ,1400.0,1600.0,1500.0,6/7/2023
Haryana,panchkula,Raipur Rai,Tomato,Other,FAQ,800.0,1000.0,800.0,6/7/2023
Maharashtra,pune,Pune(Khadiki),Potato,Local,FAQ,1100.0,1400.0,1250.0,6/7/2023
Madhya Pradesh,morena,Banmorkalan,Wheat,147 Average,FAQ,2125.0,2125.0,2125.0,6/7/2023
Maharashtra,ahmednagar,Shevgaon,Wheat,Maharashtra 2189,FAQ,2050.0,2350.0,2050.0,6/7/2023
Uttar Pradesh,fatehpur,Khaga,Onion,Red,FAQ,800.0,900.0,850.0,6/7/2023
Delhi,delhi,Shahdara,Onion,Other,FAQ,700.0,900.0,800.0,6/7/2023
Uttar Pradesh,gorakhpur,Sehjanwa,Tomato,Hybrid,FAQ,805.0,815.0,810.0,6/7/2023
Uttar Pradesh,bulandshahar,Jahangirabad,Potato,Desi,FAQ,1008.0,1211.0,1110.0,6/7/2023
Maharashtra,kolhapur,Kolhapur,Tomato,Other,FAQ,500.0,1800.0,1500.0,6/7/2023
Rajasthan,hanumangarh,Bhadara,Potato,(Red Nanital),FAQ,1000.0,1200.0,1150.0,6/7/2023
Punjab,hoshiarpur,Tanda Urmur,Potato,Other,FAQ,1200.0,1400.0,1300.0,6/7/2023
Uttar Pradesh,bahraich,Bahraich,Wheat,Dara,FAQ,2270.0,2450.0,2375.0,6/7/2023
Uttar Pradesh,etah,Etah,Tomato,Hybrid,FAQ,1000.0,1500.0,1060.0,6/7/2023
Maharashtra,nashik,Satana,Wheat,Other,FAQ,2051.0,2828.0,2550.0,6/7/2023
Jammu and Kashmir,anantnag,Ashahipora (Anantnagh),Potato,Local,FAQ,1700.0,1900.0,1800.0,6/7/2023
Gujarat,amreli,Dhari,Wheat,Lokwan Gujrat,FAQ,2125.0,2225.0,2195.0,6/7/2023
Haryana,yamuna nagar,Jagadhri,Onion,Other,FAQ,900.0,1200.0,1200.0,6/7/2023
Madhya Pradesh,hoshangabad,Pipariya,Onion,Onion,FAQ,350.0,1200.0,700.0,6/7/2023
Madhya Pradesh,dhar,Dhamnod,Tomato,Tomato,FAQ,800.0,1600.0,1400.0,6/7/2023
Madhya Pradesh,narsinghpur,Gotegaon,Wheat,Other,FAQ,2205.0,2271.0,2250.0,6/7/2023
Maharashtra,nashik,Nasik,Onion,Other,FAQ,350.0,1401.0,750.0,6/7/2023
Uttar Pradesh,balrampur,Balrampur,Potato,Desi,FAQ,950.0,1170.0,1065.0,6/7/2023
Uttar Pradesh,chandauli,Chandoli,Onion,Red,FAQ,1100.0,1200.0,1150.0,6/7/2023
Uttar Pradesh,jaunpur,Mugrabaadshahpur,Tomato,Deshi,FAQ,895.0,1095.0,995.0,6/7/2023
Madhya Pradesh,hoshangabad,Banapura,Wheat,Mill Quality,FAQ,2100.0,2316.0,2288.0,6/7/2023
West Bengal,hooghly,Sheoraphuly,Potato,Jyoti,FAQ,1380.0,1420.0,1400.0,6/7/2023
Kerala,alappuzha,Kayamkulam,Onion,Small,FAQ,6900.0,7100.0,7000.0,6/7/2023
Maharashtra,nashik,Dindori,Onion,Other,FAQ,551.0,1051.0,750.0,6/7/2023
West Bengal,hooghly,Kalipur,Tomato,Hybrid,FAQ,3000.0,3200.0,3100.0,6/7/2023
Punjab,sangrur,Sangrur,Tomato,Tomato,FAQ,200.0,400.0,300.0,6/7/2023
Uttar Pradesh,firozabad,Firozabad,Wheat,Dara,FAQ,2290.0,2350.0,2325.0,6/7/2023
Rajasthan,kota,Ramganjmandi,Wheat,Other,FAQ,2150.0,2281.0,2215.0,6/7/2023
Chattisgarh,rajnandgaon,Rajnandgaon,Tomato,Local,FAQ,2500.0,3500.0,3000.0,6/7/2023
Himachal Pradesh,solan,Solan,Tomato,Other,FAQ,800.0,1000.0,1000.0,6/7/2023
Haryana,jind,Jind,Onion,Other,FAQ,800.0,1200.0,1100.0,6/7/2023
Uttar Pradesh,sambhal,Muradabad,Tomato,Deshi,FAQ,720.0,760.0,740.0,6/7/2023
Madhya Pradesh,damoh,Javera,Wheat,Mill Quality,FAQ,2075.0,2225.0,2150.0,6/7/2023
West Bengal,bankura,Khatra,Wheat,Sonalika,FAQ,2150.0,2300.0,2200.0,6/7/2023
Rajasthan,bhilwara,Bhilwara,Wheat,Other,FAQ,2210.0,2435.0,2280.0,6/7/2023
Uttar Pradesh,bijnor,Nagina,Onion,Red,FAQ,700.0,1500.0,1200.0,6/7/2023
Orissa,sambalpur,Kuchinda,Tomato,Other,FAQ,3400.0,3600.0,3500.0,6/7/2023
Madhya Pradesh,rajgarh,Sarangpur,Wheat,Other,FAQ,1981.0,2308.0,2200.0,6/7/2023
Uttar Pradesh,lucknow,Lucknow,Tomato,Deshi,FAQ,1000.0,1090.0,1050.0,6/7/2023
Maharashtra,ahmednagar,Shevgaon(Bodhegaon),Wheat,Maharashtra 2189,FAQ,2200.0,2300.0,2300.0,6/7/2023
Himachal Pradesh,kangra,Kangra(Jaisinghpur),Potato,Potato,FAQ,1400.0,1500.0,1450.0,6/7/2023
Uttar Pradesh,hardoi,Sandila,Potato,Badshah,FAQ,940.0,1020.0,980.0,6/7/2023
Uttar Pradesh,baghpat,Baraut,Onion,Onion,FAQ,900.0,1000.0,950.0,6/7/2023
Himachal Pradesh,kangra,Kangra(Nagrota Bagwan),Potato,(Red Nanital),FAQ,1200.0,1300.0,1250.0,6/7/2023
Haryana,kurukshetra,Shahabad,Onion,Onion,FAQ,815.0,1300.0,1200.0,6/7/2023
Rajasthan,jalore,Jalore,Potato,Other,FAQ,1000.0,1200.0,1100.0,6/7/2023
Madhya Pradesh,khandwa,Pandhana(F&V),Tomato,Deshi,FAQ,700.0,760.0,750.0,6/7/2023
Maharashtra,sholapur,Mangal Wedha,Onion,Other,FAQ,300.0,1101.0,850.0,6/7/2023
Uttar Pradesh,chandauli,Chandoli,Potato,Desi,FAQ,925.0,1025.0,975.0,6/7/2023
Madhya Pradesh,dhar,Badnawar,Wheat,Lokwan,FAQ,2000.0,2695.0,2210.0,6/7/2023
Madhya Pradesh,sagar,Sagar(F&V),Tomato,Deshi,FAQ,1000.0,1200.0,1100.0,6/7/2023
West Bengal,alipurduar,Falakata,Tomato,Other,FAQ,1600.0,1800.0,1700.0,6/7/2023
Rajasthan,bharatpur,Bayana,Wheat,Other,FAQ,2185.0,2220.0,2202.0,6/7/2023
Uttar Pradesh,barabanki,Safdarganj,Tomato,Hybrid,FAQ,1700.0,1800.0,1750.0,6/7/2023
Uttar Pradesh,bareilly,Bareilly,Wheat,Dara,FAQ,2175.0,2250.0,2200.0,6/7/2023
Assam,lakhimpur,Lakhimpur,Tomato,Deshi,FAQ,950.0,1030.0,980.0,6/7/2023
Maharashtra,nandurbar,Nandurbar,Wheat,Other,FAQ,2100.0,2680.0,2325.0,6/7/2023
Madhya Pradesh,rajgarh,Narsinghgarh,Wheat,147 Average,FAQ,1950.0,2450.0,2250.0,6/7/2023
Kerala,kollam,Kollam,Tomato,Other,FAQ,7000.0,8000.0,7500.0,6/7/2023
Rajasthan,alwar,Barodamev,Wheat,Other,FAQ,2233.0,2238.0,2235.0,6/7/2023
Madhya Pradesh,dhar,Kukshi,Tomato,Tomato,FAQ,800.0,1600.0,1200.0,6/7/2023
Rajasthan,jodhpur,Jodhpur (F&V),Onion,Other,FAQ,400.0,1000.0,700.0,6/7/2023
Uttar Pradesh,meerut,Sardhana,Onion,Red,FAQ,1100.0,1200.0,1150.0,6/7/2023
West Bengal,alipurduar,Alipurduar,Onion,Other,FAQ,1500.0,1700.0,1600.0,6/7/2023
Uttar Pradesh,balrampur,Bariya,Wheat,Local,FAQ,2200.0,2200.0,2200.0,6/7/2023
Uttar Pradesh,rampur,Rampur,Onion,Red,FAQ,1120.0,1200.0,1160.0,6/7/2023
Haryana,panchkula,Panchkul(Kalka),Potato,Other,FAQ,2000.0,3000.0,2500.0,6/7/2023
Uttar Pradesh,hardoi,Sandi,Wheat,Dara,FAQ,2200.0,2300.0,2250.0,6/7/2023
Madhya Pradesh,raisen,Bareli,Wheat,Other,FAQ,2100.0,2269.0,2184.0,6/7/2023
Rajasthan,hanumangarh,Sangriya,Potato,Potato,FAQ,250.0,1500.0,900.0,6/7/2023
Uttar Pradesh,amethi,Sultanpur,Tomato,Deshi,FAQ,1400.0,1600.0,1500.0,6/7/2023
Rajasthan,churu,Sujangarh,Onion,1st Sort,FAQ,1000.0,1200.0,1100.0,6/7/2023
Madhya Pradesh,indore,Sanwer,Onion,Other,FAQ,600.0,800.0,700.0,6/7/2023
Punjab,moga,Baghapurana,Potato,Other,FAQ,600.0,800.0,700.0,6/7/2023
Maharashtra,sangli,"Sangli(Phale, Bhajipura Market)",Potato,Local,FAQ,1200.0,1800.0,1500.0,6/7/2023
Haryana,karnal,Gharaunda,Onion,Other,FAQ,1000.0,1500.0,1500.0,6/7/2023
Maharashtra,dhule,Shirpur,Wheat,Other,FAQ,1851.0,2614.0,2350.0,6/7/2023
Karnataka,bangalore,Bangalore,Potato,Potato,FAQ,1400.0,1800.0,1600.0,6/7/2023
Uttar Pradesh,jhansi,Gurusarai,Tomato,Local,FAQ,940.0,1045.0,990.0,6/7/2023
Punjab,sangrur,Lehra Gaga,Tomato,Other,FAQ,1000.0,1500.0,1500.0,6/7/2023
Rajasthan,rajsamand,Rajsamand,Tomato,Tomato,FAQ,800.0,1000.0,900.0,6/7/2023
Punjab,nawanshahr,Nawan Shahar(Subzi Mandi),Onion,Other,FAQ,900.0,1000.0,950.0,6/7/2023
Uttar Pradesh,jhansi,Mauranipur,Onion,Red,FAQ,960.0,1045.0,1000.0,6/7/2023
Madhya Pradesh,katni,Katni,Wheat,Other,FAQ,2240.0,2344.0,2310.0,6/7/2023
Orissa,keonjhar,Keonjhar(Dhekikote),Potato,Other,FAQ,1800.0,2000.0,2000.0,6/7/2023
Maharashtra,satara,Satara,Onion,Other,FAQ,800.0,1200.0,1000.0,6/7/2023
West Bengal,paschim bardhaman,Asansol,Wheat,Kalyan,FAQ,2650.0,2850.0,2700.0,6/7/2023
Punjab,amritsar,Amritsar(Amritsar Mewa Mandi),Potato,Potato,FAQ,200.0,800.0,600.0,6/7/2023
Kerala,alappuzha,Kayamkulam,Potato,Other,FAQ,2800.0,3000.0,2900.0,6/7/2023
Orissa,bargarh,Bargarh(Barapalli),Potato,Other,FAQ,2000.0,2200.0,2100.0,6/7/2023
Uttar Pradesh,azamgarh,Azamgarh,Onion,Red,FAQ,1085.0,1235.0,1160.0,6/7/2023
Uttar Pradesh,bijnor,Bijnaur,Potato,Desi,FAQ,870.0,970.0,920.0,6/7/2023
Madhya Pradesh,hoshangabad,Bankhedi,Wheat,Other,FAQ,2240.0,2265.0,2250.0,6/7/2023
Haryana,mewat,Nuh,Potato,Other,FAQ,700.0,800.0,800.0,6/7/2023
Uttar Pradesh,badaun,Shahaswan,Onion,Red,FAQ,900.0,1100.0,1000.0,6/7/2023
Uttar Pradesh,hardoi,Hardoi,Tomato,Hybrid,FAQ,980.0,1040.0,1010.0,6/7/2023
Uttar Pradesh,agra,Samsabad,Onion,Red,FAQ,1100.0,1300.0,1200.0,6/7/2023
Uttar Pradesh,firozabad,Firozabad,Onion,Red,FAQ,800.0,960.0,900.0,6/7/2023
Madhya Pradesh,dewas,Sonkatch,Wheat,Other,FAQ,1999.0,2501.0,2250.0,6/7/2023
Uttar Pradesh,sitapur,Sitapur,Potato,Desi,FAQ,860.0,1050.0,980.0,6/7/2023
Haryana,rohtak,Sampla,Tomato,Other,FAQ,1000.0,1000.0,1000.0,6/7/2023
Himachal Pradesh,hamirpur,Hamirpur(Nadaun),Tomato,Other,FAQ,1800.0,2200.0,2000.0,6/7/2023
Rajasthan,hanumangarh,Bhadara,Onion,1st Sort,FAQ,900.0,1000.0,955.0,6/7/2023
Maharashtra,dhule,Dhule,Wheat,Other,FAQ,2100.0,2633.0,2200.0,6/7/2023
Rajasthan,alwar,Laxmangarh (Barodamev),Wheat,Other,FAQ,2231.0,2248.0,2236.0,6/7/2023
Uttar Pradesh,badaun,Bilsi,Potato,Local,FAQ,900.0,950.0,915.0,6/7/2023
Punjab,nawanshahr,Nawan Shahar(Subzi Mandi),Potato,Other,FAQ,700.0,800.0,740.0,6/7/2023
Uttar Pradesh,amroha,Dhanaura,Tomato,Deshi,FAQ,800.0,1000.0,900.0,6/7/2023
Jammu and Kashmir,anantnag,Ashahipora (Anantnagh),Onion,Other,FAQ,1800.0,2000.0,1900.0,6/7/2023
Kerala,ernakulam,Aluva,Onion,Big,FAQ,1600.0,2000.0,1800.0,6/7/2023
West Bengal,hooghly,Pandua,Tomato,Hybrid,FAQ,2600.0,2800.0,2700.0,6/7/2023
Maharashtra,nashik,Satana,Onion,Other,FAQ,110.0,1280.0,675.0,6/7/2023
Madhya Pradesh,jabalpur,Shahpura(Jabalpur),Wheat,Other,FAQ,2216.0,2232.0,2228.0,6/7/2023
Haryana,ambala,Ambala City(Subji Mandi),Potato,Other,FAQ,570.0,685.0,610.0,6/7/2023
Uttar Pradesh,saharanpur,Saharanpur,Tomato,Hybrid,FAQ,630.0,900.0,770.0,6/7/2023
Uttar Pradesh,maharajganj,Anandnagar,Wheat,Dara,FAQ,2125.0,2250.0,2220.0,6/7/2023
Gujarat,kheda,Kapadvanj,Potato,Other,FAQ,800.0,1000.0,900.0,6/7/2023
Kerala,kollam,Chathanoor,Onion,Other,FAQ,2000.0,2400.0,2200.0,6/7/2023
Kerala,alappuzha,Chengannur,Onion,Small,FAQ,6000.0,6700.0,6500.0,6/7/2023
Orissa,rayagada,Rayagada,Potato,Other,FAQ,1400.0,1600.0,1500.0,6/7/2023
Karnataka,chikmagalur,Kadur,Onion,Onion,FAQ,1281.0,1388.0,1281.0,6/7/2023
Jammu & Kashmir,kathua,Kathua,Potato,Potato,FAQ,700.0,800.0,750.0,6/7/2023
Maharashtra,sholapur,Karmala,Wheat,Other,FAQ,2600.0,2700.0,2600.0,6/7/2023
Rajasthan,alwar,Alwar (F&V),Potato,Other,FAQ,1100.0,1500.0,1300.0,6/7/2023
West Bengal,jalpaiguri,Moynaguri,Onion,Other,FAQ,1400.0,1600.0,1500.0,6/7/2023
Uttar Pradesh,jaunpur,Mugrabaadshahpur,Onion,Red,FAQ,1040.0,1240.0,1140.0,6/7/2023
Haryana,panchkula,"New Grain Market , Panchkula",Onion,Other,FAQ,2000.0,3000.0,2500.0,6/7/2023
Punjab,hoshiarpur,Hoshiarpur(Sham Churasi),Potato,Potato,FAQ,1000.0,2000.0,1500.0,6/7/2023
Maharashtra,wardha,Wardha,Wheat,Other,FAQ,2150.0,2395.0,2300.0,6/7/2023
Gujarat,rajkot,Rajkot(Veg.Sub Yard),Onion,Onion,FAQ,550.0,1600.0,950.0,6/7/2023
Rajasthan,bikaner,Sridungargarh,Wheat,Other,FAQ,2200.0,2532.0,2400.0,6/7/2023
Uttar Pradesh,amethi,Jafarganj,Wheat,Dara,FAQ,2280.0,2360.0,2320.0,6/7/2023
Maharashtra,satara,Satara,Potato,Other,FAQ,1300.0,1600.0,1450.0,6/7/2023
Orissa,dhenkanal,Kamakhyanagar,Tomato,Tomato,FAQ,3000.0,3500.0,3000.0,6/7/2023
Himachal Pradesh,una,Una,Tomato,Tomato,FAQ,1000.0,2000.0,1500.0,6/7/2023
West Bengal,nadia,Kalyani,Potato,Jyoti,FAQ,1460.0,1480.0,1470.0,6/7/2023
Uttar Pradesh,etawah,Jasvantnagar,Onion,Red,FAQ,1200.0,1300.0,1250.0,6/7/2023
Madhya Pradesh,dewas,Dewas(F&V),Tomato,Other,FAQ,300.0,1100.0,700.0,6/7/2023
Gujarat,gandhinagar,"Kalol(Veg,Market,Kalol)",Tomato,Other,FAQ,1000.0,1750.0,1500.0,6/7/2023
Kerala,thiruvananthapuram,Pothencode,Tomato,Other,FAQ,17500.0,17580.0,17540.0,6/7/2023
Orissa,kendrapara,Chatta Krushak Bazar,Tomato,Tomato,FAQ,2000.0,2500.0,2500.0,6/7/2023
Andhra Pradesh,medak,Siddipet(Rythu Bazar),Potato,(Red Nanital),FAQ,1600.0,2400.0,2000.0,6/7/2023
West Bengal,jalpaiguri,Belacoba,Onion,Other,FAQ,1500.0,1700.0,1600.0,6/7/2023
Rajasthan,hanumangarh,Hanumangarh,Tomato,Deshi,FAQ,1700.0,1700.0,1700.0,6/7/2023
Maharashtra,mumbai,Vashi New Mumbai,Onion,Other,FAQ,800.0,1500.0,1150.0,6/7/2023
Orissa,bargarh,Bargarh(Barapalli),Tomato,Other,FAQ,1200.0,1400.0,1300.0,6/7/2023
Uttar Pradesh,basti,Basti,Tomato,Hybrid,FAQ,1090.0,1190.0,1140.0,6/7/2023
Madhya Pradesh,shajapur,Susner,Wheat,Other,FAQ,2060.0,2218.0,2125.0,6/7/2023
Rajasthan,alwar,Alwar (F&V),Onion,Other,FAQ,1200.0,1600.0,1400.0,6/7/2023
Jammu & Kashmir,jammu,Narwal Jammu (F&V),Tomato,Other,FAQ,1000.0,1200.0,1100.0,6/7/2023
Haryana,karnal,"New Grain Market(main), Karnal",Potato,Other,FAQ,700.0,1000.0,850.0,6/7/2023
Madhya Pradesh,khargone,Sanawad,Tomato,Deshi,FAQ,1600.0,2000.0,1800.0,6/7/2023
Kerala,malappuram,Thirurrangadi,Tomato,Other,FAQ,2100.0,2100.0,2100.0,6/7/2023
Himachal Pradesh,solan,Solan,Onion,Other,FAQ,1000.0,1800.0,1500.0,6/7/2023
Madhya Pradesh,shivpuri,Pohari,Wheat,Mill Quality,FAQ,2175.0,2220.0,2185.0,6/7/2023
Uttar Pradesh,bulandshahar,Gulavati,Potato,Other,FAQ,700.0,800.0,750.0,6/7/2023
Uttar Pradesh,saharanpur,Deoband,Onion,Red,FAQ,1000.0,1200.0,1100.0,6/7/2023
Haryana,sonipat,Sonepat,Potato,Other,FAQ,1100.0,1200.0,1100.0,6/7/2023
Gujarat,amreli,Savarkundla,Wheat,Lokwan,FAQ,2125.0,2675.0,2400.0,6/7/2023
Uttar Pradesh,maharajganj,Nautnava,Potato,Desi,FAQ,700.0,800.0,750.0,6/7/2023
Uttar Pradesh,mainpuri,Ghiraur,Potato,Local,FAQ,725.0,925.0,825.0,6/7/2023
Uttar Pradesh,ghaziabad,Ghaziabad,Potato,Desi,FAQ,1100.0,1200.0,1150.0,6/7/2023
Uttar Pradesh,firozabad,Tundla,Wheat,Dara,FAQ,2300.0,2345.0,2325.0,6/7/2023
Rajasthan,hanumangarh,Goluwala,Potato,(Red Nanital),FAQ,1000.0,1000.0,1000.0,6/7/2023
Rajasthan,bharatpur,Bayana,Tomato,Other,FAQ,820.0,820.0,820.0,6/7/2023
West Bengal,hooghly,Champadanga,Tomato,Hybrid,FAQ,3100.0,3300.0,3200.0,6/7/2023
Orissa,keonjhar,Saharpada,Onion,Other,FAQ,2200.0,2500.0,2200.0,6/7/2023
Uttar Pradesh,amroha,Amroha,Wheat,Dara,FAQ,2200.0,2220.0,2210.0,6/7/2023
Himachal Pradesh,hamirpur,Muskara,Onion,Red,FAQ,950.0,1000.0,970.0,6/7/2023
Madhya Pradesh,dhar,Manawar,Tomato,Deshi,FAQ,878.0,1078.0,978.0,6/7/2023
Orissa,jharsuguda,Jharsuguda,Potato,Other,FAQ,2000.0,2500.0,2000.0,6/7/2023
Himachal Pradesh,hamirpur,Maudaha,Tomato,Deshi,FAQ,1000.0,1050.0,1025.0,6/7/2023
Uttar Pradesh,mirzapur,Mirzapur,Onion,Red,FAQ,1080.0,1200.0,1125.0,6/7/2023
Kerala,ernakulam,Ernakulam,Onion,Big,FAQ,5900.0,6200.0,6200.0,6/7/2023
Himachal Pradesh,mandi,Mandi(Takoli),Potato,Other,FAQ,1000.0,1200.0,1100.0,6/7/2023
Uttar Pradesh,mathura,Mathura,Tomato,Deshi,FAQ,800.0,1030.0,950.0,6/7/2023
Kerala,malappuram,Parappanangadi,Onion,Other,FAQ,1800.0,1800.0,1800.0,6/7/2023
Uttar Pradesh,ghazipur,Jangipura,Tomato,Hybrid,FAQ,900.0,950.0,925.0,6/7/2023
Uttar Pradesh,maharajganj,Partaval,Potato,Desi,FAQ,850.0,1100.0,965.0,6/7/2023
Kerala,malappuram,Parappanangadi,Potato,Other,FAQ,2000.0,2000.0,2000.0,6/7/2023
Andhra Pradesh,mahbubnagar,Kalwakurthy,Tomato,Local,FAQ,800.0,2800.0,1800.0,6/7/2023
Uttar Pradesh,ghazipur,Jangipura,Wheat,Dara,FAQ,2130.0,2190.0,2160.0,6/7/2023
Madhya Pradesh,dewas,Loharda,Wheat,Lokwan,FAQ,2050.0,2650.0,2350.0,6/7/2023
Kerala,malappuram,Kondotty,Potato,Other,FAQ,2300.0,2500.0,2400.0,6/7/2023
Madhya Pradesh,ujjain,Ujjain,Wheat,Other,FAQ,2025.0,2821.0,2413.0,6/7/2023
West Bengal,nadia,Kalyani,Onion,Onion,FAQ,1200.0,1400.0,1300.0,6/7/2023
Uttar Pradesh,bulandshahar,Siyana,Potato,Desi,FAQ,650.0,700.0,680.0,6/7/2023
Rajasthan,tonk,Uniyara,Wheat,Other,FAQ,2221.0,2228.0,2224.0,6/7/2023
Uttar Pradesh,jaunpur,Jaunpur,Tomato,Hybrid,FAQ,950.0,1050.0,1000.0,6/7/2023
Madhya Pradesh,sagar,Shahagarh,Wheat,Mill Quality,FAQ,2150.0,2240.0,2200.0,6/7/2023
Gujarat,surat,Surat,Onion,Other,FAQ,500.0,1300.0,900.0,6/7/2023
Uttar Pradesh,badaun,Shahaswan,Tomato,Deshi,FAQ,800.0,1000.0,900.0,6/7/2023
Rajasthan,hanumangarh,Bhadara,Tomato,Deshi,FAQ,800.0,1000.0,857.0,6/7/2023
West Bengal,nadia,Chakdah,Onion,Other,FAQ,1500.0,1650.0,1600.0,6/7/2023
Maharashtra,sholapur,Mangal Wedha,Tomato,Other,FAQ,500.0,1900.0,1100.0,6/7/2023
Punjab,amritsar,Mehta,Tomato,Deshi,FAQ,600.0,600.0,600.0,6/7/2023
Haryana,panchkula,Raipur Rai,Potato,Other,FAQ,400.0,600.0,400.0,6/7/2023
Karnataka,bidar,Bidar,Wheat,Red,FAQ,2200.0,3300.0,3000.0,6/7/2023
Punjab,jalandhar,Noor Mehal,Tomato,Other,FAQ,1000.0,1000.0,1000.0,6/7/2023
Himachal Pradesh,shimla,Shimla and Kinnaur(Rampur),Tomato,Other,FAQ,2500.0,3000.0,2700.0,6/7/2023
Madhya Pradesh,indore,Sanwer,Tomato,Other,FAQ,2000.0,2650.0,2250.0,6/7/2023
Uttar Pradesh,amethi,Sultanpur,Onion,Red,FAQ,1150.0,1270.0,1210.0,6/7/2023
Rajasthan,dausa,Mandawari,Wheat,Other,FAQ,2140.0,2250.0,2220.0,6/7/2023
Madhya Pradesh,vidisha,Shamshabad,Wheat,Lok -1 (Nilami Rate),FAQ,2040.0,2287.0,2140.0,6/7/2023
Uttar Pradesh,hardoi,Sandila,Onion,Red,FAQ,1050.0,1130.0,1090.0,6/7/2023
Madhya Pradesh,dhar,Manawar,Potato,Other,FAQ,1230.0,1430.0,1330.0,6/7/2023
Jammu & Kashmir,jammu,Akhnoor,Onion,Other,FAQ,1300.0,1500.0,1400.0,6/7/2023
Maharashtra,jalgaon,Bhusaval,Onion,Red,FAQ,600.0,600.0,600.0,6/7/2023
Uttar Pradesh,badaun,Bilsi,Wheat,Local,FAQ,2200.0,2300.0,2270.0,6/7/2023
Madhya Pradesh,sheopur,Sheopurkalan,Wheat,Other,FAQ,1861.0,2253.0,2209.0,6/7/2023
Haryana,yamuna nagar,Radaur,Potato,Other,FAQ,650.0,900.0,800.0,6/7/2023
Rajasthan,sikar,Sikar,Tomato,Deshi,FAQ,300.0,1000.0,700.0,6/7/2023
Madhya Pradesh,satna,Amarpatan,Wheat,Other,FAQ,2228.0,2245.0,2240.0,6/7/2023
Uttar Pradesh,deoria,Barhaj,Potato,Desi,FAQ,970.0,990.0,980.0,6/7/2023
Madhya Pradesh,jabalpur,Sihora,Wheat,Mill Quality,FAQ,2187.0,3200.0,2222.0,6/7/2023
Haryana,mewat,Tauru,Onion,Other,FAQ,1300.0,1300.0,1300.0,6/7/2023
Karnataka,davangere,Davangere,Onion,Onion,FAQ,300.0,1300.0,850.0,6/7/2023
Uttar Pradesh,mirzapur,Mirzapur,Tomato,Hybrid,FAQ,900.0,1000.0,950.0,6/7/2023
Chattisgarh,durg,Durg,Tomato,Tomato,FAQ,2800.0,3200.0,3000.0,6/7/2023
Kerala,alappuzha,Mannar,Onion,Small,FAQ,6000.0,6500.0,6400.0,6/7/2023
Uttar Pradesh,auraiya,Achalda,Wheat,Dara,FAQ,2140.0,2340.0,2240.0,6/7/2023
Kerala,kollam,Punalur,Onion,Onion,FAQ,2600.0,3000.0,2800.0,6/7/2023
Andhra Pradesh,hyderabad,Erragadda(Rythu Bazar),Tomato,Deshi,FAQ,3300.0,3300.0,3300.0,6/7/2023
Haryana,rohtak,Meham,Tomato,Deshi,FAQ,500.0,500.0,500.0,6/7/2023
Maharashtra,nagpur,Nagpur,Tomato,Local,FAQ,3500.0,4000.0,3875.0,6/7/2023
Karnataka,bangalore,Bangalore,Onion,Local,FAQ,800.0,1000.0,900.0,6/7/2023
Punjab,muktsar,Bariwala,Potato,Other,FAQ,800.0,800.0,800.0,6/7/2023
Uttar Pradesh,meerut,Meerut,Tomato,Local,FAQ,600.0,910.0,825.0,6/7/2023
Maharashtra,sholapur,Barshi,Wheat,Other,FAQ,2100.0,2600.0,2500.0,6/7/2023
Chattisgarh,rajnandgaon,Rajnandgaon,Potato,Potato,FAQ,800.0,1200.0,1000.0,6/7/2023
Madhya Pradesh,vidisha,Sironj,Wheat,Other,FAQ,2050.0,3910.0,2530.0,6/7/2023
Madhya Pradesh,ratlam,A lot,Wheat,Medium,FAQ,1876.0,2362.0,2230.0,6/7/2023
Rajasthan,churu,Sujangarh,Potato,(Red Nanital),FAQ,700.0,900.0,800.0,6/7/2023
Uttar Pradesh,badaun,Wazirganj,Potato,Desi,FAQ,850.0,950.0,900.0,6/7/2023
Uttar Pradesh,etah,Etah,Onion,Red,FAQ,900.0,1200.0,985.0,6/7/2023
Karnataka,mandya,Mandya,Tomato,Tomato,FAQ,1000.0,2000.0,1000.0,6/7/2023
Orissa,keonjhar,Keonjhar(Dhekikote),Onion,Other,FAQ,2000.0,2200.0,2200.0,6/7/2023
Andhra Pradesh,nalgonda,Miryalguda(Rythu Bazar),Tomato,Deshi,FAQ,3400.0,3400.0,3400.0,6/7/2023
Kerala,idukki,Vandiperiyar,Tomato,Other,FAQ,1564.0,1564.0,1564.0,6/7/2023
Punjab,hoshiarpur,Mukerian(Talwara),Onion,Onion,FAQ,1200.0,1400.0,1300.0,6/7/2023
Uttar Pradesh,shahjahanpur,Tilhar,Potato,Potato,FAQ,620.0,680.0,650.0,6/7/2023
Madhya Pradesh,chhindwara,Chhindwara(F&V),Potato,Desi,FAQ,1100.0,1400.0,1300.0,6/7/2023
Maharashtra,ahmednagar,Shrirampur,Tomato,Other,FAQ,1000.0,2000.0,1500.0,6/7/2023
Karnataka,chikmagalur,Kadur,Tomato,Tomato,FAQ,1316.0,1665.0,1388.0,6/7/2023
Gujarat,rajkot,Jasdan,Wheat,2189 No. 2,FAQ,2000.0,2650.0,2140.0,6/7/2023
Uttar Pradesh,gorakhpur,Chorichora,Onion,Red,FAQ,1000.0,1200.0,1125.0,6/7/2023
Andhra Pradesh,nalgonda,Venkateswarnagar,Potato,Local,FAQ,1800.0,1800.0,1800.0,6/7/2023
West Bengal,nadia,Bethuadahari,Onion,Dry F.A.Q.,FAQ,1600.0,1800.0,1700.0,6/7/2023
Meghalaya,east khasi hills,Shillong,Tomato,Hybrid,FAQ,1200.0,1600.0,1400.0,6/7/2023
Gujarat,amreli,Amreli,Wheat,Rajasthan Tukdi,FAQ,2125.0,2990.0,2330.0,6/7/2023
Madhya Pradesh,betul,Betul,Wheat,Lokwan,FAQ,2150.0,2500.0,2296.0,6/7/2023
Himachal Pradesh,mandi,Mandi(Mandi),Tomato,Tomato,FAQ,1200.0,1500.0,1400.0,6/7/2023
Madhya Pradesh,indore,Mhow,Potato,Other,FAQ,200.0,700.0,400.0,6/7/2023
Haryana,kurukshetra,Shahabad,Potato,Potato,FAQ,550.0,900.0,700.0,6/7/2023
Rajasthan,udaipur,Udaipur (F&V),Potato,Other,FAQ,800.0,1200.0,1000.0,6/7/2023
Punjab,moga,Moga,Potato,Other,FAQ,450.0,1000.0,750.0,6/7/2023
Haryana,kaithal,Siwan,Potato,Other,FAQ,1200.0,1200.0,1200.0,6/7/2023
Maharashtra,satara,Phaltan,Tomato,Other,FAQ,350.0,2000.0,1067.0,6/7/2023
Uttar Pradesh,sambhal,Muradabad,Potato,Desi,FAQ,910.0,950.0,935.0,6/7/2023
Uttar Pradesh,lalitpur,Lalitpur,Onion,Red,FAQ,950.0,1020.0,980.0,6/7/2023
Maharashtra,amarawati,Amrawati(Frui & Veg. Market),Potato,Local,FAQ,900.0,1500.0,1200.0,6/7/2023
Haryana,sonipat,Gohana,Tomato,Tomato,FAQ,800.0,1000.0,800.0,6/7/2023
Uttar Pradesh,bulandshahar,Sikarpur,Tomato,Deshi,FAQ,500.0,700.0,600.0,6/7/2023
Maharashtra,nagpur,Nagpur,Tomato,Other,FAQ,4000.0,4500.0,4350.0,6/7/2023
Maharashtra,nashik,Kalvan,Onion,Other,FAQ,125.0,1450.0,801.0,6/7/2023
Uttar Pradesh,banda,Baberu,Wheat,Dara,FAQ,2125.0,2225.0,2225.0,6/7/2023
Karnataka,bidar,Basava Kalayana,Wheat,Mexican,FAQ,2200.0,2350.0,2300.0,6/7/2023
Haryana,rohtak,Sampla,Potato,Other,FAQ,1500.0,1500.0,1500.0,6/7/2023
Madhya Pradesh,rewa,Baikunthpur,Wheat,Dara Mill Quality,FAQ,2150.0,2290.0,2270.0,6/7/2023
Andhra Pradesh,mahbubnagar,Shadnagar,Tomato,Deshi,FAQ,2000.0,2900.0,2500.0,6/7/2023
Maharashtra,ahmednagar,Rahuri(Vambori),Wheat,Other,FAQ,2300.0,2400.0,2350.0,6/7/2023
Maharashtra,nanded,Kandhar,Wheat,Other,FAQ,1600.0,20000.0,1800.0,6/7/2023
Uttar Pradesh,banda,Banda,Onion,Red,FAQ,900.0,1060.0,975.0,6/7/2023
Uttar Pradesh,gorakhpur,Sehjanwa,Onion,Red,FAQ,1165.0,1175.0,1170.0,6/7/2023
West Bengal,birbhum,Rampurhat,Potato,Jyoti,FAQ,1080.0,1180.0,1130.0,6/7/2023
Punjab,patiala,Nabha,Tomato,Other,FAQ,400.0,700.0,560.0,6/7/2023
Uttar Pradesh,bulandshahar,Sikarpur,Potato,Potato,FAQ,650.0,900.0,750.0,6/7/2023
Kerala,kottayam,Kuruppanthura,Onion,Big,FAQ,2500.0,3500.0,3000.0,6/7/2023
Uttar Pradesh,etawah,Bharthna,Wheat,Dara,FAQ,2180.0,2280.0,2230.0,6/7/2023
Uttar Pradesh,aligarh,Charra,Tomato,Deshi,FAQ,700.0,800.0,760.0,6/7/2023
Uttar Pradesh,ballia,Ballia,Wheat,Dara,FAQ,2115.0,2250.0,2175.0,6/7/2023
Madhya Pradesh,ratlam,Sailana,Wheat,Other,FAQ,1970.0,2711.0,2070.0,6/7/2023
Rajasthan,baran,Atru,Wheat,Other,FAQ,2071.0,2477.0,2274.0,6/7/2023
Madhya Pradesh,ujjain,Badnagar,Wheat,Other,FAQ,2015.0,2510.0,2350.0,6/7/2023
Haryana,ambala,Barara,Potato,Other,FAQ,600.0,600.0,600.0,6/7/2023
Uttar Pradesh,aligarh,Charra,Potato,Desi,FAQ,850.0,950.0,900.0,6/7/2023
Jammu & Kashmir,kathua,Kathua,Onion,Other,FAQ,1300.0,1400.0,1350.0,6/7/2023
Haryana,palwal,Palwal,Onion,Onion,FAQ,800.0,1100.0,950.0,6/7/2023
Rajasthan,kota,Kota (F&V),Tomato,Other,FAQ,500.0,1500.0,900.0,6/7/2023
Delhi,delhi,Shahdara,Tomato,Tomato,FAQ,800.0,1500.0,1000.0,6/7/2023
West Bengal,kolkata,Sealdah Koley Market,Tomato,Other,FAQ,3600.0,4400.0,4000.0,6/7/2023
Maharashtra,nashik,Chandvad,Onion,Other,FAQ,200.0,1335.0,780.0,6/7/2023
Madhya Pradesh,sagar,Sagar(F&V),Potato,Other,FAQ,1000.0,1200.0,1100.0,6/7/2023
Uttar Pradesh,agra,Samsabad,Potato,Potato,FAQ,600.0,800.0,700.0,6/7/2023
Punjab,patiala,Patran,Tomato,Other,FAQ,300.0,3500.0,560.0,6/7/2023
Maharashtra,jalgaon,Jalgaon,Onion,Red,FAQ,250.0,1100.0,680.0,6/7/2023
Maharashtra,ahmednagar,Rahata,Wheat,Other,FAQ,2100.0,2525.0,2321.0,6/7/2023
Haryana,kaithal,Kaithal,Onion,1st Sort,FAQ,700.0,1200.0,950.0,6/7/2023
Punjab,muktsar,Malout,Onion,Onion,FAQ,700.0,1000.0,800.0,6/7/2023
Orissa,keonjhar,Saharpada,Tomato,Other,FAQ,2500.0,2500.0,2500.0,6/7/2023
Madhya Pradesh,sagar,Deori,Wheat,Local,FAQ,2150.0,2150.0,2150.0,6/7/2023
Uttar Pradesh,firozabad,Tundla,Potato,Local,FAQ,840.0,870.0,850.0,6/7/2023
West Bengal,nadia,Nadia,Onion,Other,FAQ,1400.0,1500.0,1450.0,6/7/2023
Haryana,sirsa,Sirsa,Onion,Other,FAQ,800.0,1250.0,1000.0,6/7/2023
Uttar Pradesh,etawah,Jasvantnagar,Potato,Potato,FAQ,800.0,1000.0,900.0,6/7/2023
Himachal Pradesh,una,Una,Potato,Potato,FAQ,1000.0,1300.0,1150.0,6/7/2023
Karnataka,gadag,Gadag,Wheat,White,FAQ,2044.0,5915.0,2885.0,6/7/2023
Andhra Pradesh,nalgonda,Venkateswarnagar,Tomato,Local,FAQ,2000.0,2000.0,2000.0,6/7/2023
Kerala,kottayam,Ettumanoor,Onion,Onion,FAQ,6300.0,6700.0,6500.0,6/7/2023
Maharashtra,nagpur,Nagpur,Onion,White,FAQ,600.0,1200.0,1050.0,6/7/2023
Haryana,sonipat,Ganaur,Tomato,Tomato,FAQ,1200.0,1500.0,1400.0,6/7/2023
Haryana,palwal,Palwal,Tomato,Tomato,FAQ,800.0,1000.0,900.0,6/7/2023
Nagaland,mokokchung,Mokokchung Town,Potato,Other,FAQ,1500.0,2500.0,2000.0,6/7/2023
Uttar Pradesh,rampur,Shahabad,Wheat,Other,FAQ,2130.0,2170.0,2150.0,6/7/2023
Punjab,patiala,Rajpura,Potato,Other,FAQ,500.0,900.0,700.0,6/7/2023
Rajasthan,ajmer,Madanganj Kishangarh,Wheat,Other,FAQ,2140.0,2576.0,2500.0,6/7/2023
Kerala,alappuzha,Mannar,Potato,Other,FAQ,2000.0,2200.0,2100.0,6/7/2023
Uttar Pradesh,jhansi,Mauranipur,Potato,Desi,FAQ,985.0,1080.0,1035.0,6/7/2023
Uttar Pradesh,barabanki,Barabanki,Potato,Desi,FAQ,1020.0,1120.0,1070.0,6/7/2023
Punjab,patiala,Nabha,Onion,Other,FAQ,800.0,1300.0,1000.0,6/7/2023
Madhya Pradesh,bhopal,Bhopal(F&V),Tomato,Other,FAQ,500.0,1000.0,700.0,6/7/2023
Uttar Pradesh,gonda,Nawabganj,Tomato,Hybrid,FAQ,1670.0,1730.0,1700.0,6/7/2023
Andhra Pradesh,hyderabad,L B Nagar,Tomato,Deshi,FAQ,1600.0,2600.0,2100.0,6/7/2023
Himachal Pradesh,kangra,Palampur,Tomato,Tomato,FAQ,1400.0,1500.0,1450.0,6/7/2023
Himachal Pradesh,kangra,Kangra,Onion,Other,FAQ,1700.0,1800.0,1750.0,6/7/2023
Himachal Pradesh,kullu,Bhuntar,Tomato,Other,FAQ,1000.0,1200.0,1100.0,6/7/2023
Uttar Pradesh,ghaziabad,Noida,Tomato,Hybrid,FAQ,600.0,900.0,850.0,6/7/2023
Punjab,patiala,Dudhansadhan,Tomato,Other,FAQ,700.0,900.0,800.0,6/7/2023
Rajasthan,sikar,Sikar,Onion,1st Sort,FAQ,330.0,1000.0,475.0,6/7/2023
Uttar Pradesh,aligarh,Khair,Onion,Red,FAQ,1050.0,1130.0,1090.0,6/7/2023
Haryana,panchkula,Raipur Rai,Potato,Other,FAQ,400.0,500.0,400.0,6/8/2023
West Bengal,bankura,Khatra,Wheat,Sonalika,FAQ,2150.0,2300.0,2200.0,6/8/2023
Uttar Pradesh,hardoi,Madhoganj,Wheat,Dara,FAQ,2250.0,2300.0,2270.0,6/8/2023
Madhya Pradesh,shivpuri,Khatora,Wheat,Other,FAQ,2181.0,2325.0,2190.0,6/8/2023
Uttar Pradesh,balrampur,Balrampur,Wheat,Dara,FAQ,2200.0,2400.0,2300.0,6/8/2023
Madhya Pradesh,rajgarh,Jeerapur,Wheat,Other,FAQ,1800.0,2260.0,2000.0,6/8/2023
Uttar Pradesh,ghazipur,Gazipur,Onion,Red,FAQ,1090.0,1150.0,1120.0,6/8/2023
Maharashtra,ahmednagar,Rahata,Wheat,Other,FAQ,2250.0,2412.0,2331.0,6/8/2023
Madhya Pradesh,sagar,Sagar(F&V),Onion,Other,FAQ,600.0,800.0,700.0,6/8/2023
Haryana,yamuna nagar,Radaur,Potato,Other,FAQ,750.0,900.0,800.0,6/8/2023
Maharashtra,wardha,Pulgaon,Wheat,Other,FAQ,2300.0,2315.0,2310.0,6/8/2023
Haryana,faridabad,"New Grain Market , Faridabad",Onion,Onion,FAQ,800.0,1500.0,1150.0,6/8/2023
Madhya Pradesh,chhindwara,Chhindwara(F&V),Potato,Desi,FAQ,1100.0,1300.0,1200.0,6/8/2023
Maharashtra,nagpur,Savner,Wheat,Other,FAQ,2050.0,2519.0,2350.0,6/8/2023
Maharashtra,wardha,Hinganghat,Wheat,Other,FAQ,1600.0,2330.0,2000.0,6/8/2023
Karnataka,bangalore,Bangalore,Potato,Potato,FAQ,1400.0,1800.0,1600.0,6/8/2023
Punjab,hoshiarpur,Garh Shankar(Mahalpur),Potato,Potato,FAQ,700.0,900.0,800.0,6/8/2023
Madhya Pradesh,rajgarh,Biaora,Wheat,Other,FAQ,2120.0,2330.0,2225.0,6/8/2023
Gujarat,anand,Khambhat(Grain Market),Wheat,Other,FAQ,2075.0,2325.0,2200.0,6/8/2023
Madhya Pradesh,harda,Harda,Wheat,MP(Desi),FAQ,2025.0,2311.0,2280.0,6/8/2023
Karnataka,udupi,Udupi,Potato,Potato,FAQ,1600.0,1800.0,1700.0,6/8/2023
Madhya Pradesh,hoshangabad,Pipariya,Onion,Onion,FAQ,300.0,1200.0,650.0,6/8/2023
Uttar Pradesh,jhansi,Gurusarai,Wheat,Dara,FAQ,2200.0,2250.0,2250.0,6/8/2023
West Bengal,jalpaiguri,Moynaguri,Potato,Jyoti,FAQ,1100.0,1300.0,1200.0,6/8/2023
Haryana,rohtak,Meham,Onion,Other,FAQ,1000.0,1000.0,1000.0,6/8/2023
West Bengal,nadia,Kalyani,Onion,Onion,FAQ,1500.0,1700.0,1600.0,6/8/2023
Chattisgarh,rajnandgaon,Rajnandgaon,Onion,Onion,FAQ,800.0,1200.0,1000.0,6/8/2023
West Bengal,alipurduar,Falakata,Onion,Other,FAQ,1500.0,1600.0,1550.0,6/8/2023
Kerala,alappuzha,Aroor,Onion,Big,FAQ,1700.0,1900.0,1800.0,6/8/2023
Punjab,jalandhar,Lohian Khas,Potato,Other,FAQ,400.0,600.0,500.0,6/8/2023
Uttar Pradesh,gonda,Nawabganj,Wheat,Dara,FAQ,2300.0,2340.0,2320.0,6/8/2023
Orissa,keonjhar,Keonjhar,Onion,Other,FAQ,2000.0,2200.0,2200.0,6/8/2023
Kerala,ernakulam,Ernakulam,Onion,Big,FAQ,5900.0,6500.0,6200.0,6/8/2023
Madhya Pradesh,shajapur,Kalapipal,Onion,Other,FAQ,100.0,1300.0,600.0,6/8/2023
Haryana,ambala,Naraingarh,Potato,Potato,FAQ,600.0,800.0,750.0,6/8/2023
Uttar Pradesh,mainpuri,Mainpuri,Potato,Local,FAQ,730.0,920.0,840.0,6/8/2023
West Bengal,nadia,Nadia,Potato,Jyoti,FAQ,1450.0,1490.0,1470.0,6/8/2023
Haryana,faridabad,"New Grain Market , Faridabad",Potato,Other,FAQ,700.0,1300.0,1000.0,6/8/2023
Maharashtra,nashik,Kalvan,Onion,Other,FAQ,150.0,1550.0,851.0,6/8/2023
Himachal Pradesh,hamirpur,Muskara,Onion,Red,FAQ,950.0,1000.0,975.0,6/8/2023
Kerala,malappuram,Thirurrangadi,Onion,Other,FAQ,1800.0,1890.0,1800.0,6/8/2023
Madhya Pradesh,chhindwara,Chhindwara(F&V),Onion,Red,FAQ,500.0,800.0,600.0,6/8/2023
Karnataka,hassan,Hassan,Onion,Other,FAQ,750.0,1320.0,1000.0,6/8/2023
Madhya Pradesh,gwalior,Lashkar,Wheat,Mill Quality,FAQ,2125.0,2270.0,2198.0,6/8/2023
Rajasthan,dausa,Bandikui,Wheat,Other,FAQ,2060.0,2250.0,2155.0,6/8/2023
Uttar Pradesh,amroha,Dhanaura,Wheat,Dara,FAQ,2125.0,2150.0,2135.0,6/8/2023
Maharashtra,pune,Junnar,Potato,Local,FAQ,900.0,1400.0,1000.0,6/8/2023
Madhya Pradesh,bhopal,Bhopal,Wheat,Lokwan MP No. 1,FAQ,2471.0,2695.0,2500.0,6/8/2023
Himachal Pradesh,hamirpur,Maudaha,Potato,Desi,FAQ,1000.0,1115.0,1080.0,6/8/2023
Gujarat,rajkot,Rajkot(Veg.Sub Yard),Onion,Onion,FAQ,500.0,1450.0,850.0,6/8/2023
Punjab,hoshiarpur,Mukerian(Talwara),Onion,Onion,FAQ,1200.0,1400.0,1300.0,6/8/2023
Haryana,panipat,Panipat,Onion,Other,FAQ,600.0,800.0,750.0,6/8/2023
Kerala,malappuram,Parappanangadi,Potato,Other,FAQ,2400.0,2600.0,2500.0,6/8/2023
Punjab,sangrur,Dhuri,Onion,Other,FAQ,1100.0,1250.0,1200.0,6/8/2023
Madhya Pradesh,panna,Pawai,Wheat,147 Average,FAQ,2300.0,2300.0,2300.0,6/8/2023
Madhya Pradesh,shivpuri,Pichhour,Wheat,Other,FAQ,2150.0,2210.0,2180.0,6/8/2023
Maharashtra,jalgaon,Chopada,Wheat,Other,FAQ,2401.0,2852.0,2500.0,6/8/2023
Rajasthan,hanumangarh,Hanumangarh Town,Potato,(Red Nanital),FAQ,800.0,800.0,800.0,6/8/2023
Chhattisgarh,bilaspur,Bilaspur,Wheat,Local,FAQ,2389.0,2412.0,2389.0,6/8/2023
Nagaland,kohima,Jalukie,Onion,1st Sort,FAQ,10500.0,10700.0,10600.0,6/8/2023
Uttar Pradesh,sambhal,Sambhal,Potato,Desi,FAQ,600.0,680.0,650.0,6/8/2023
Uttar Pradesh,ghaziabad,Noida,Onion,Red,FAQ,950.0,1300.0,1230.0,6/8/2023
Maharashtra,nashik,Lasalgaon(Niphad),Onion,Other,FAQ,400.0,1100.0,700.0,6/8/2023
Uttar Pradesh,ghaziabad,Hapur,Potato,Desi,FAQ,1060.0,1200.0,1100.0,6/8/2023
Madhya Pradesh,chhatarpur,Badamalhera,Wheat,Other,FAQ,2125.0,2210.0,2128.0,6/8/2023
Uttar Pradesh,banda,Banda,Potato,Desi,FAQ,1000.0,1120.0,1050.0,6/8/2023
Madhya Pradesh,ujjain,Badnagar,Wheat,Lokwan,FAQ,2000.0,2499.0,2345.0,6/8/2023
Uttar Pradesh,rampur,Milak,Potato,Local,FAQ,880.0,975.0,925.0,6/8/2023
Uttar Pradesh,ghaziabad,Noida,Wheat,Dara,FAQ,2070.0,2300.0,2300.0,6/8/2023
Maharashtra,ahmednagar,Rahuri(Vambori),Onion,Other,FAQ,100.0,1100.0,600.0,6/8/2023
Haryana,sirsa,Sirsa,Potato,Other,FAQ,500.0,2200.0,800.0,6/8/2023
Madhya Pradesh,neemuch,Javad,Wheat,Other,FAQ,2054.0,2054.0,2054.0,6/8/2023
Maharashtra,satara,Satara,Onion,Other,FAQ,800.0,1200.0,1000.0,6/8/2023
Madhya Pradesh,sagar,Bamora,Wheat,Other,FAQ,1961.0,2740.0,2131.0,6/8/2023
West Bengal,hooghly,Pandua,Potato,Jyoti,FAQ,1340.0,1380.0,1360.0,6/8/2023
Uttar Pradesh,auraiya,Achalda,Wheat,Dara,FAQ,2200.0,2300.0,2240.0,6/8/2023
Uttar Pradesh,etah,Aliganj,Wheat,Dara,FAQ,2200.0,2225.0,2210.0,6/8/2023
Haryana,rewari,Kosli,Onion,Other,FAQ,800.0,1000.0,1000.0,6/8/2023
Maharashtra,pune,Junnar(Narayangaon),Onion,Other,FAQ,300.0,500.0,400.0,6/8/2023
Uttar Pradesh,shahjahanpur,Puwaha,Wheat,Dara,FAQ,2120.0,2320.0,2220.0,6/8/2023
Haryana,jind,Safidon,Potato,Other,FAQ,1000.0,1000.0,1000.0,6/8/2023
Madhya Pradesh,dhar,Kukshi,Potato,Potato,FAQ,800.0,1200.0,1000.0,6/8/2023
Madhya Pradesh,sagar,Rahatgarh,Wheat,Other,FAQ,2150.0,2250.0,2200.0,6/8/2023
Haryana,mewat,Punhana,Onion,Other,FAQ,1000.0,1100.0,1100.0,6/8/2023
Madhya Pradesh,indore,Indore(F&V),Potato,Desi,FAQ,600.0,1500.0,900.0,6/8/2023
Uttar Pradesh,agra,Jagnair,Potato,Desi,FAQ,750.0,850.0,800.0,6/8/2023
Uttar Pradesh,rampur,Rampur,Wheat,Dara,FAQ,2205.0,2265.0,2225.0,6/8/2023
Gujarat,rajkot,Gondal,Onion,Red,FAQ,330.0,1305.0,955.0,6/8/2023
Uttar Pradesh,bulandshahar,Jahangirabad,Potato,Desi,FAQ,1010.0,1200.0,1105.0,6/8/2023
Assam,lakhimpur,Lakhimpur,Potato,Haldwani,FAQ,970.0,1060.0,1010.0,6/8/2023
Gujarat,amreli,Savarkundla,Wheat,Bansi,FAQ,2200.0,2750.0,2475.0,6/8/2023
Haryana,mewat,Tauru,Potato,Potato,FAQ,1100.0,1100.0,1100.0,6/8/2023
Maharashtra,pune,Manchar,Onion,Other,FAQ,1000.0,1510.0,1250.0,6/8/2023
Rajasthan,ajmer,Madanganj Kishangarh,Potato,(Red Nanital),FAQ,900.0,1100.0,1000.0,6/8/2023
Madhya Pradesh,dhar,Badnawar,Wheat,Lokwan,FAQ,1880.0,2705.0,2300.0,6/8/2023
Punjab,ludhiana,Sahnewal,Potato,Potato,FAQ,1000.0,1000.0,1000.0,6/8/2023
Maharashtra,dhule,Pratap Nana Mahale Khajgi Bajar Samiti,Onion,Red,FAQ,290.0,600.0,423.68,6/8/2023
Uttar Pradesh,kaushambi,Bharwari,Wheat,Dara,FAQ,2200.0,2330.0,2270.0,6/8/2023
Haryana,jind,Jind,Onion,Other,FAQ,800.0,1200.0,1000.0,6/8/2023
Gujarat,amreli,Rajula,Wheat,PISSI,FAQ,2150.0,2600.0,2375.0,6/8/2023
Jammu & Kashmir,kathua,Kathua,Onion,Other,FAQ,1300.0,1400.0,1350.0,6/8/2023
Maharashtra,pune,Dound,Wheat,Maharashtra 2189,FAQ,2000.0,2751.0,2300.0,6/8/2023
Madhya Pradesh,panna,Simariya,Wheat,147 Average,FAQ,2000.0,2150.0,2050.0,6/8/2023
Haryana,kurukshetra,Ladwa,Onion,Onion,FAQ,800.0,1000.0,900.0,6/8/2023
Gujarat,amreli,Savarkundla,Wheat,Lokwan,FAQ,2150.0,2645.0,2398.0,6/8/2023
 Punjab,fazilka,Jalalabad,Onion,Other,FAQ,1000.0,1000.0,1000.0,6/8/2023
Uttar Pradesh,prayagraj,Ajuha,Wheat,Dara,FAQ,2200.0,2300.0,2260.0,6/8/2023
Uttar Pradesh,azamgarh,Azamgarh,Onion,Red,FAQ,1060.0,1210.0,1130.0,6/8/2023
Orissa,keonjhar,Keonjhar(Dhekikote),Onion,Other,FAQ,3500.0,4000.0,4000.0,6/8/2023
Himachal Pradesh,kullu,Kullu,Onion,Other,FAQ,1800.0,2000.0,2000.0,6/8/2023
Madhya Pradesh,shajapur,Berachha,Wheat,Other,FAQ,2150.0,2150.0,2150.0,6/8/2023
Andhra Pradesh,hyderabad,Gudimalkapur,Onion,1st Sort,FAQ,300.0,1500.0,800.0,6/8/2023
Maharashtra,nagpur,Ramtek,Wheat,Other,FAQ,2251.0,2351.0,2301.0,6/8/2023
Madhya Pradesh,bhind,Alampur,Wheat,Other,FAQ,2235.0,2249.0,2240.0,6/8/2023
Maharashtra,nashik,Satana,Wheat,Other,FAQ,2244.0,2751.0,2325.0,6/8/2023
Madhya Pradesh,narsinghpur,Kareli,Wheat,Deshi,FAQ,2140.0,2321.0,2231.0,6/8/2023
Maharashtra,ahmednagar,Rahuri,Wheat,Other,FAQ,2100.0,2200.0,2150.0,6/8/2023
Haryana,sirsa,Dabwali,Onion,Other,FAQ,500.0,500.0,500.0,6/8/2023
Uttar Pradesh,hardoi,Sandila,Wheat,Dara,FAQ,2240.0,2320.0,2280.0,6/8/2023
Uttar Pradesh,etah,Awagarh,Onion,Red,FAQ,900.0,1050.0,1000.0,6/8/2023
Rajasthan,jodhpur,Jodhpur (F&V),Onion,Other,FAQ,400.0,800.0,600.0,6/8/2023
West Bengal,bankura,Indus(Bankura Sadar),Potato,Jyoti,FAQ,1240.0,1260.0,1250.0,6/8/2023
Punjab,jalandhar,Goraya,Onion,Other,FAQ,1300.0,1300.0,1300.0,6/8/2023
Kerala,kannur,Kannur,Onion,Other,FAQ,1600.0,2000.0,1800.0,6/8/2023
Rajasthan,hanumangarh,Rawatsar,Wheat,Other,FAQ,2185.0,2221.0,2200.0,6/8/2023
Rajasthan,chittorgarh,Chittorgarh,Onion,Other,FAQ,1200.0,1800.0,1500.0,6/8/2023
Uttar Pradesh,banda,Baberu,Wheat,Dara,FAQ,2125.0,2200.0,2200.0,6/8/2023
Madhya Pradesh,jabalpur,Jabalpur,Wheat,Medium Fine,FAQ,2202.0,2301.0,2260.0,6/8/2023
Uttar Pradesh,jaunpur,Shahganj,Onion,Red,FAQ,1100.0,1200.0,1140.0,6/8/2023
Madhya Pradesh,shivpuri,Magroni,Wheat,Other,FAQ,1990.0,2260.0,2150.0,6/8/2023
Maharashtra,sholapur,Barshi,Wheat,Other,FAQ,2300.0,3000.0,2700.0,6/8/2023
Madhya Pradesh,hoshangabad,Pipariya,Potato,(Red Nanital),FAQ,600.0,1200.0,900.0,6/8/2023
Himachal Pradesh,solan,Solan,Onion,Other,FAQ,1000.0,1500.0,1400.0,6/8/2023
Uttar Pradesh,hardoi,Hardoi,Onion,Pusa-Red,FAQ,1080.0,1140.0,1120.0,6/8/2023
Madhya Pradesh,tikamgarh,Khargapur,Wheat,Mill Quality,FAQ,2140.0,2170.0,2164.0,6/8/2023
Madhya Pradesh,bhopal,Bhopal,Wheat,Other,FAQ,2153.0,2699.0,2371.0,6/8/2023
Uttar Pradesh,amroha,Hasanpur,Onion,Nasik,FAQ,930.0,1100.0,950.0,6/8/2023
Gujarat,bhavnagar,Bhavnagar,Wheat,Local,FAQ,2355.0,2855.0,2705.0,6/8/2023
Orissa,kendrapara,Kendrapara,Potato,Potato,FAQ,1500.0,1600.0,1500.0,6/8/2023
Maharashtra,sholapur,Barshi(Vairag),Wheat,Other,FAQ,2050.0,2800.0,2500.0,6/8/2023
Madhya Pradesh,hoshangabad,Hoshangabad,Potato,Desi,FAQ,870.0,1510.0,1160.0,6/8/2023
Karnataka,dharwad,Hubli (Amaragol),Potato,Potato,FAQ,1150.0,1400.0,1250.0,6/8/2023
Gujarat,sabarkantha,Bhiloda,Wheat,Other,FAQ,2225.0,2550.0,2388.0,6/8/2023
Karnataka,bidar,Bidar,Wheat,Red,FAQ,2200.0,3300.0,3000.0,6/8/2023
Maharashtra,nashik,Sinner,Onion,Other,FAQ,200.0,951.0,600.0,6/8/2023
Uttar Pradesh,prayagraj,Allahabad,Onion,Red,FAQ,1050.0,1250.0,1130.0,6/8/2023
Uttar Pradesh,sonbhadra,Dudhi,Onion,Onion,FAQ,900.0,0.0,1000.0,6/8/2023
Maharashtra,nashik,Nandgaon,Wheat,Maharashtra 2189,FAQ,2090.0,3151.0,2150.0,6/8/2023
Haryana,ambala,Ambala City(Subji Mandi),Onion,Other,FAQ,470.0,675.0,615.0,6/8/2023
Madhya Pradesh,rajgarh,Narsinghgarh,Wheat,147 Average,FAQ,1960.0,2460.0,2270.0,6/8/2023
Punjab,patiala,Dudhansadhan,Onion,Other,FAQ,1700.0,1900.0,1800.0,6/8/2023
Madhya Pradesh,bhopal,Berasia,Wheat,PISSI,FAQ,2080.0,2485.0,2310.0,6/8/2023
Kerala,kottayam,Thalayolaparambu,Potato,Other,FAQ,2000.0,2500.0,2300.0,6/8/2023
Andhra Pradesh,nalgonda,Miryalguda(Rythu Bazar),Onion,Red,FAQ,1400.0,1400.0,1400.0,6/8/2023
Uttar Pradesh,unnao,Purwa,Potato,Desi,FAQ,935.0,1025.0,985.0,6/8/2023
Maharashtra,amarawati,Morshi,Wheat,Other,FAQ,2150.0,2400.0,2275.0,6/8/2023
Maharashtra,mumbai,Mumbai,Wheat,Other,FAQ,2800.0,6000.0,4400.0,6/8/2023
West Bengal,paschim bardhaman,Durgapur,Wheat,Other,FAQ,2600.0,2700.0,2650.0,6/8/2023
Chattisgarh,rajnandgaon,Rajnandgaon,Potato,Potato,FAQ,800.0,1200.0,1000.0,6/8/2023
West Bengal,hooghly,Kalipur,Potato,Jyoti,FAQ,1320.0,1360.0,1340.0,6/8/2023
Madhya Pradesh,dhar,Manawar,Wheat,Lokwan,FAQ,2360.0,2475.0,2390.0,6/8/2023
Madhya Pradesh,chhatarpur,Bijawar,Wheat,Mill Quality,FAQ,2135.0,2176.0,2154.0,6/8/2023
Maharashtra,nagpur,Ramtek,Onion,Other,FAQ,1800.0,2000.0,1900.0,6/8/2023
Uttar Pradesh,amethi,Sultanpur,Onion,Red,FAQ,1160.0,1275.0,1220.0,6/8/2023
Madhya Pradesh,bhopal,Bhopal,Wheat,MP Sharbati,FAQ,3350.0,3350.0,3350.0,6/8/2023
Karnataka,bijapur,Bijapur,Wheat,Medium,FAQ,4000.0,4200.0,4100.0,6/8/2023
Andhra Pradesh,medak,Siddipet(Rythu Bazar),Onion,1st Sort,FAQ,1400.0,2200.0,1800.0,6/8/2023
Uttar Pradesh,gonda,Gonda,Onion,Red,FAQ,1230.0,1250.0,1240.0,6/8/2023
Uttar Pradesh,ghaziabad,Ghaziabad,Onion,Red,FAQ,1150.0,1250.0,1200.0,6/8/2023
Maharashtra,pune,Pune(Manjri),Potato,Other,FAQ,1300.0,1700.0,1500.0,6/8/2023
Madhya Pradesh,jhabua,Petlawad,Wheat,Lokwan,FAQ,2236.0,2351.0,2277.0,6/8/2023
Kerala,kottayam,Thalayolaparambu,Onion,Big,FAQ,2000.0,2200.0,2100.0,6/8/2023
Uttar Pradesh,meerut,Meerut,Onion,Red,FAQ,1000.0,1230.0,1135.0,6/8/2023
Rajasthan,kota,Kota (F&V),Onion,Other,FAQ,500.0,900.0,600.0,6/8/2023
Uttar Pradesh,balrampur,Kusmee,Wheat,Local,FAQ,2200.0,2200.0,2200.0,6/8/2023
Uttar Pradesh,prayagraj,Jasra,Onion,Red,FAQ,1060.0,1215.0,1140.0,6/8/2023
Haryana,sonipat,Sonepat(Kharkhoda),Onion,Other,FAQ,800.0,1200.0,1000.0,6/8/2023
Uttar Pradesh,rampur,Rampur,Potato,Desi,FAQ,905.0,955.0,925.0,6/8/2023
Uttar Pradesh,balrampur,Bariya,Wheat,Local,FAQ,2200.0,2200.0,2200.0,6/8/2023
Maharashtra,ahmednagar,Shrirampur,Potato,Other,FAQ,1000.0,1500.0,1400.0,6/8/2023
Madhya Pradesh,harda,Harda(F&V),Onion,Medium,FAQ,700.0,800.0,750.0,6/8/2023
Maharashtra,nashik,Nasik,Onion,Other,FAQ,300.0,1451.0,800.0,6/8/2023
Uttar Pradesh,sonbhadra,Dudhi,Potato,Other,FAQ,900.0,0.0,1000.0,6/8/2023
Karnataka,shimoga,Shimoga,Potato,Local,FAQ,1600.0,2000.0,1800.0,6/8/2023
Uttar Pradesh,bahraich,Naanpara,Onion,Red,FAQ,1150.0,1210.0,1180.0,6/8/2023
Maharashtra,sholapur,Mangal Wedha,Wheat,Other,FAQ,2560.0,3210.0,2900.0,6/8/2023
Uttar Pradesh,firozabad,Shikohabad,Potato,Local,FAQ,650.0,750.0,700.0,6/8/2023
Rajasthan,hanumangarh,Hanumangarh,Potato,(Red Nanital),FAQ,900.0,900.0,900.0,6/8/2023
Uttar Pradesh,sambhal,Muradabad,Potato,Desi,FAQ,920.0,960.0,940.0,6/8/2023
Uttar Pradesh,bareilly,Bareilly,Wheat,Dara,FAQ,2150.0,2250.0,2200.0,6/8/2023
Uttar Pradesh,etawah,Bharthna,Wheat,Dara,FAQ,2180.0,2280.0,2230.0,6/8/2023
Maharashtra,nashik,Dindori(Vani),Onion,Other,FAQ,400.0,1560.0,850.0,6/8/2023
Himachal Pradesh,una,Santoshgarh,Onion,Onion,FAQ,1300.0,1500.0,1400.0,6/8/2023
Karnataka,bidar,Basava Kalayana,Wheat,Medium,FAQ,1800.0,2400.0,2300.0,6/8/2023
Madhya Pradesh,neemuch,Neemuch,Wheat,147 Average,FAQ,2071.0,2660.0,2285.0,6/8/2023
Gujarat,kheda,Kapadvanj,Onion,Other,FAQ,800.0,1400.0,1100.0,6/8/2023
Uttar Pradesh,maharajganj,Nautnava,Wheat,Dara,FAQ,2100.0,2250.0,2200.0,6/8/2023
Maharashtra,pune,Baramati,Wheat,Kalyan,FAQ,1800.0,2250.0,2200.0,6/8/2023
Chhattisgarh,bilaspur,Bilaspur,Onion,Other,FAQ,1200.0,1900.0,1600.0,6/8/2023
Rajasthan,ajmer,Madanganj Kishangarh,Onion,1st Sort,FAQ,1000.0,1400.0,1200.0,6/8/2023
Haryana,rohtak,Sampla,Potato,Other,FAQ,1500.0,1500.0,1500.0,6/8/2023
Orissa,kalahandi,Bhawanipatna,Onion,Local,FAQ,2000.0,2000.0,2000.0,6/8/2023
Orissa,keonjhar,Keonjhar,Potato,Other,FAQ,1800.0,2000.0,2000.0,6/8/2023
Maharashtra,nagpur,Nagpur,Onion,White,FAQ,600.0,1200.0,1050.0,6/8/2023
Madhya Pradesh,bhopal,Bhopal(F&V),Onion,Other,FAQ,300.0,1000.0,700.0,6/8/2023
West Bengal,nadia,Karimpur,Onion,Nasik,FAQ,1400.0,1500.0,1450.0,6/8/2023
Gujarat,surendranagar,Chotila,Wheat,Local,FAQ,2000.0,2800.0,2400.0,6/8/2023
Karnataka,bijapur,Bijapur,Onion,Onion,FAQ,200.0,1000.0,600.0,6/8/2023
Madhya Pradesh,khargone,Badwaha,Wheat,Other,FAQ,2255.0,2366.0,2287.0,6/8/2023
Uttar Pradesh,varanasi,Varanasi,Wheat,Dara,FAQ,2140.0,2250.0,2235.0,6/8/2023
Haryana,gurgaon,Pataudi,Potato,Other,FAQ,1000.0,1200.0,1100.0,6/8/2023
Uttar Pradesh,shahjahanpur,Puwaha,Potato,Desi,FAQ,830.0,1030.0,930.0,6/8/2023
Rajasthan,tonk,Dooni,Wheat,147 Average,FAQ,2150.0,2200.0,2175.0,6/8/2023
Uttar Pradesh,chandauli,Chandoli,Wheat,Dara,FAQ,2125.0,2200.0,2165.0,6/8/2023
West Bengal,birbhum,Bolpur,Onion,Onion,FAQ,2100.0,2200.0,2150.0,6/8/2023
Maharashtra,dhule,Dondaicha,Wheat,Other,FAQ,1800.0,2550.0,2451.0,6/8/2023
Punjab,hoshiarpur,Mukerian(Talwara),Potato,Potato,FAQ,800.0,1200.0,1000.0,6/8/2023
Uttar Pradesh,chandauli,Chandoli,Onion,Red,FAQ,1100.0,1200.0,1140.0,6/8/2023
Madhya Pradesh,mandsaur,Mandsaur,Wheat,Other,FAQ,1980.0,2540.0,2250.0,6/8/2023
Uttar Pradesh,lalitpur,Lalitpur,Wheat,Dara,FAQ,2120.0,2220.0,2170.0,6/8/2023
Uttar Pradesh,mahoba,Mahoba,Onion,Red,FAQ,900.0,1030.0,960.0,6/8/2023
Karnataka,dharwad,Hubli (Amaragol),Onion,Puna,FAQ,300.0,1700.0,850.0,6/8/2023
Chattisgarh,janjgir,Champa,Wheat,Other,FAQ,2000.0,2000.0,2000.0,6/8/2023
Maharashtra,nashik,Lasalgaon,Onion,Other,FAQ,300.0,1441.0,925.0,6/8/2023
Madhya Pradesh,vidisha,Lateri,Wheat,Deshi,FAQ,2135.0,2455.0,2295.0,6/8/2023
Delhi,delhi,Shahdara,Potato,Potato,FAQ,800.0,1400.0,1100.0,6/8/2023
Maharashtra,nagpur,Nagpur,Wheat,Sharbati,FAQ,3000.0,3200.0,3150.0,6/8/2023
Punjab,faridkot,Jaitu,Onion,Nasik,FAQ,1000.0,1200.0,1200.0,6/8/2023
Uttar Pradesh,auraiya,Auraiya,Onion,Red,FAQ,1000.0,1200.0,1120.0,6/8/2023
Rajasthan,hanumangarh,Hanumangarh Town,Onion,1st Sort,FAQ,900.0,900.0,900.0,6/8/2023
Uttar Pradesh,bulandshahar,Jahangirabad,Onion,Red,FAQ,1028.0,1230.0,1126.0,6/8/2023
Punjab,patiala,Nabha,Potato,Other,FAQ,700.0,1200.0,900.0,6/8/2023
Madhya Pradesh,vidisha,Lateri,Wheat,Mill Quality,FAQ,2060.0,2095.0,2070.0,6/8/2023
Kerala,idukki,Thodupuzha,Potato,Other,FAQ,2500.0,3000.0,3000.0,6/8/2023
Uttar Pradesh,muzaffarnagar,Muzzafarnagar,Onion,Red,FAQ,1050.0,1220.0,1130.0,6/8/2023
Orissa,rayagada,Rayagada,Potato,Other,FAQ,1400.0,1700.0,1500.0,6/8/2023
Haryana,karnal,"New Grain Market(main), Karnal",Onion,Other,FAQ,700.0,1200.0,950.0,6/8/2023
Uttar Pradesh,banda,Atarra,Onion,Red,FAQ,900.0,980.0,950.0,6/8/2023
Kerala,thiruvananthapuram,Pothencode,Potato,Other,FAQ,14400.0,14480.0,14440.0,6/8/2023
Maharashtra,parbhani,Tadkalas,Wheat,Other,FAQ,2000.0,2000.0,2000.0,6/8/2023
West Bengal,puruliya,Balarampur,Onion,Other,FAQ,2000.0,2400.0,2200.0,6/8/2023
Kerala,kottayam,Kottayam,Potato,Potato,FAQ,2600.0,3000.0,2800.0,6/8/2023
Uttar Pradesh,balrampur,Balrampur,Onion,Red,FAQ,1120.0,1350.0,1230.0,6/8/2023
West Bengal,jalpaiguri,Jalpaiguri Sadar,Potato,Jyoti,FAQ,1150.0,1250.0,1200.0,6/8/2023
Rajasthan,hanumangarh,Sangriya,Onion,Onion,FAQ,300.0,1500.0,1400.0,6/8/2023
Madhya Pradesh,sagar,Bina,Wheat,MP(Desi),FAQ,2100.0,2300.0,2200.0,6/8/2023
Jammu & Kashmir,jammu,Narwal Jammu (F&V),Onion,Other,FAQ,1300.0,1500.0,1400.0,6/8/2023
Uttar Pradesh,etawah,Etawah,Onion,Red,FAQ,1045.0,1445.0,1245.0,6/8/2023
Maharashtra,nashik,Devala,Onion,Other,FAQ,100.0,1075.0,775.0,6/8/2023
Himachal Pradesh,hamirpur,Muskara,Potato,Desi,FAQ,1060.0,1110.0,1095.0,6/8/2023
Kerala,idukki,Nedumkandam,Onion,Big,FAQ,2000.0,2000.0,2000.0,6/8/2023
Madhya Pradesh,betul,Betul,Wheat,Lokwan,FAQ,2000.0,2370.0,2283.0,6/8/2023
Maharashtra,jalgaon,Dharangaon,Wheat,Other,FAQ,2223.0,2251.0,2241.0,6/8/2023
Punjab,ludhiana,Machhiwara,Onion,Other,FAQ,1000.0,1800.0,1500.0,6/8/2023
Uttar Pradesh,jaunpur,Mugrabaadshahpur,Wheat,Dara,FAQ,2110.0,2310.0,2210.0,6/8/2023
Himachal Pradesh,hamirpur,Raath,Wheat,Dara,FAQ,2125.0,2215.0,2205.0,6/8/2023
Maharashtra,ahmednagar,Shrirampur(Belapur),Wheat,Other,FAQ,1800.0,2200.0,2000.0,6/8/2023
Madhya Pradesh,jhabua,Petlawad,Wheat,147 Average,FAQ,2125.0,2455.0,2224.0,6/8/2023
Kerala,ernakulam,Perumbavoor,Potato,Potato,FAQ,2000.0,3000.0,2500.0,6/8/2023
Uttar Pradesh,baghpat,Khekda,Potato,Potato,FAQ,900.0,1100.0,1000.0,6/8/2023
West Bengal,kolkata,Bara Bazar (Posta Bazar),Onion,Nasik,FAQ,1680.0,1880.0,1800.0,6/8/2023
Rajasthan,hanumangarh,Pilibanga,Wheat,1482,FAQ,2132.0,2601.0,2146.0,6/8/2023
Uttar Pradesh,badaun,Shahaswan,Onion,Red,FAQ,900.0,1100.0,1000.0,6/8/2023
Maharashtra,jalgaon,Parola,Wheat,Kalyan,FAQ,2215.0,2215.0,2215.0,6/8/2023
Delhi,delhi,Shahdara,Onion,Other,FAQ,700.0,900.0,800.0,6/8/2023
Madhya Pradesh,dhar,Kukshi,Onion,Onion,FAQ,500.0,1100.0,800.0,6/8/2023
Haryana,rohtak,Meham,Potato,Other,FAQ,800.0,800.0,800.0,6/8/2023
Maharashtra,mumbai,Vashi New Mumbai,Potato,Other,FAQ,900.0,1400.0,1150.0,6/8/2023
Madhya Pradesh,vidisha,Lateri,Wheat,Sharbati,FAQ,3000.0,3000.0,3000.0,6/8/2023
Himachal Pradesh,kangra,Kangra,Onion,Other,FAQ,1700.0,1800.0,1750.0,6/8/2023
Rajasthan,bikaner,Lunkaransar,Wheat,Other,FAQ,1990.0,2315.0,2155.0,6/8/2023
Kerala,thiruvananthapuram,Vamanapuram,Potato,Other,FAQ,2800.0,3200.0,3000.0,6/8/2023
Uttar Pradesh,maharajganj,Partaval,Wheat,Dara,FAQ,2125.0,2350.0,2250.0,6/8/2023
Rajasthan,jodhpur,Jodhpur (F&V),Potato,Other,FAQ,600.0,1200.0,900.0,6/8/2023
Madhya Pradesh,ujjain,Mahidpur,Wheat,Other,FAQ,2000.0,2559.0,2080.0,6/8/2023
Uttar Pradesh,maharajganj,Gadaura,Onion,Red,FAQ,800.0,1000.0,900.0,6/8/2023
Orissa,nuapada,Khariar,Potato,Local,FAQ,1500.0,1600.0,1500.0,6/8/2023
Madhya Pradesh,khandwa,Pandhana,Wheat,Lok-1,FAQ,2100.0,2320.0,2300.0,6/8/2023
Orissa,kendrapara,Kendrapara(Marshaghai),Potato,Potato,FAQ,1500.0,1600.0,1500.0,6/8/2023
West Bengal,jalpaiguri,Jalpaiguri Sadar,Onion,Other,FAQ,1600.0,2000.0,1800.0,6/8/2023
Maharashtra,sholapur,Pandharpur,Onion,Red,FAQ,200.0,1500.0,900.0,6/8/2023
Uttar Pradesh,mirzapur,Mirzapur,Onion,Red,FAQ,1075.0,1175.0,1120.0,6/8/2023
Assam,lakhimpur,Golagokarnath,Onion,Red,FAQ,990.0,1190.0,1090.0,6/8/2023
Uttar Pradesh,sonbhadra,Robertsganj,Wheat,Dara,FAQ,2130.0,2340.0,2250.0,6/8/2023
Orissa,nuapada,Khariar,Onion,Dry F.A.Q.,FAQ,1500.0,1600.0,1500.0,6/8/2023
Uttar Pradesh,amroha,Amroha,Wheat,Dara,FAQ,2200.0,2220.0,2210.0,6/8/2023
Punjab,muktsar,Muktsar,Onion,Red,FAQ,700.0,1200.0,800.0,6/8/2023
Gujarat,bhavnagar,Mahuva(Station Road),Wheat,Kalyan,FAQ,1830.0,2905.0,2370.0,6/8/2023
Maharashtra,beed,Majalgaon,Wheat,Other,FAQ,2150.0,2600.0,2400.0,6/8/2023
Madhya Pradesh,harda,Timarni,Onion,Onion,FAQ,1000.0,1000.0,1000.0,6/8/2023
Kerala,ernakulam,Thrippunithura,Onion,Big,FAQ,2500.0,2500.0,2500.0,6/8/2023
Punjab,hoshiarpur,Garh Shankar,Onion,Other,FAQ,600.0,900.0,700.0,6/8/2023
Rajasthan,hanumangarh,Bhadara,Wheat,Other,FAQ,2200.0,2201.0,2201.0,6/8/2023
Haryana,rewari,Kosli,Potato,Other,FAQ,700.0,800.0,800.0,6/8/2023
Haryana,gurgaon,Sohna,Potato,Potato,FAQ,1000.0,1500.0,1100.0,6/8/2023
Kerala,malappuram,Kondotty,Potato,Other,FAQ,2300.0,2500.0,2400.0,6/8/2023
Gujarat,patan,Sami,Wheat,Other,FAQ,1700.0,1900.0,1800.0,6/8/2023
Haryana,kaithal,Siwan,Potato,Other,FAQ,1100.0,1200.0,1200.0,6/8/2023
Madhya Pradesh,seoni,Chhpara,Wheat,Other,FAQ,2145.0,2300.0,2250.0,6/8/2023
Haryana,jind,Safidon,Onion,Other,FAQ,1200.0,1200.0,1200.0,6/8/2023
Rajasthan,bikaner,Bikaner (Grain),Wheat,Other,FAQ,2131.0,2285.0,2208.0,6/8/2023
Madhya Pradesh,harda,Khirakiya,Wheat,147 Average,FAQ,2000.0,2335.0,2290.0,6/8/2023
Maharashtra,beed,Kaij,Wheat,Other,FAQ,1950.0,2451.0,2050.0,6/8/2023
Uttar Pradesh,mainpuri,Ghiraur,Potato,Local,FAQ,730.0,930.0,830.0,6/8/2023
Uttar Pradesh,saharanpur,Saharanpur,Wheat,Dara,FAQ,2150.0,2300.0,2250.0,6/8/2023
Kerala,malappuram,Kottakkal,Onion,Other,FAQ,1800.0,1900.0,1850.0,6/8/2023
Madhya Pradesh,sheopur,Sheopurkalan,Wheat,Other,FAQ,2096.0,2257.0,2205.0,6/8/2023
Madhya Pradesh,shajapur,Kalapipal,Wheat,Lokwan,FAQ,2040.0,2690.0,2375.0,6/8/2023
West Bengal,birbhum,Sainthia,Potato,Jyoti,FAQ,1200.0,1240.0,1220.0,6/8/2023
Rajasthan,chittorgarh,Kapasan,Wheat,Lokwan,FAQ,2050.0,2250.0,2150.0,6/8/2023
Karnataka,shimoga,Shimoga,Wheat,Super Fine,FAQ,3400.0,3700.0,3600.0,6/8/2023
Punjab,nawanshahr,Nawan Shahar(Subzi Mandi),Potato,Other,FAQ,600.0,800.0,700.0,6/8/2023
Madhya Pradesh,sagar,Sagar(F&V),Potato,Other,FAQ,1000.0,1200.0,1100.0,6/8/2023
Kerala,kollam,Chathanoor,Onion,Other,FAQ,2000.0,2400.0,2200.0,6/8/2023
Uttar Pradesh,saharanpur,Saharanpur,Onion,Red,FAQ,980.0,1270.0,1130.0,6/8/2023
Andhra Pradesh,hyderabad,L B Nagar,Potato,(Red Nanital),FAQ,1300.0,1700.0,1500.0,6/8/2023
Madhya Pradesh,sagar,Bina,Wheat,Sharbati,FAQ,2200.0,2550.0,2375.0,6/8/2023
Nagaland,mokokchung,Mokokchung Town,Onion,Other,FAQ,2500.0,3500.0,3000.0,6/8/2023
Madhya Pradesh,raisen,Raisen,Wheat,Other,FAQ,2100.0,2499.0,2308.0,6/8/2023
Andhra Pradesh,hyderabad,Erragadda(Rythu Bazar),Onion,1st Sort,FAQ,1400.0,1400.0,1400.0,6/8/2023
Madhya Pradesh,raisen,Bareli,Wheat,Other,FAQ,2051.0,2249.0,2150.0,6/8/2023
Madhya Pradesh,satna,Amarpatan,Wheat,Other,FAQ,2220.0,2235.0,2225.0,6/8/2023
Haryana,panchkula,Panchkul(Kalka),Potato,Other,FAQ,2000.0,3000.0,2500.0,6/8/2023
Madhya Pradesh,tikamgarh,Prithvipur,Wheat,Mill Quality,FAQ,2001.0,2206.0,2201.0,6/8/2023
Uttar Pradesh,aligarh,Charra,Onion,Red,FAQ,1000.0,1150.0,1080.0,6/8/2023
West Bengal,puruliya,Kasipur,Potato,Jyoti,FAQ,1520.0,1560.0,1540.0,6/8/2023
Maharashtra,jalgaon,Jalgaon,Onion,Red,FAQ,350.0,900.0,700.0,6/8/2023
 Punjab,fazilka,Jalalabad,Potato,Other,FAQ,1000.0,1000.0,1000.0,6/8/2023
Maharashtra,nagpur,Umared,Wheat,Other,FAQ,2000.0,2700.0,2400.0,6/8/2023
Maharashtra,chandrapur,Chandrapur(Ganjwad),Onion,White,FAQ,1200.0,2000.0,1500.0,6/8/2023
Uttar Pradesh,mathura,Mathura,Potato,Desi,FAQ,730.0,980.0,890.0,6/8/2023
Haryana,yamuna nagar,Chhachrauli,Onion,Onion,FAQ,1200.0,1400.0,1200.0,6/8/2023
Maharashtra,beed,Beed,Wheat,Other,FAQ,1600.0,3100.0,2517.0,6/8/2023
Rajasthan,bharatpur,Bayana,Wheat,Other,FAQ,2190.0,2190.0,2190.0,6/8/2023
Himachal Pradesh,kangra,Kangra(Nagrota Bagwan),Potato,(Red Nanital),FAQ,1200.0,1300.0,1250.0,6/8/2023
Rajasthan,sikar,Sikar,Onion,1st Sort,FAQ,320.0,1000.0,480.0,6/8/2023
Uttar Pradesh,amethi,Sultanpur,Potato,Badshah,FAQ,1030.0,1135.0,1075.0,6/8/2023
Uttar Pradesh,bulandshahar,Gulavati,Onion,Other,FAQ,1900.0,2100.0,2000.0,6/8/2023
Andhra Pradesh,medak,Siddipet(Rythu Bazar),Potato,(Red Nanital),FAQ,1600.0,2400.0,2000.0,6/8/2023
Madhya Pradesh,guna,Aron,Wheat,Other,FAQ,2011.0,2950.0,2170.0,6/8/2023
Uttar Pradesh,badaun,Badayoun,Wheat,Dara,FAQ,2200.0,2300.0,2250.0,6/8/2023
Madhya Pradesh,rewa,Baikunthpur,Wheat,Dara Mill Quality,FAQ,2215.0,2280.0,2260.0,6/8/2023
Uttar Pradesh,bulandshahar,Siyana,Onion,Red,FAQ,1160.0,1280.0,1200.0,6/8/2023
Uttar Pradesh,agra,Fatehpur Sikri,Wheat,Dara,FAQ,2140.0,2250.0,2170.0,6/8/2023
Himachal Pradesh,solan,Solan,Potato,Other,FAQ,1700.0,2000.0,1900.0,6/8/2023
West Bengal,nadia,Kalyani,Potato,Jyoti,FAQ,1480.0,1500.0,1490.0,6/8/2023
Haryana,mewat,Nuh,Onion,Other,FAQ,700.0,700.0,700.0,6/8/2023
Madhya Pradesh,bhind,Bhind,Wheat,Mill Quality,FAQ,2219.0,2240.0,2230.0,6/8/2023
Maharashtra,nandurbar,Navapur,Wheat,Other,FAQ,2000.0,2150.0,2062.0,6/8/2023
Punjab,nawanshahr,Nawanshahar,Wheat,Medium,FAQ,2130.0,2130.0,2130.0,6/8/2023
Kerala,idukki,Vandiperiyar,Potato,Other,FAQ,1392.0,1392.0,1392.0,6/8/2023
Uttar Pradesh,sambhal,Sambhal,Onion,Red,FAQ,900.0,1250.0,1150.0,6/8/2023
Haryana,jind,Narwana,Potato,Other,FAQ,800.0,800.0,800.0,6/8/2023
Himachal Pradesh,shimla,Shimla,Onion,1st Sort,FAQ,1500.0,1800.0,1600.0,6/8/2023
Maharashtra,pune,Junnar(Narayangaon),Potato,Other,FAQ,1600.0,1800.0,1700.0,6/8/2023
Uttar Pradesh,lalitpur,Mehrauni,Wheat,147 Average,FAQ,2125.0,2200.0,2200.0,6/8/2023
Rajasthan,hanumangarh,Hanumangarh,Onion,1st Sort,FAQ,1600.0,1600.0,1600.0,6/8/2023
Kerala,kottayam,Ettumanoor,Onion,Big,FAQ,1800.0,2200.0,2000.0,6/8/2023
Gujarat,rajkot,Rajkot(Veg.Sub Yard),Potato,Desi,FAQ,750.0,1450.0,1000.0,6/8/2023
Gujarat,gandhinagar,Dehgam,Wheat,Other,FAQ,2275.0,2290.0,2282.0,6/8/2023
Uttar Pradesh,jhansi,Moth,Onion,Red,FAQ,840.0,985.0,930.0,6/8/2023
West Bengal,birbhum,Sainthia,Wheat,Other,FAQ,2200.0,2300.0,2250.0,6/8/2023
Uttar Pradesh,mirzapur,Mirzapur,Potato,Desi,FAQ,875.0,1000.0,935.0,6/8/2023
Haryana,sirsa,kalanwali,Onion,Other,FAQ,1000.0,1000.0,1000.0,6/8/2023
West Bengal,hooghly,Kalipur,Onion,Nasik,FAQ,1350.0,1450.0,1400.0,6/8/2023
Rajasthan,hanumangarh,Sangriya,Potato,Potato,FAQ,200.0,1400.0,800.0,6/8/2023
West Bengal,birbhum,Rampurhat,Wheat,Sonalika,FAQ,2200.0,2300.0,2250.0,6/8/2023
Assam,lakhimpur,Lakhimpur,Wheat,Dara,FAQ,2160.0,2300.0,2280.0,6/8/2023
Maharashtra,nashik,Lasalgaon(Vinchur),Wheat,Other,FAQ,2200.0,2400.0,2275.0,6/8/2023
Punjab,patiala,Rajpura,Potato,Other,FAQ,500.0,900.0,700.0,6/8/2023
Madhya Pradesh,dewas,Dewas,Wheat,Other,FAQ,2050.0,2700.0,2050.0,6/8/2023
Rajasthan,baran,Baran,Wheat,Other,FAQ,2050.0,2676.0,2300.0,6/8/2023
Uttar Pradesh,ghazipur,Gazipur,Potato,Desi,FAQ,900.0,960.0,930.0,6/8/2023
Kerala,alappuzha,Harippad,Onion,Other,FAQ,6000.0,6500.0,6000.0,6/8/2023
Madhya Pradesh,dewas,Loharda,Wheat,Lokwan,FAQ,2150.0,2600.0,2375.0,6/8/2023
Kerala,alappuzha,Harippad,Onion,Big,FAQ,2000.0,2500.0,2000.0,6/8/2023
Andhra Pradesh,warangal,Warangal,Potato,Potato,FAQ,1800.0,2000.0,1900.0,6/8/2023
Gujarat,sabarkantha,Dhansura,Wheat,Milbar,FAQ,2200.0,2500.0,2250.0,6/8/2023
Rajasthan,kota,Ramganjmandi,Wheat,Other,FAQ,2140.0,2266.0,2214.0,6/8/2023
Uttar Pradesh,shahjahanpur,Shahjahanpur,Potato,Desi,FAQ,860.0,1000.0,930.0,6/8/2023
Rajasthan,baran,Anta,Wheat,Other,FAQ,2150.0,2190.0,2170.0,6/8/2023
Uttar Pradesh,badaun,Badayoun,Potato,Desi,FAQ,900.0,1000.0,930.0,6/8/2023
Kerala,malappuram,Parappanangadi,Onion,Other,FAQ,1900.0,1900.0,1900.0,6/8/2023
West Bengal,birbhum,Rampurhat,Potato,Jyoti,FAQ,1180.0,1220.0,1200.0,6/8/2023
Haryana,jind,Narwana,Onion,Other,FAQ,800.0,1000.0,900.0,6/8/2023
Uttar Pradesh,maharajganj,Nautnava,Onion,Red,FAQ,1300.0,1500.0,1400.0,6/8/2023
Uttar Pradesh,etawah,Jasvantnagar,Onion,Red,FAQ,1210.0,1310.0,1260.0,6/8/2023
Rajasthan,kota,Kota (F&V),Potato,Other,FAQ,600.0,1000.0,800.0,6/8/2023
Uttar Pradesh,ghazipur,Jangipura,Onion,Red,FAQ,1100.0,1140.0,1120.0,6/8/2023
Haryana,fatehabad,Ratia,Potato,Other,FAQ,650.0,750.0,700.0,6/8/2023
Madhya Pradesh,sagar,Sagar,Wheat,Other,FAQ,2135.0,2600.0,2250.0,6/8/2023
West Bengal,murshidabad,Jangipur,Onion,Red,FAQ,1250.0,1300.0,1275.0,6/8/2023
Rajasthan,hanumangarh,Rawatsar,Potato,(Red Nanital),FAQ,800.0,800.0,800.0,6/8/2023
Madhya Pradesh,shajapur,Shujalpur,Onion,Other,FAQ,300.0,1175.0,950.0,6/8/2023
West Bengal,howrah,Ramkrishanpur(Howrah),Onion,Other,FAQ,1200.0,2000.0,1500.0,6/8/2023
Uttar Pradesh,prayagraj,Sirsa,Potato,Desi,FAQ,950.0,1050.0,1000.0,6/8/2023
Uttar Pradesh,bulandshahar,Sikarpur,Potato,Potato,FAQ,650.0,900.0,750.0,6/8/2023
Uttar Pradesh,hardoi,Hardoi,Wheat,Dara,FAQ,2265.0,2355.0,2310.0,6/8/2023
Madhya Pradesh,ratlam,Ratlam,Wheat,Lok-1,FAQ,2210.0,2785.0,2405.0,6/8/2023
Maharashtra,sangli,Sangli,Wheat,Other,FAQ,2700.0,3500.0,3100.0,6/8/2023
West Bengal,hooghly,Sheoraphuly,Onion,Nasik,FAQ,1500.0,1700.0,1600.0,6/8/2023
Uttar Pradesh,firozabad,Tundla,Onion,Red,FAQ,1065.0,1100.0,1080.0,6/8/2023
Madhya Pradesh,datia,Sevda,Wheat,Mill Quality,FAQ,2200.0,2310.0,2250.0,6/8/2023
Punjab,moga,Kot ise Khan,Potato,Other,FAQ,700.0,900.0,800.0,6/8/2023
Uttar Pradesh,bulandshahar,Siyana,Potato,Desi,FAQ,650.0,700.0,680.0,6/8/2023
Kerala,kollam,Kottarakkara,Potato,Other,FAQ,3500.0,3500.0,3500.0,6/8/2023
Madhya Pradesh,jhabua,Thandla,Potato,Other,FAQ,1200.0,2000.0,1600.0,6/8/2023
Kerala,kottayam,Pala,Potato,Potato,FAQ,2700.0,3600.0,3000.0,6/8/2023
Uttar Pradesh,bijnor,Chaandpur,Potato,Desi,FAQ,900.0,1000.0,950.0,6/8/2023
Uttar Pradesh,bulandshahar,Buland Shahr,Potato,F.A.Q.,FAQ,1060.0,1200.0,1110.0,6/8/2023
Madhya Pradesh,khargone,Segaon,Wheat,Lokwan,FAQ,2200.0,2250.0,2225.0,6/8/2023
Himachal Pradesh,kangra,Kangra(Jaisinghpur),Onion,1st Sort,FAQ,1900.0,2000.0,1950.0,6/8/2023
Uttar Pradesh,badaun,Wazirganj,Onion,Red,FAQ,1110.0,1210.0,1160.0,6/8/2023
West Bengal,birbhum,Bolpur,Potato,Jyoti,FAQ,1600.0,1700.0,1650.0,6/8/2023
Uttar Pradesh,banda,Atarra,Potato,Desi,FAQ,1000.0,1080.0,1050.0,6/8/2023
Haryana,karnal,Tarori,Potato,Desi,FAQ,600.0,600.0,600.0,6/8/2023
Madhya Pradesh,khargone,Sanawad,Wheat,Lokwan,FAQ,2152.0,2327.0,2267.0,6/8/2023
Uttar Pradesh,jhansi,Mauranipur,Wheat,Dara,FAQ,2200.0,2300.0,2300.0,6/8/2023
Rajasthan,churu,Sujangarh,Potato,(Red Nanital),FAQ,700.0,900.0,800.0,6/8/2023
Maharashtra,pune,Pune,Potato,Local,FAQ,1100.0,2000.0,1550.0,6/8/2023
Madhya Pradesh,morena,Sabalgarh,Wheat,Deshi,FAQ,2189.0,2311.0,2200.0,6/8/2023
Maharashtra,nashik,Nasik,Potato,Other,FAQ,1000.0,1300.0,1200.0,6/8/2023
Maharashtra,pune,Pune(Pimpri),Onion,Local,FAQ,600.0,900.0,750.0,6/8/2023
Uttar Pradesh,saharanpur,Saharanpur,Potato,Desi,FAQ,975.0,1260.0,1125.0,6/8/2023
Madhya Pradesh,chhatarpur,Naugaon,Wheat,Dara Mill Quality,FAQ,2040.0,2280.0,2230.0,6/8/2023
Madhya Pradesh,shivpuri,Pohari,Wheat,Mill Quality,FAQ,2110.0,2185.0,2175.0,6/8/2023
Uttar Pradesh,jaunpur,Shahganj,Potato,Badshah,FAQ,900.0,1000.0,960.0,6/8/2023
Uttar Pradesh,agra,Samsabad,Onion,Red,FAQ,1100.0,1300.0,1200.0,6/8/2023
Gujarat,porbandar,Porbandar,Wheat,Other,FAQ,2105.0,2230.0,2170.0,6/8/2023
Haryana,rohtak,Rohtak,Potato,Other,FAQ,600.0,1000.0,800.0,6/8/2023
Uttar Pradesh,sonbhadra,Robertsganj,Potato,Badshah,FAQ,850.0,1000.0,935.0,6/8/2023
Uttrakhand,champawat,Tanakpur,Potato,Other,FAQ,1200.0,1200.0,1200.0,6/8/2023
Meghalaya,east khasi hills,Shillong,Potato,Local,FAQ,1600.0,1800.0,1700.0,6/8/2023
Himachal Pradesh,shimla,Shimla,Potato,Other,FAQ,1500.0,2000.0,1600.0,6/8/2023
Gujarat,patan,Siddhpur,Wheat,Hybrid,FAQ,2150.0,2750.0,2450.0,6/8/2023
Maharashtra,raigad,Karjat(Raigad),Onion,1st Sort,FAQ,100.0,900.0,500.0,6/8/2023
Nagaland,kohima,Kohima,Potato,Potato,FAQ,2800.0,3000.0,2900.0,6/8/2023
West Bengal,hooghly,Sheoraphuly,Potato,Jyoti,FAQ,1380.0,1420.0,1400.0,6/8/2023
West Bengal,howrah,Ramkrishanpur(Howrah),Potato,Jyoti,FAQ,1470.0,1500.0,1480.0,6/8/2023
Madhya Pradesh,khargone,Khargone,Onion,1st Sort,FAQ,500.0,1000.0,700.0,6/8/2023
Gujarat,bhavnagar,Palitana,Wheat,Hybrid,FAQ,2025.0,2425.0,2225.0,6/8/2023
Himachal Pradesh,una,Una,Onion,Onion,FAQ,1400.0,2000.0,1700.0,6/8/2023
Kerala,kottayam,Thalayolaparambu,Onion,Onion,FAQ,6800.0,7100.0,7000.0,6/8/2023
Gujarat,porbandar,Porbandar,Onion,Other,FAQ,1000.0,1500.0,1250.0,6/8/2023
Maharashtra,pune,Pune,Wheat,Sharbati,FAQ,4000.0,5000.0,4500.0,6/8/2023
Rajasthan,dausa,Dausa,Wheat,Other,FAQ,2139.0,2250.0,2195.0,6/8/2023
Rajasthan,ganganagar,Sadulshahar,Wheat,Other,FAQ,2120.0,2202.0,2175.0,6/8/2023
Madhya Pradesh,gwalior,Dabra,Wheat,Other,FAQ,2210.0,2400.0,2305.0,6/8/2023
Maharashtra,pune,Pune(Moshi),Onion,Local,FAQ,200.0,1000.0,600.0,6/8/2023
Haryana,palwal,Palwal,Onion,Onion,FAQ,800.0,1100.0,950.0,6/8/2023
Chhattisgarh,bilaspur,Tiphra,Potato,Other,FAQ,1200.0,1400.0,1300.0,6/8/2023
Uttar Pradesh,ballia,Chitwadagaon,Onion,Red,FAQ,1050.0,1180.0,1110.0,6/8/2023
Punjab,sangrur,Sangrur,Potato,Desi,FAQ,600.0,700.0,650.0,6/8/2023
Madhya Pradesh,jabalpur,Jabalpur(F&V),Onion,Local,FAQ,800.0,1200.0,1000.0,6/8/2023
Madhya Pradesh,ujjain,Nagda,Wheat,Other,FAQ,2110.0,2445.0,2277.0,6/8/2023
Karnataka,dharwad,Hubli (Amaragol),Onion,Telagi,FAQ,200.0,1250.0,600.0,6/8/2023
Madhya Pradesh,chhatarpur,Rajnagar,Wheat,Mill Quality,FAQ,2130.0,2160.0,2150.0,6/8/2023
Kerala,ernakulam,Perumbavoor,Onion,Onion,FAQ,1400.0,2400.0,1800.0,6/8/2023
Maharashtra,nanded,Nanded,Wheat,Sharbati,FAQ,2245.0,2345.0,2250.0,6/8/2023
Madhya Pradesh,indore,Sanwer,Potato,Other,FAQ,1500.0,1800.0,1650.0,6/8/2023
Punjab,amritsar,Rayya,Onion,Red,FAQ,1600.0,1600.0,1600.0,6/8/2023
Madhya Pradesh,ratlam,Ratlam(F&V),Onion,Other,FAQ,320.0,1411.0,870.0,6/8/2023
Kerala,thiruvananthapuram,Pothencode,Onion,Other,FAQ,10000.0,10080.0,10040.0,6/8/2023
Uttar Pradesh,unnao,Purwa,Onion,Red,FAQ,1000.0,1100.0,1050.0,6/8/2023
Maharashtra,nandurbar,Shahada,Wheat,Other,FAQ,2300.0,2475.0,2435.0,6/8/2023
Uttar Pradesh,shahjahanpur,Tilhar,Potato,Potato,FAQ,600.0,650.0,620.0,6/8/2023
Maharashtra,amarawati,Amarawati,Wheat,Other,FAQ,2450.0,2600.0,2525.0,6/8/2023
Haryana,rewari,Rewari,Potato,Other,FAQ,800.0,1800.0,1300.0,6/8/2023
Uttar Pradesh,agra,Fatehabad,Onion,Red,FAQ,1200.0,1250.0,1220.0,6/8/2023
Haryana,yamuna nagar,Chhachrauli,Potato,Potato,FAQ,850.0,1200.0,1200.0,6/8/2023
Madhya Pradesh,indore,Mhow,Wheat,Other,FAQ,1951.0,2481.0,2287.0,6/8/2023
Kerala,kottayam,Pampady,Onion,Big,FAQ,1800.0,2200.0,2000.0,6/8/2023
Maharashtra,amarawati,Amarawati,Wheat,147 Average,FAQ,2200.0,2350.0,2275.0,6/8/2023
Jammu & Kashmir,udhampur,Reasi,Potato,Potato,FAQ,1200.0,1400.0,1300.0,6/8/2023
West Bengal,nadia,Karimpur,Wheat,Other,FAQ,2175.0,2225.0,2200.0,6/8/2023
Haryana,sonipat,Gohana,Onion,Other,FAQ,800.0,1300.0,800.0,6/8/2023
Uttar Pradesh,kaushambi,Bharwari,Potato,Desi,FAQ,800.0,965.0,890.0,6/8/2023
Madhya Pradesh,raisen,Obedullaganj,Wheat,Lokwan,FAQ,2000.0,2351.0,2250.0,6/8/2023
Madhya Pradesh,jhabua,Thandla,Onion,Other,FAQ,600.0,1000.0,800.0,6/8/2023
Madhya Pradesh,dhar,Dhar,Wheat,Lokwan,FAQ,2190.0,2730.0,2440.0,6/8/2023
Kerala,idukki,Thodupuzha,Onion,Small,FAQ,6500.0,7000.0,7000.0,6/8/2023
West Bengal,jalpaiguri,Dhupguri,Onion,Onion,FAQ,1600.0,2000.0,1800.0,6/8/2023
Madhya Pradesh,ratlam,Ratlam,Wheat,Sharbati,FAQ,2476.0,3365.0,2790.0,6/8/2023
Uttar Pradesh,sitapur,Mehmoodabad,Onion,Red,FAQ,1050.0,1080.0,1065.0,6/8/2023
Rajasthan,udaipur,Udaipur (F&V),Onion,Other,FAQ,600.0,1200.0,900.0,6/8/2023
Rajasthan,ganganagar,Sri Karanpur,Wheat,Other,FAQ,2090.0,2129.0,2110.0,6/8/2023
Madhya Pradesh,shajapur,Susner,Wheat,Other,FAQ,2029.0,2257.0,2100.0,6/8/2023
Gujarat,rajkot,Gondal,Wheat,Lokwan,FAQ,2130.0,2440.0,2330.0,6/8/2023
Kerala,kottayam,Kanjirappally,Onion,Onion,FAQ,9000.0,9800.0,9600.0,6/8/2023
Madhya Pradesh,seoni,Ghansour,Wheat,Other,FAQ,2100.0,2125.0,2120.0,6/8/2023
Maharashtra,beed,Gevrai,Wheat,Other,FAQ,2200.0,2649.0,2424.0,6/8/2023
Kerala,idukki,Nedumkandam,Onion,Small,FAQ,6000.0,6000.0,6000.0,6/8/2023
Gujarat,gandhinagar,Mansa,Wheat,Medium,FAQ,2105.0,2255.0,2225.0,6/8/2023
Rajasthan,tonk,Malpura,Wheat,Other,FAQ,2186.0,2195.0,2190.0,6/8/2023
Uttar Pradesh,mainpuri,Mainpuri,Wheat,Dara,FAQ,2241.0,2260.0,2251.0,6/8/2023
Kerala,kottayam,Kanjirappally,Onion,Big,FAQ,2000.0,2500.0,2200.0,6/8/2023
Madhya Pradesh,sagar,Jaisinagar,Wheat,Mill Quality,FAQ,2140.0,2211.0,2175.0,6/8/2023
Madhya Pradesh,ratlam,A lot,Wheat,Medium,FAQ,1753.0,2385.0,2200.0,6/8/2023
Maharashtra,sholapur,Solapur,Onion,Red,FAQ,100.0,1600.0,700.0,6/8/2023
Haryana,kurukshetra,Shahabad,Potato,Potato,FAQ,900.0,900.0,900.0,6/8/2023
Uttar Pradesh,ghazipur,Jangipura,Wheat,Dara,FAQ,2130.0,2170.0,2150.0,6/8/2023
Gujarat,anand,"Anand(Veg,Yard,Anand)",Onion,Onion,FAQ,800.0,1000.0,900.0,6/8/2023
Madhya Pradesh,tikamgarh,Jatara,Wheat,Local,FAQ,2125.0,2150.0,2125.0,6/8/2023
Punjab,ludhiana,Machhiwara,Potato,Other,FAQ,900.0,1200.0,1000.0,6/8/2023
Haryana,gurgaon,Farukh Nagar,Onion,Other,FAQ,1200.0,1500.0,1200.0,6/8/2023
Uttar Pradesh,fatehpur,Jahanabad,Potato,Local,FAQ,700.0,800.0,750.0,6/8/2023
Uttar Pradesh,prayagraj,Allahabad,Wheat,Dara,FAQ,2200.0,2400.0,2290.0,6/8/2023
Maharashtra,ahmednagar,Shrirampur,Onion,Other,FAQ,200.0,1205.0,650.0,6/8/2023
Himachal Pradesh,hamirpur,Bharuasumerpur,Onion,Red,FAQ,910.0,970.0,940.0,6/8/2023
Rajasthan,ganganagar,Sriganganagar (Grain),Wheat,Other,FAQ,2125.0,2641.0,2210.0,6/8/2023
Punjab,moga,Dharamkot,Potato,Other,FAQ,1200.0,1200.0,1200.0,6/8/2023
Karnataka,chikmagalur,Kadur,Onion,Onion,FAQ,1281.0,1281.0,1281.0,6/8/2023
Orissa,nuapada,Khariar Road,Potato,Other,FAQ,2000.0,2100.0,2000.0,6/8/2023
Meghalaya,west garo hills,Tura,Potato,Local,FAQ,1800.0,2000.0,1900.0,6/8/2023
Uttar Pradesh,shahjahanpur,Puwaha,Onion,Red,FAQ,1050.0,1250.0,1150.0,6/8/2023
Madhya Pradesh,dindori,Shahpura,Wheat,Local,FAQ,2000.0,2200.0,2100.0,6/8/2023
Himachal Pradesh,chamba,Chamba,Onion,Other,FAQ,1800.0,2000.0,1900.0,6/8/2023
Rajasthan,hanumangarh,Bhadara,Potato,(Red Nanital),FAQ,1100.0,1200.0,1120.0,6/8/2023
Uttar Pradesh,ballia,Vilthararoad,Onion,Other,FAQ,1200.0,1300.0,1250.0,6/8/2023
Uttar Pradesh,varanasi,Varanasi(F&V),Onion,Red,FAQ,1050.0,1200.0,1130.0,6/8/2023
Madhya Pradesh,shajapur,Shujalpur,Wheat,Other,FAQ,2040.0,2536.0,2200.0,6/8/2023
Maharashtra,pune,Pune(Manjri),Onion,Local,FAQ,500.0,800.0,600.0,6/8/2023
Madhya Pradesh,ratlam,Sailana,Onion,Other,FAQ,300.0,1026.0,500.0,6/8/2023
Kerala,kottayam,Pala,Onion,Onion,FAQ,6700.0,7000.0,6800.0,6/8/2023
Himachal Pradesh,kangra,Kangra,Potato,Other,FAQ,1200.0,1300.0,1250.0,6/8/2023
Maharashtra,ahmednagar,Rahata,Onion,Other,FAQ,225.0,1051.0,750.0,6/8/2023
Maharashtra,sholapur,Kurdwadi(Modnimb),Wheat,Other,FAQ,2450.0,3100.0,2800.0,6/8/2023
Madhya Pradesh,dhar,Kukshi,Wheat,Other,FAQ,2270.0,2435.0,2325.0,6/8/2023
Maharashtra,thane,Ulhasnagar,Wheat,Other,FAQ,3200.0,3600.0,3400.0,6/8/2023
Uttar Pradesh,varanasi,Varanasi(F&V),Potato,Badshah,FAQ,875.0,985.0,950.0,6/8/2023
Punjab,faridkot,Jaitu,Potato,Potato,FAQ,1000.0,1000.0,1000.0,6/8/2023
Rajasthan,kota,Kota,Wheat,Other,FAQ,2051.0,2401.0,2220.0,6/8/2023
Gujarat,rajkot,Jasdan,Wheat,2189 No. 2,FAQ,2000.0,2700.0,2135.0,6/8/2023
Maharashtra,akola,Akola,Wheat,Other,FAQ,1800.0,2605.0,2250.0,6/8/2023
Uttar Pradesh,fatehpur,Khaga,Wheat,Dara,FAQ,2100.0,2300.0,2200.0,6/8/2023
Uttar Pradesh,fatehpur,Khaga,Potato,Desi,FAQ,600.0,800.0,700.0,6/8/2023
Gujarat,jamnagar,Jam Jodhpur,Wheat,Other,FAQ,1925.0,2260.0,2100.0,6/8/2023
Rajasthan,bikaner,Nokha,Wheat,Other,FAQ,2199.0,2251.0,2225.0,6/8/2023
Uttar Pradesh,bulandshahar,Jahangirabad,Wheat,Dara,FAQ,2275.0,2300.0,2290.0,6/8/2023
Madhya Pradesh,satna,Nagod,Wheat,Dara Mill Quality,FAQ,2211.0,2300.0,2241.0,6/8/2023
Madhya Pradesh,alirajpur,Alirajpur,Wheat,Other,FAQ,2000.0,2200.0,2100.0,6/8/2023
Haryana,kurukshetra,Thanesar,Onion,Other,FAQ,900.0,1400.0,1100.0,6/8/2023
Maharashtra,ahmednagar,Ahmednagar,Wheat,Other,FAQ,2200.0,2600.0,2400.0,6/8/2023
Madhya Pradesh,khandwa,Khandwa,Wheat,Lok-1,FAQ,2010.0,2480.0,2315.0,6/8/2023
Karnataka,udupi,Udupi,Onion,Onion,FAQ,1600.0,1700.0,1700.0,6/8/2023
Rajasthan,tonk,Uniyara,Wheat,Other,FAQ,2221.0,2221.0,2221.0,6/8/2023
Chattisgarh,rajnandgaon,Kheragarh,Wheat,Other,FAQ,1800.0,2000.0,1900.0,6/8/2023
Uttar Pradesh,balrampur,Tulsipur,Onion,Red,FAQ,1170.0,1235.0,1210.0,6/8/2023
Madhya Pradesh,jabalpur,Paatan,Wheat,Deshi,FAQ,2120.0,2300.0,2245.0,6/8/2023
Madhya Pradesh,morena,Porsa(F&V),Potato,Potato,FAQ,500.0,800.0,700.0,6/8/2023
Gujarat,porbandar,Porbandar,Potato,(Red Nanital),FAQ,2500.0,3000.0,2750.0,6/8/2023
Haryana,palwal,Palwal,Potato,Potato,FAQ,900.0,1000.0,950.0,6/8/2023
Uttar Pradesh,mathura,Mathura,Onion,Red,FAQ,1040.0,1230.0,1160.0,6/8/2023
Madhya Pradesh,hoshangabad,Banapura,Wheat,Mill Quality,FAQ,2152.0,2339.0,2278.0,6/8/2023
Punjab,jalandhar,Phillaur(Apra Mandi),Onion,Other,FAQ,1500.0,1500.0,1500.0,6/8/2023
Himachal Pradesh,hamirpur,Bharuasumerpur,Wheat,Dara,FAQ,2125.0,2125.0,2125.0,6/8/2023
Uttar Pradesh,jaunpur,Mugrabaadshahpur,Potato,Badshah,FAQ,840.0,1040.0,940.0,6/8/2023
Punjab,patiala,Dudhansadhan,Potato,Other,FAQ,1300.0,1500.0,1400.0,6/8/2023
Karnataka,bangalore,Bangalore,Wheat,Local,FAQ,3000.0,4000.0,3500.0,6/8/2023
Assam,lakhimpur,Lakhimpur,Onion,Red,FAQ,1020.0,1100.0,1070.0,6/8/2023
Uttar Pradesh,deoria,Barhaj,Wheat,Dara,FAQ,2230.0,2250.0,2240.0,6/8/2023
Madhya Pradesh,shivpuri,Barad,Wheat,Mill Quality,FAQ,2188.0,2200.0,2200.0,6/8/2023
Madhya Pradesh,jhabua,Petlawad,Potato,Potato,FAQ,1000.0,1500.0,1250.0,6/8/2023
Maharashtra,raigad,Pen,Potato,Local,FAQ,1800.0,2000.0,1800.0,6/8/2023
Maharashtra,pune,Baramati,Wheat,Maharashtra 2189,FAQ,2100.0,3011.0,2350.0,6/8/2023
Madhya Pradesh,shivpuri,Kolaras,Wheat,Other,FAQ,1950.0,2265.0,2190.0,6/8/2023
Punjab,patiala,Rajpura,Onion,Local,FAQ,1000.0,1350.0,1200.0,6/8/2023
Punjab,ludhiana,Ludhiana,Potato,Other,FAQ,200.0,1100.0,800.0,6/8/2023
Himachal Pradesh,kangra,Palampur,Onion,Other,FAQ,1800.0,1900.0,1850.0,6/8/2023
Madhya Pradesh,raisen,Udaipura,Wheat,Lokwan,FAQ,2100.0,2300.0,2225.0,6/8/2023
Punjab,hoshiarpur,GarhShankar (Kotfatuhi),Onion,Other,FAQ,700.0,1000.0,800.0,6/8/2023
Himachal Pradesh,kangra,Palampur,Potato,Other,FAQ,1400.0,1500.0,1450.0,6/8/2023
Himachal Pradesh,mandi,Dhanotu (Mandi),Onion,Other,FAQ,1500.0,1700.0,1600.0,6/8/2023
Haryana,bhiwani,Ch. Dadri,Onion,Other,FAQ,700.0,1000.0,850.0,6/8/2023
Uttar Pradesh,sitapur,Viswan,Wheat,Dara,FAQ,2260.0,2320.0,2290.0,6/8/2023
Uttar Pradesh,ghaziabad,Hapur,Onion,Red,FAQ,1100.0,1200.0,1120.0,6/8/2023
Haryana,sonipat,Sonepat,Onion,Other,FAQ,1100.0,1200.0,1200.0,6/8/2023
Uttar Pradesh,mahoba,Mahoba,Wheat,Dara,FAQ,2150.0,2250.0,2185.0,6/8/2023
West Bengal,jalpaiguri,Belacoba,Potato,Jyoti,FAQ,1100.0,1300.0,1200.0,6/8/2023
Maharashtra,chandrapur,Chandrapur(Ganjwad),Potato,Other,FAQ,1300.0,1500.0,1400.0,6/8/2023
Maharashtra,dhule,Dhule,Wheat,Other,FAQ,2050.0,2661.0,2430.0,6/8/2023
Gujarat,surendranagar,Vadhvan,Potato,Potato,FAQ,1500.0,2000.0,1750.0,6/8/2023
Karnataka,davangere,Davangere,Potato,Potato,FAQ,1200.0,1500.0,1400.0,6/8/2023
Uttar Pradesh,bulandshahar,Divai,Wheat,Dara,FAQ,2100.0,2300.0,2200.0,6/8/2023
Maharashtra,nashik,Manmad,Onion,Other,FAQ,110.0,1176.0,700.0,6/8/2023
Uttar Pradesh,mainpuri,Ghiraur,Wheat,Dara,FAQ,2147.0,2347.0,2247.0,6/8/2023
Uttar Pradesh,hardoi,Sandila,Onion,Red,FAQ,1070.0,1150.0,1110.0,6/8/2023
Uttar Pradesh,lalitpur,Lalitpur,Potato,Local,FAQ,930.0,1000.0,960.0,6/8/2023
Punjab,sangrur,Sangrur,Onion,Onion,FAQ,700.0,900.0,800.0,6/8/2023
Madhya Pradesh,dewas,Dewas(F&V),Potato,Other,FAQ,400.0,1600.0,800.0,6/8/2023
Madhya Pradesh,sagar,Khurai,Wheat,MP Sharbati,FAQ,2186.0,2800.0,2500.0,6/8/2023
Madhya Pradesh,shivpuri,Khaniadhana,Wheat,Lokwan,FAQ,2180.0,2195.0,2188.0,6/8/2023
Karnataka,mysore,Mysore (Bandipalya),Onion,Other,FAQ,800.0,1500.0,1200.0,6/8/2023
Maharashtra,nagpur,Nagpur,Onion,Red,FAQ,500.0,1000.0,875.0,6/8/2023
Uttar Pradesh,firozabad,Firozabad,Onion,Red,FAQ,800.0,970.0,915.0,6/8/2023
Kerala,kottayam,Ettumanoor,Onion,Onion,FAQ,6600.0,7000.0,6800.0,6/8/2023
Maharashtra,ahmednagar,Sangamner,Onion,Other,FAQ,200.0,1411.0,805.0,6/8/2023
Gujarat,bharuch,Jambusar,Wheat,Other,FAQ,2600.0,3000.0,2800.0,6/8/2023
Himachal Pradesh,kullu,Bhuntar,Onion,Other,FAQ,1800.0,2000.0,1900.0,6/8/2023
Himachal Pradesh,mandi,Mandi(Takoli),Potato,Other,FAQ,1000.0,1200.0,1100.0,6/8/2023
Himachal Pradesh,hamirpur,Raath,Potato,Desi,FAQ,1050.0,1100.0,1080.0,6/8/2023
Maharashtra,pune,Pune(Moshi),Potato,Local,FAQ,600.0,1000.0,800.0,6/8/2023
West Bengal,birbhum,Birbhum,Onion,Other,FAQ,2100.0,2200.0,2150.0,6/8/2023
Uttar Pradesh,agra,Fatehpur Sikri,Onion,Red,FAQ,800.0,1000.0,905.0,6/8/2023
Kerala,malappuram,Manjeri,Potato,Other,FAQ,2300.0,2400.0,2350.0,6/8/2023
West Bengal,jalpaiguri,Moynaguri,Onion,Other,FAQ,1600.0,2000.0,1800.0,6/8/2023
Gujarat,amreli,Bagasara,Wheat,Lokwan Gujrat,FAQ,2025.0,2285.0,2155.0,6/8/2023
Uttar Pradesh,fatehpur,Bindki,Potato,Potato,FAQ,800.0,930.0,880.0,6/8/2023
West Bengal,birbhum,Birbhum,Potato,Other,FAQ,1400.0,1500.0,1450.0,6/8/2023
Madhya Pradesh,rajgarh,Narsinghgarh,Onion,Other,FAQ,100.0,1270.0,700.0,6/8/2023
Rajasthan,bundi,Dei,Wheat,Other,FAQ,2170.0,2198.0,2185.0,6/8/2023
Himachal Pradesh,hamirpur,Hamirpur(Nadaun),Potato,Other,FAQ,1200.0,1500.0,1350.0,6/8/2023
Madhya Pradesh,khargone,Bhikangaon,Wheat,Lokwan,FAQ,2200.0,2451.0,2275.0,6/8/2023
Gujarat,gandhinagar,Dehgam(Rekhiyal),Wheat,Other,FAQ,2100.0,2175.0,2137.0,6/8/2023
Maharashtra,wardha,Ashti(Karanja),Wheat,Other,FAQ,2100.0,2300.0,2175.0,6/8/2023
Chattisgarh,durg,Khamhariya,Wheat,Other,FAQ,2000.0,2000.0,2000.0,6/8/2023
Uttar Pradesh,etawah,Bharthna,Onion,Red,FAQ,1150.0,1350.0,1250.0,6/8/2023
Rajasthan,hanumangarh,Goluwala,Potato,(Red Nanital),FAQ,900.0,900.0,900.0,6/8/2023
Haryana,kurukshetra,Shahabad,Onion,Onion,FAQ,700.0,1300.0,1001.0,6/8/2023
Punjab,jalandhar,Phillaur(Apra Mandi),Potato,Other,FAQ,1000.0,1000.0,1000.0,6/8/2023
Punjab,amritsar,Rayya,Potato,Other,FAQ,800.0,800.0,800.0,6/8/2023
Madhya Pradesh,sagar,Kesli,Wheat,Other,FAQ,2210.0,2240.0,2225.0,6/8/2023
Uttar Pradesh,bijnor,Chaandpur,Onion,Red,FAQ,1200.0,1300.0,1250.0,6/8/2023
Haryana,fatehabad,Ratia,Onion,Other,FAQ,800.0,1100.0,950.0,6/8/2023
Madhya Pradesh,khargone,Khargone,Wheat,Other,FAQ,2100.0,2419.0,2325.0,6/8/2023
Gujarat,dahod,Dahod,Wheat,147 Average,FAQ,2500.0,2750.0,2700.0,6/8/2023
Maharashtra,pune,Khed(Chakan),Potato,Other,FAQ,1200.0,2000.0,1600.0,6/8/2023
Rajasthan,pratapgarh,Pratapgarh,Potato,Desi,FAQ,1000.0,1200.0,1070.0,6/8/2023
Uttar Pradesh,gorakhpur,Sehjanwa,Onion,Red,FAQ,1165.0,1175.0,1170.0,6/8/2023
Uttar Pradesh,pratapgarh,Pratapgarh,Potato,Desi,FAQ,1000.0,1200.0,1070.0,6/8/2023
Madhya Pradesh,damoh,Damoh,Wheat,Lokwan,FAQ,2190.0,2240.0,2225.0,6/8/2023
Madhya Pradesh,datia,Datia,Wheat,Other,FAQ,2235.0,2310.0,2275.0,6/8/2023
Maharashtra,wardha,Wardha,Wheat,Other,FAQ,2125.0,2405.0,2350.0,6/8/2023
Madhya Pradesh,dhar,Dhamnod,Onion,Red,FAQ,600.0,1200.0,800.0,6/8/2023
Rajasthan,udaipur,Udaipur (F&V),Potato,Other,FAQ,800.0,1200.0,1000.0,6/8/2023
West Bengal,puruliya,Purulia,Onion,Other,FAQ,1400.0,1600.0,1500.0,6/8/2023
Haryana,panipat,Madlauda,Potato,Other,FAQ,800.0,800.0,800.0,6/8/2023
Maharashtra,nagpur,Nagpur,Wheat,Other,FAQ,2285.0,2396.0,2368.0,6/8/2023
Rajasthan,bharatpur,Nadwai,Wheat,Other,FAQ,2161.0,2199.0,2176.0,6/8/2023
Haryana,karnal,"New Grain Market(main), Karnal",Potato,Other,FAQ,700.0,1000.0,850.0,6/8/2023
Andhra Pradesh,nalgonda,Miryalguda(Rythu Bazar),Potato,Potato,FAQ,3000.0,3000.0,3000.0,6/8/2023
Kerala,malappuram,Manjeri,Onion,Other,FAQ,1600.0,1700.0,1650.0,6/8/2023
Uttar Pradesh,bahraich,Naanpara,Wheat,Dara,FAQ,2340.0,2400.0,2370.0,6/8/2023
Uttar Pradesh,unnao,Purwa,Wheat,Dara,FAQ,2150.0,2250.0,2200.0,6/8/2023
Himachal Pradesh,hamirpur,Muskara,Wheat,Dara,FAQ,2125.0,2215.0,2205.0,6/8/2023
West Bengal,birbhum,Sainthia,Onion,Nasik,FAQ,1400.0,1440.0,1420.0,6/8/2023
Uttar Pradesh,barabanki,Barabanki,Potato,Desi,FAQ,1040.0,1120.0,1075.0,6/8/2023
Uttar Pradesh,badaun,Wazirganj,Potato,Desi,FAQ,860.0,960.0,910.0,6/8/2023
Uttar Pradesh,jhansi,Chirgaon,Wheat,Dara,FAQ,2170.0,2230.0,2200.0,6/8/2023
Uttar Pradesh,balrampur,Tulsipur,Potato,Desi,FAQ,1025.0,1075.0,1050.0,6/8/2023
Haryana,ambala,Shahzadpur,Onion,Local,FAQ,800.0,1500.0,1000.0,6/8/2023
Madhya Pradesh,bhind,Mow,Wheat,Other,FAQ,2191.0,2244.0,2205.0,6/8/2023
Rajasthan,hanumangarh,Hanumangarh(Urlivas),Onion,1st Sort,FAQ,1600.0,1600.0,1600.0,6/8/2023
Maharashtra,wardha,Sindi(Selu),Wheat,Other,FAQ,2100.0,2400.0,2350.0,6/8/2023
Madhya Pradesh,shajapur,Momanbadodiya,Wheat,Other,FAQ,2040.0,2200.0,2140.0,6/8/2023
Delhi,delhi,Narela,Wheat,Mexican,FAQ,2190.0,2412.0,2300.0,6/8/2023
Gujarat,bhavnagar,Taleja,Wheat,Kalyan,FAQ,2105.0,2760.0,2435.0,6/8/2023
West Bengal,puruliya,Purulia,Potato,Jyoti,FAQ,1240.0,1260.0,1250.0,6/8/2023
Maharashtra,nashik,Devala,Wheat,Maharashtra 2189,FAQ,2155.0,2500.0,2500.0,6/8/2023
Himachal Pradesh,hamirpur,Raath,Onion,Red,FAQ,930.0,1110.0,980.0,6/8/2023
Haryana,rohtak,Rohtak,Onion,Other,FAQ,500.0,1000.0,700.0,6/8/2023
Maharashtra,dhule,Shirpur,Wheat,Other,FAQ,2000.0,2441.0,2275.0,6/8/2023
Haryana,kurukshetra,Pehowa,Potato,Other,FAQ,600.0,700.0,600.0,6/8/2023
Haryana,sonipat,Sonepat(Kharkhoda),Potato,Other,FAQ,400.0,1200.0,800.0,6/8/2023
Maharashtra,satara,Lonand,Onion,Other,FAQ,300.0,1280.0,900.0,6/8/2023
Maharashtra,sholapur,Solapur,Potato,Local,FAQ,1000.0,1400.0,1100.0,6/8/2023
Rajasthan,chittorgarh,Nimbahera,Wheat,Other,FAQ,2025.0,2602.0,2317.0,6/8/2023
Madhya Pradesh,indore,Sanwer,Wheat,Other,FAQ,1900.0,2333.0,2055.0,6/8/2023
Madhya Pradesh,rajgarh,Sarangpur,Wheat,Other,FAQ,1848.0,2233.0,2150.0,6/8/2023
Madhya Pradesh,shajapur,Nalkehda,Wheat,Other,FAQ,1830.0,2250.0,2180.0,6/8/2023
Karnataka,chikmagalur,Chikkamagalore,Onion,Other,FAQ,1450.0,1450.0,1450.0,6/8/2023
Haryana,rewari,Rewari,Onion,Other,FAQ,500.0,1400.0,900.0,6/8/2023
Uttar Pradesh,sitapur,Mehmoodabad,Potato,Potato,FAQ,960.0,1000.0,980.0,6/8/2023
Maharashtra,bhandara,Bhandara,Wheat,Maharashtra 2189,FAQ,1900.0,2100.0,2000.0,6/8/2023
Haryana,mewat,Nuh,Potato,Other,FAQ,700.0,800.0,800.0,6/8/2023
Uttar Pradesh,ballia,Rasda,Wheat,Dara,FAQ,2060.0,2230.0,2140.0,6/8/2023
Uttar Pradesh,bareilly,Bahedi,Potato,Kufri Megha,FAQ,930.0,960.0,945.0,6/8/2023
Maharashtra,ahmednagar,Shrigonda,Onion,Other,FAQ,200.0,800.0,600.0,6/8/2023
Uttar Pradesh,muzaffarnagar,Muzzafarnagar,Potato,Desi,FAQ,1080.0,1200.0,1100.0,6/8/2023
Kerala,ernakulam,Kothamangalam,Onion,Other,FAQ,5000.0,5800.0,5500.0,6/8/2023
Uttar Pradesh,maharajganj,Nautnava,Potato,Desi,FAQ,700.0,900.0,800.0,6/8/2023
Himachal Pradesh,kullu,Bhuntar,Potato,Other,FAQ,1500.0,2200.0,1800.0,6/8/2023
Madhya Pradesh,harda,Timarni,Wheat,Mill Quality,FAQ,2180.0,2315.0,2270.0,6/8/2023
Maharashtra,jalgaon,Bhusaval,Potato,Other,FAQ,2000.0,2000.0,2000.0,6/8/2023
Uttar Pradesh,balrampur,Tulsipur,Wheat,Dara,FAQ,2250.0,2350.0,2325.0,6/8/2023
Maharashtra,bhandara,Tumsar,Wheat,Other,FAQ,2200.0,2250.0,2230.0,6/8/2023
Madhya Pradesh,hoshangabad,Semriharchand,Wheat,Other,FAQ,2101.0,2223.0,2215.0,6/8/2023
Haryana,yamuna nagar,Radaur,Onion,Other,FAQ,1000.0,1200.0,1100.0,6/8/2023
Gujarat,anand,Borsad,Wheat,Other,FAQ,2100.0,2125.0,2125.0,6/8/2023
Madhya Pradesh,sheopur,Sheopurbadod,Wheat,Other,FAQ,2196.0,2260.0,2225.0,6/8/2023
Maharashtra,ahmednagar,Kopargaon,Onion,Other,FAQ,300.0,1186.0,775.0,6/8/2023
Madhya Pradesh,rajgarh,Biaora,Potato,(Red Nanital),FAQ,900.0,1080.0,950.0,6/8/2023
Uttar Pradesh,ghaziabad,Noida,Potato,Desi,FAQ,900.0,1180.0,1100.0,6/8/2023
Gujarat,sabarkantha,Talod,Wheat,Other,FAQ,2150.0,2300.0,2225.0,6/8/2023
West Bengal,birbhum,Bolpur,Wheat,Sonalika,FAQ,2800.0,2900.0,2850.0,6/8/2023
Maharashtra,mumbai,Vashi New Mumbai,Onion,Other,FAQ,900.0,1500.0,1200.0,6/8/2023
Uttar Pradesh,sitapur,Viswan,Onion,Red,FAQ,1060.0,1100.0,1080.0,6/8/2023
Uttar Pradesh,prayagraj,Sirsa,Onion,Red,FAQ,1150.0,1250.0,1200.0,6/8/2023
Jammu & Kashmir,udhampur,Reasi,Onion,Nasik,FAQ,1400.0,1600.0,1500.0,6/8/2023
Haryana,panipat,Panipat,Potato,Other,FAQ,600.0,1000.0,850.0,6/8/2023
West Bengal,nadia,Ranaghat,Onion,Other,FAQ,1600.0,1750.0,1700.0,6/8/2023
Himachal Pradesh,hamirpur,Hamirpur,Onion,Other,FAQ,1800.0,2000.0,1900.0,6/8/2023
Punjab,muktsar,Muktsar,Potato,Red,FAQ,700.0,1000.0,800.0,6/8/2023
Rajasthan,hanumangarh,Rawatsar,Onion,1st Sort,FAQ,700.0,700.0,700.0,6/8/2023
Uttar Pradesh,mainpuri,Mainpuri,Onion,Red,FAQ,800.0,1000.0,900.0,6/8/2023
Uttar Pradesh,agra,Samsabad,Potato,Potato,FAQ,600.0,800.0,700.0,6/8/2023
Uttar Pradesh,deoria,Barhaj,Onion,Red,FAQ,1150.0,1170.0,1160.0,6/8/2023
West Bengal,nadia,Bethuadahari,Onion,Dry F.A.Q.,FAQ,1500.0,1700.0,1600.0,6/8/2023
Uttar Pradesh,mahoba,Charkhari,Wheat,147 Average,FAQ,2140.0,2160.0,2150.0,6/8/2023
Madhya Pradesh,dhar,Manawar,Onion,Other,FAQ,800.0,1000.0,900.0,6/8/2023
Uttar Pradesh,barabanki,Safdarganj,Wheat,Dara,FAQ,2250.0,2350.0,2300.0,6/8/2023
Uttar Pradesh,deoria,Barhaj,Potato,Desi,FAQ,980.0,1000.0,990.0,6/8/2023
Haryana,kurukshetra,Pehowa,Onion,Other,FAQ,1500.0,1600.0,1500.0,6/8/2023
West Bengal,jalpaiguri,Belacoba,Onion,Other,FAQ,1600.0,2000.0,1800.0,6/8/2023
Uttar Pradesh,mathura,Mathura,Wheat,Dara,FAQ,2125.0,2340.0,2290.0,6/8/2023
Karnataka,belgaum,Belgaum,Onion,Pusa-Red,FAQ,1000.0,1500.0,1200.0,6/8/2023
Uttar Pradesh,jhansi,Moth,Potato,Desi,FAQ,1020.0,1130.0,1095.0,6/8/2023
Jammu and Kashmir,anantnag,Kulgam,Potato,Potato,FAQ,1500.0,1900.0,1750.0,6/8/2023
Uttar Pradesh,baghpat,Khekda,Onion,Red,FAQ,900.0,1050.0,1000.0,6/8/2023
Kerala,alappuzha,Kayamkulam,Potato,Other,FAQ,2900.0,3100.0,3000.0,6/8/2023
Uttar Pradesh,unnao,Unnao,Wheat,Dara,FAQ,2125.0,2160.0,2140.0,6/8/2023
Maharashtra,nashik,Manmad,Wheat,Other,FAQ,2257.0,2801.0,2550.0,6/8/2023
Assam,lakhimpur,Golagokarnath,Wheat,Dara,FAQ,2180.0,2350.0,2280.0,6/8/2023
Uttar Pradesh,gonda,Gonda,Wheat,Dara,FAQ,2300.0,2350.0,2325.0,6/8/2023
Maharashtra,nagpur,Nagpur,Potato,Local,FAQ,1000.0,1200.0,1150.0,6/8/2023
Maharashtra,amarawati,Dhamngaon-Railway,Wheat,Other,FAQ,2100.0,2300.0,2200.0,6/8/2023
Gujarat,amreli,Dhari,Wheat,Lokwan Gujrat,FAQ,2225.0,2425.0,2325.0,6/8/2023
Uttar Pradesh,badaun,Shahaswan,Potato,Potato,FAQ,950.0,1100.0,1000.0,6/8/2023
Uttar Pradesh,sitapur,Sitapur,Potato,Desi,FAQ,870.0,1060.0,990.0,6/8/2023
Uttar Pradesh,jhansi,Mauranipur,Onion,Red,FAQ,930.0,1025.0,980.0,6/8/2023
Uttar Pradesh,saharanpur,Chutmalpur,Potato,Potato,FAQ,700.0,900.0,800.0,6/8/2023
Uttar Pradesh,firozabad,Sirsaganj,Potato,Local,FAQ,730.0,930.0,830.0,6/8/2023
Uttar Pradesh,jhansi,Jhansi,Wheat,Dara,FAQ,2190.0,2265.0,2225.0,6/8/2023
 Punjab,fazilka,Fazilka,Potato,Other,FAQ,1000.0,1200.0,1100.0,6/8/2023
Uttar Pradesh,deoria,Devariya,Wheat,Dara,FAQ,2230.0,2250.0,2240.0,6/8/2023
Haryana,kurukshetra,Thanesar,Potato,Potato,FAQ,800.0,1200.0,1000.0,6/8/2023
Haryana,gurgaon,Farukh Nagar,Potato,Other,FAQ,1000.0,1200.0,1000.0,6/8/2023
Uttar Pradesh,gorakhpur,Chorichora,Wheat,Dara,FAQ,2240.0,2260.0,2250.0,6/8/2023
Himachal Pradesh,mandi,Mandi(Takoli),Onion,Other,FAQ,1300.0,1600.0,1500.0,6/8/2023
Rajasthan,bharatpur,Bharatpur,Wheat,Other,FAQ,2150.0,2294.0,2222.0,6/8/2023
Madhya Pradesh,mandsaur,Sitmau,Onion,1st Sort,FAQ,100.0,800.0,450.0,6/8/2023
Uttar Pradesh,sambhal,Bhehjoi,Potato,Potato,FAQ,750.0,850.0,800.0,6/8/2023
Rajasthan,rajsamand,Rajsamand,Potato,Potato,FAQ,1000.0,1200.0,1100.0,6/8/2023
Rajasthan,hanumangarh,Hanumangarh Town,Wheat,Other,FAQ,2141.0,2219.0,2195.0,6/8/2023
Rajasthan,hanumangarh,Hanumangarh(Urlivas),Wheat,Other,FAQ,2140.0,2140.0,2140.0,6/8/2023
Andhra Pradesh,warangal,Hanmarkonda(Rythu Bazar),Onion,Big,FAQ,2000.0,2000.0,2000.0,6/8/2023
Uttar Pradesh,ghaziabad,Hapur,Wheat,Dara,FAQ,2200.0,2340.0,2250.0,6/8/2023
Uttar Pradesh,hardoi,Sandila,Potato,Badshah,FAQ,950.0,1030.0,990.0,6/8/2023
Kerala,kottayam,Kottayam,Onion,Onion,FAQ,5200.0,5600.0,5400.0,6/8/2023
Kerala,kottayam,Kanjirappally,Potato,Potato,FAQ,3500.0,4000.0,3800.0,6/8/2023
Uttar Pradesh,sitapur,Hargaon (Laharpur),Onion,Nasik,FAQ,650.0,750.0,700.0,6/8/2023
Rajasthan,bhilwara,Gulabpura,Wheat,Other,FAQ,2400.0,2400.0,2400.0,6/8/2023
Uttar Pradesh,gorakhpur,Sehjanwa,Potato,Potato,FAQ,875.0,890.0,880.0,6/8/2023
Madhya Pradesh,hoshangabad,Itarsi,Wheat,Mill Quality,FAQ,2265.0,2501.0,2350.0,6/8/2023
Jammu & Kashmir,udhampur,Udhampur,Onion,Other,FAQ,1400.0,1600.0,1500.0,6/8/2023
Karnataka,hassan,Channarayapatna,Onion,Local,FAQ,1000.0,1000.0,1000.0,6/8/2023
Uttar Pradesh,mirzapur,Ahirora,Wheat,Dara,FAQ,2125.0,2125.0,2125.0,6/8/2023
Uttar Pradesh,sitapur,Sitapur,Onion,Red,FAQ,1000.0,1150.0,1070.0,6/8/2023
Madhya Pradesh,mandsaur,Mandsaur,Onion,Onion,FAQ,250.0,1000.0,625.0,6/8/2023
Uttar Pradesh,meerut,Meerut,Wheat,Dara,FAQ,2200.0,2420.0,2310.0,6/8/2023
Maharashtra,sangli,Islampur,Potato,Other,FAQ,1800.0,2000.0,1900.0,6/8/2023
Haryana,yamuna nagar,Jagadhri,Onion,Other,FAQ,800.0,1100.0,1100.0,6/8/2023
Andhra Pradesh,hyderabad,L B Nagar,Onion,1st Sort,FAQ,1000.0,1500.0,1250.0,6/8/2023
Uttar Pradesh,bulandshahar,Buland Shahr,Onion,Red,FAQ,1000.0,1225.0,1125.0,6/8/2023
Karnataka,chikmagalur,Chikkamagalore,Potato,Other,FAQ,1773.0,1773.0,1773.0,6/8/2023
Rajasthan,chittorgarh,Chittorgarh,Potato,Other,FAQ,1100.0,1300.0,1200.0,6/8/2023
Gujarat,dahod,Dahod(Veg. Market),Potato,Potato,FAQ,1000.0,1400.0,1300.0,6/8/2023
Maharashtra,jalgaon,Amalner,Wheat,Other,FAQ,2272.0,2431.0,2431.0,6/8/2023
Uttar Pradesh,lucknow,Lucknow,Wheat,Dara,FAQ,2250.0,2350.0,2300.0,6/8/2023
Rajasthan,alwar,Alwar,Wheat,Other,FAQ,2201.0,2258.0,2245.0,6/8/2023
Uttar Pradesh,azamgarh,Azamgarh,Wheat,Dara,FAQ,2200.0,2350.0,2250.0,6/8/2023
Karnataka,kolar,Gowribidanoor,Onion,Onion,FAQ,1200.0,2000.0,1500.0,6/8/2023
Maharashtra,sangli,"Sangli(Phale, Bhajipura Market)",Potato,Local,FAQ,1400.0,1800.0,1600.0,6/8/2023
Maharashtra,kolhapur,Kolhapur,Onion,Other,FAQ,400.0,1400.0,900.0,6/8/2023
West Bengal,paschim bardhaman,Durgapur,Potato,Jyoti,FAQ,1300.0,1560.0,1400.0,6/8/2023
Uttar Pradesh,muzaffarnagar,Khatauli,Onion,Red,FAQ,600.0,1000.0,800.0,6/8/2023
Himachal Pradesh,una,Santoshgarh,Potato,Other,FAQ,1000.0,1200.0,1100.0,6/8/2023
Kerala,ernakulam,Piravam,Onion,Big,FAQ,1500.0,2200.0,2000.0,6/8/2023
Uttar Pradesh,pratapgarh,Pratapgarh,Onion,Other,FAQ,451.0,1160.0,628.0,6/8/2023
Rajasthan,pratapgarh,Pratapgarh,Onion,Other,FAQ,451.0,1160.0,628.0,6/8/2023
Gujarat,jamnagar,Dhrol,Wheat,Other,FAQ,1825.0,2250.0,2040.0,6/8/2023
Uttar Pradesh,amethi,Jafarganj,Onion,Red,FAQ,1200.0,1260.0,1230.0,6/8/2023
Maharashtra,nagpur,Katol,Wheat,Other,FAQ,2231.0,2301.0,2260.0,6/8/2023
Kerala,thiruvananthapuram,Vamanapuram,Onion,Other,FAQ,2200.0,2500.0,2400.0,6/8/2023
Gujarat,jamnagar,Jamnagar,Wheat,Other,FAQ,1750.0,2465.0,2250.0,6/8/2023
Maharashtra,sholapur,Kurdwadi(Modnimb),Onion,Red,FAQ,300.0,926.0,650.0,6/8/2023
Haryana,bhiwani,Ch. Dadri,Potato,Other,FAQ,1000.0,1600.0,1300.0,6/8/2023
Orissa,sambalpur,Kuchinda,Onion,Other,FAQ,1800.0,2000.0,1900.0,6/8/2023
Kerala,kottayam,Kottayam,Onion,Big,FAQ,2000.0,2400.0,2200.0,6/8/2023
Maharashtra,ahmednagar,Jamkhed,Wheat,Maharashtra 2189,FAQ,2200.0,2600.0,2400.0,6/8/2023
Karnataka,mysore,Mysore (Bandipalya),Wheat,Local,FAQ,3500.0,3500.0,3500.0,6/8/2023
Madhya Pradesh,indore,Indore(F&V),Onion,Onion,FAQ,246.0,1288.0,795.0,6/8/2023
Uttar Pradesh,lalitpur,Lalitpur,Onion,Red,FAQ,930.0,1000.0,960.0,6/8/2023
Punjab,ludhiana,Samrala,Onion,Other,FAQ,1400.0,1600.0,1500.0,6/8/2023
Punjab,muktsar,Malout,Onion,Onion,FAQ,800.0,1000.0,900.0,6/8/2023
Uttar Pradesh,aligarh,Charra,Wheat,Dara,FAQ,2280.0,2320.0,2300.0,6/8/2023
Uttar Pradesh,amethi,Jafarganj,Wheat,Dara,FAQ,2300.0,2360.0,2330.0,6/8/2023
Punjab,faridkot,Faridkot,Onion,Onion,FAQ,700.0,1200.0,1000.0,6/8/2023
Rajasthan,bundi,Bundi,Wheat,Other,FAQ,2000.0,2300.0,2150.0,6/8/2023
Rajasthan,jhalawar,Jhalarapatan,Wheat,Other,FAQ,2130.0,2300.0,2245.0,6/8/2023
Uttar Pradesh,sitapur,Viswan,Potato,Desi,FAQ,970.0,1010.0,990.0,6/8/2023
Himachal Pradesh,mandi,Mandi(Mandi),Onion,Onion,FAQ,1000.0,1800.0,1500.0,6/8/2023
Uttar Pradesh,ballia,Vilthararoad,Potato,Desi,FAQ,1000.0,1200.0,1100.0,6/8/2023
Maharashtra,pune,Junnar,Onion,Other,FAQ,600.0,1500.0,1000.0,6/8/2023
Uttar Pradesh,sambhal,Muradabad,Onion,Red,FAQ,1150.0,1190.0,1170.0,6/8/2023
Maharashtra,ahmednagar,Rahata,Potato,Other,FAQ,1300.0,1500.0,1400.0,6/8/2023
Uttar Pradesh,rampur,Rampur,Onion,Red,FAQ,1130.0,1200.0,1160.0,6/8/2023
Orissa,kendrapara,Gopa,Potato,Potato,FAQ,1400.0,1600.0,1500.0,6/8/2023
Madhya Pradesh,gwalior,Lashkar(F&V),Onion,Local,FAQ,700.0,900.0,800.0,6/8/2023
Madhya Pradesh,hoshangabad,Bankhedi,Wheat,Other,FAQ,2230.0,2259.0,2258.0,6/8/2023
Maharashtra,pune,Pune(Khadiki),Onion,Local,FAQ,600.0,1000.0,800.0,6/8/2023
West Bengal,birbhum,Rampurhat,Onion,Nasik,FAQ,1380.0,1420.0,1400.0,6/8/2023
Maharashtra,pune,Pune,Onion,Local,FAQ,600.0,1500.0,1050.0,6/8/2023
Uttar Pradesh,banda,Banda,Wheat,Dara,FAQ,2125.0,2250.0,2200.0,6/8/2023
Uttar Pradesh,gonda,Nawabganj,Onion,Red,FAQ,1150.0,1250.0,1200.0,6/8/2023
Madhya Pradesh,sidhi,Sidhi,Wheat,Mill Quality,FAQ,2125.0,2170.0,2130.0,6/8/2023
Madhya Pradesh,jabalpur,Sihora,Wheat,Mill Quality,FAQ,2182.0,2277.0,2219.0,6/8/2023
Uttar Pradesh,bulandshahar,Divai,Onion,Red,FAQ,750.0,850.0,800.0,6/8/2023
Uttar Pradesh,bahraich,Bahraich,Wheat,Dara,FAQ,2250.0,2450.0,2375.0,6/8/2023
Andhra Pradesh,medak,Sadasivpet,Onion,1st Sort,FAQ,339.0,1279.0,659.0,6/8/2023
Uttar Pradesh,prayagraj,Jasra,Wheat,Dara,FAQ,2200.0,2275.0,2235.0,6/8/2023
Madhya Pradesh,dhar,Gandhwani,Wheat,Other,FAQ,2175.0,2350.0,2300.0,6/8/2023
Uttar Pradesh,fatehpur,Jahanabad,Wheat,Other,FAQ,2200.0,2300.0,2250.0,6/8/2023
Haryana,karnal,Gharaunda,Onion,Other,FAQ,1200.0,1300.0,1300.0,6/8/2023
Uttar Pradesh,etah,Etah,Wheat,Dara,FAQ,2125.0,2450.0,2280.0,6/8/2023
West Bengal,paschim bardhaman,Durgapur,Wheat,Kalyan,FAQ,2700.0,2950.0,2850.0,6/8/2023
Uttar Pradesh,sitapur,Hargaon (Laharpur),Wheat,Dara,FAQ,2200.0,2220.0,2210.0,6/8/2023
Madhya Pradesh,dhar,Dhamnod,Wheat,Lok-1,FAQ,2300.0,2405.0,2351.0,6/8/2023
Uttar Pradesh,firozabad,Tundla,Potato,Local,FAQ,845.0,880.0,860.0,6/8/2023
Jammu & Kashmir,udhampur,Udhampur,Potato,Other,FAQ,1200.0,1600.0,1400.0,6/8/2023
Gujarat,rajkot,Dhoraji,Wheat,Lokwan,FAQ,1985.0,2300.0,2290.0,6/8/2023
West Bengal,howrah,Uluberia,Potato,Jyoti,FAQ,1460.0,1500.0,1480.0,6/8/2023
Himachal Pradesh,una,Una,Potato,Potato,FAQ,800.0,1400.0,1100.0,6/8/2023
Orissa,nuapada,Khariar Road,Onion,Other,FAQ,1500.0,2000.0,2000.0,6/8/2023
Kerala,kottayam,Pala,Onion,Big,FAQ,2000.0,2400.0,2200.0,6/8/2023
Karnataka,shimoga,Shimoga,Onion,Onion,FAQ,800.0,1600.0,1200.0,6/8/2023
Madhya Pradesh,ujjain,Khachrod,Wheat,Lokwan,FAQ,1899.0,2459.0,2175.0,6/8/2023
Uttar Pradesh,bareilly,Bareilly,Potato,Desi,FAQ,900.0,950.0,925.0,6/8/2023
Uttar Pradesh,gonda,Nawabganj,Potato,Desi,FAQ,1020.0,1080.0,1060.0,6/8/2023
Maharashtra,pune,Khed(Chakan),Onion,Other,FAQ,800.0,1300.0,1050.0,6/8/2023
Orissa,bargarh,Bargarh(Barapalli),Potato,Other,FAQ,1200.0,1400.0,1300.0,6/8/2023
Kerala,thiruvananthapuram,Aralamoodu,Potato,Potato,FAQ,3000.0,3500.0,3500.0,6/8/2023
Madhya Pradesh,panna,Ajaygarh,Wheat,Deshi,FAQ,2200.0,2270.0,2260.0,6/8/2023
Haryana,kaithal,Siwan,Onion,Other,FAQ,1100.0,1200.0,1200.0,6/8/2023
Uttar Pradesh,firozabad,Sirsaganj,Onion,Red,FAQ,840.0,1040.0,940.0,6/8/2023
Haryana,sonipat,Sonepat,Potato,Other,FAQ,1100.0,1200.0,1100.0,6/8/2023
Uttar Pradesh,agra,Fatehabad,Wheat,Dara,FAQ,2150.0,2300.0,2250.0,6/8/2023
Rajasthan,udaipur,Fatehnagar,Wheat,Local,FAQ,2150.0,2232.0,2200.0,6/8/2023
Madhya Pradesh,hoshangabad,Hoshangabad,Wheat,Other,FAQ,2125.0,2150.0,2135.0,6/8/2023
Haryana,panchkula,Raipur Rai,Onion,Other,FAQ,800.0,1000.0,800.0,6/8/2023
Maharashtra,hingoli,Hingoli,Wheat,Sharbati,FAQ,2200.0,3020.0,2610.0,6/8/2023
 Punjab,fazilka,Fazilka,Onion,Other,FAQ,1200.0,1500.0,1400.0,6/8/2023
Uttar Pradesh,shahjahanpur,Tilhar,Wheat,Dara,FAQ,2225.0,2255.0,2240.0,6/8/2023
Madhya Pradesh,dewas,Haatpipliya,Wheat,Lok -1 (Nilami Rate),FAQ,2000.0,2600.0,2300.0,6/8/2023
Uttar Pradesh,ghazipur,Gazipur,Wheat,Dara,FAQ,2140.0,2200.0,2170.0,6/8/2023
Karnataka,tumkur,Tumkur,Wheat,Super Fine,FAQ,2800.0,3400.0,3050.0,6/8/2023
Rajasthan,ganganagar,Gajsinghpur,Wheat,Other,FAQ,2050.0,2380.0,2150.0,6/8/2023
Karnataka,mysore,Mysore (Bandipalya),Potato,Potato,FAQ,1200.0,1500.0,1500.0,6/8/2023
Madhya Pradesh,raisen,Gairatganj,Wheat,Dara Mill Quality,FAQ,1865.0,2290.0,2100.0,6/8/2023
Uttar Pradesh,ghaziabad,Ghaziabad,Wheat,Dara,FAQ,2310.0,2330.0,2320.0,6/8/2023
Uttar Pradesh,etawah,Etawah,Wheat,Dara,FAQ,2200.0,2300.0,2255.0,6/8/2023
Rajasthan,hanumangarh,Goluwala,Wheat,147 Best,FAQ,2065.0,2175.0,2130.0,6/8/2023
Madhya Pradesh,chhindwara,Amarwda,Wheat,Other,FAQ,2080.0,2240.0,2160.0,6/8/2023
Maharashtra,nagpur,Ramtek,Potato,Local,FAQ,1400.0,1600.0,1500.0,6/8/2023
Haryana,mewat,Punhana,Potato,Other,FAQ,1000.0,1000.0,1000.0,6/8/2023
Uttar Pradesh,deoria,Devariya,Onion,Red,FAQ,1140.0,1160.0,1150.0,6/8/2023
Haryana,sirsa,Sirsa,Onion,Other,FAQ,700.0,1170.0,1000.0,6/8/2023
Maharashtra,latur,Aurad Shahajani,Wheat,Maharashtra 2189,FAQ,1951.0,2851.0,2401.0,6/8/2023
Himachal Pradesh,kangra,Kangra(Nagrota Bagwan),Onion,1st Sort,FAQ,1700.0,1800.0,1750.0,6/8/2023
Uttar Pradesh,firozabad,Shikohabad,Onion,Red,FAQ,750.0,950.0,850.0,6/8/2023
Maharashtra,ahmednagar,Rahuri,Potato,Other,FAQ,1400.0,1900.0,1650.0,6/8/2023
Uttar Pradesh,jhansi,Mauranipur,Potato,Desi,FAQ,1000.0,1085.0,1045.0,6/8/2023
Madhya Pradesh,vidisha,Sironj,Wheat,Other,FAQ,2055.0,3370.0,2550.0,6/8/2023
Madhya Pradesh,narsinghpur,Gotegaon,Wheat,Other,FAQ,2250.0,2315.0,2272.0,6/8/2023
Himachal Pradesh,hamirpur,Hamirpur(Nadaun),Onion,Other,FAQ,1800.0,2000.0,1900.0,6/8/2023
Orissa,jharsuguda,Jharsuguda,Onion,Other,FAQ,1500.0,1600.0,1600.0,6/8/2023
Maharashtra,jalgaon,Bhusaval,Onion,Red,FAQ,800.0,800.0,800.0,6/8/2023
Uttar Pradesh,shahjahanpur,Shahjahanpur,Onion,Red,FAQ,1025.0,1170.0,1100.0,6/8/2023
Madhya Pradesh,rajgarh,Biaora,Onion,1st Sort,FAQ,200.0,1000.0,400.0,6/8/2023
Orissa,keonjhar,Saharpada,Onion,Other,FAQ,2000.0,2200.0,2200.0,6/8/2023
Uttar Pradesh,gorakhpur,Gorakhpur,Wheat,Dara,FAQ,2240.0,2260.0,2250.0,6/8/2023
Haryana,gurgaon,Gurgaon,Onion,Other,FAQ,800.0,1000.0,900.0,6/8/2023
Rajasthan,rajsamand,Rajsamand,Onion,Onion,FAQ,1000.0,1200.0,1100.0,6/8/2023
Madhya Pradesh,ujjain,Badnagar,Wheat,Other,FAQ,1975.0,2375.0,2295.0,6/8/2023
Kerala,kottayam,Pampady,Potato,Other,FAQ,2800.0,3200.0,3000.0,6/8/2023
Madhya Pradesh,dindori,Gorakhpur,Wheat,Mill Quality,FAQ,2000.0,2000.0,2000.0,6/8/2023
West Bengal,hooghly,Pandua,Onion,Nasik,FAQ,1500.0,1700.0,1600.0,6/8/2023
Gujarat,rajkot,Jetpur(Dist.Rajkot),Onion,Onion,FAQ,500.0,1380.0,755.0,6/8/2023
Nagaland,mokokchung,Mokokchung Town,Potato,Other,FAQ,1500.0,2500.0,2000.0,6/8/2023
Kerala,ernakulam,Ernakulam,Potato,Potato,FAQ,2600.0,2800.0,2800.0,6/8/2023
Maharashtra,ahmednagar,Jamkhed,Wheat,Other,FAQ,2200.0,2400.0,2300.0,6/8/2023
Maharashtra,nashik,Lasalgaon(Vinchur),Onion,Other,FAQ,300.0,1241.0,800.0,6/8/2023
Uttar Pradesh,auraiya,Auraiya,Wheat,Dara,FAQ,2125.0,2300.0,2260.0,6/8/2023
Haryana,karnal,Tarori,Onion,Nasik,FAQ,1400.0,1500.0,1500.0,6/8/2023
West Bengal,murshidabad,Jangipur,Potato,Jyoti,FAQ,1375.0,1420.0,1400.0,6/8/2023
Uttar Pradesh,lucknow,Lucknow,Onion,Red,FAQ,1090.0,1190.0,1140.0,6/8/2023
Uttar Pradesh,banda,Atarra,Wheat,Dara,FAQ,2260.0,2320.0,2300.0,6/8/2023
Madhya Pradesh,khandwa,Khandwa(F&V),Onion,Onion,FAQ,200.0,500.0,350.0,6/8/2023
Gujarat,rajkot,Rajkot,Wheat,Sharbati,FAQ,2150.0,2650.0,2360.0,6/8/2023
West Bengal,nadia,Nadia,Onion,Other,FAQ,1700.0,1800.0,1750.0,6/8/2023
Uttar Pradesh,etah,Etah,Onion,Red,FAQ,900.0,1200.0,990.0,6/8/2023
Uttar Pradesh,fatehpur,Khaga,Onion,Red,FAQ,700.0,900.0,800.0,6/8/2023
Karnataka,hassan,Channarayapatna,Potato,Local,FAQ,2000.0,2000.0,2000.0,6/8/2023
Uttar Pradesh,badaun,Visoli,Potato,Desi,FAQ,700.0,700.0,700.0,6/8/2023
Madhya Pradesh,hoshangabad,Hoshangabad,Onion,Onion,FAQ,740.0,1300.0,980.0,6/8/2023
Maharashtra,nashik,Kalvan,Wheat,Other,FAQ,2150.0,2150.0,2150.0,6/8/2023
Madhya Pradesh,shajapur,Kalapipal,Wheat,Mill Quality,FAQ,1850.0,2125.0,2080.0,6/8/2023
Uttar Pradesh,aligarh,Aligarh,Wheat,Dara,FAQ,2290.0,2330.0,2310.0,6/8/2023
Maharashtra,jalgaon,Raver,Wheat,Other,FAQ,2175.0,2545.0,2295.0,6/8/2023
Orissa,bhadrak,Chandabali,Potato,Other,FAQ,1400.0,1600.0,1500.0,6/8/2023
Andhra Pradesh,nalgonda,Venkateswarnagar,Potato,Local,FAQ,1800.0,1800.0,1800.0,6/8/2023
Delhi,delhi,Shahdara,Onion,Nasik,FAQ,800.0,1300.0,1100.0,6/8/2023
Kerala,alappuzha,Kayamkulam,Onion,Big,FAQ,1700.0,1900.0,1800.0,6/8/2023
Kerala,ernakulam,Kothamangalam,Onion,Big,FAQ,1800.0,2500.0,2000.0,6/8/2023
Uttar Pradesh,hardoi,Shahabad(New Mandi),Wheat,Dara,FAQ,2240.0,2320.0,2280.0,6/8/2023
Kerala,kollam,Kottarakkara,Onion,Other,FAQ,2500.0,2500.0,2500.0,6/8/2023
Delhi,delhi,Azadpur,Potato,Potato,FAQ,300.0,1800.0,960.0,6/8/2023
Kerala,idukki,Thodupuzha,Onion,Big,FAQ,1600.0,1650.0,1650.0,6/8/2023
Maharashtra,nanded,Loha,Wheat,Other,FAQ,1900.0,2900.0,2400.0,6/8/2023
Rajasthan,baran,Atru,Wheat,Other,FAQ,2150.0,2400.0,2275.0,6/8/2023
Maharashtra,sholapur,Karmala,Wheat,Other,FAQ,2000.0,2525.0,2100.0,6/8/2023
Madhya Pradesh,khargone,Karhi,Wheat,Other,FAQ,2205.0,2350.0,2325.0,6/8/2023
Haryana,rohtak,Sampla,Onion,Other,FAQ,1300.0,1300.0,1300.0,6/8/2023
Punjab,barnala,Barnala,Potato,Other,FAQ,700.0,900.0,800.0,6/8/2023
Madhya Pradesh,tikamgarh,Jatara,Wheat,Other,FAQ,2125.0,2240.0,2125.0,6/8/2023
Uttar Pradesh,barabanki,Safdarganj,Onion,Red,FAQ,1000.0,1030.0,1020.0,6/8/2023
Orissa,jharsuguda,Jharsuguda,Potato,Other,FAQ,2000.0,2500.0,2000.0,6/8/2023
Rajasthan,ajmer,Madanganj Kishangarh,Wheat,Other,FAQ,2150.0,2192.0,2150.0,6/8/2023
Uttar Pradesh,fatehpur,Fatehpur,Potato,Desi,FAQ,800.0,1000.0,900.0,6/8/2023
Uttar Pradesh,agra,Fatehabad,Potato,Desi,FAQ,600.0,700.0,650.0,6/8/2023
Uttar Pradesh,pratapgarh,Pratapgarh,Wheat,Other,FAQ,2150.0,2494.0,2236.0,6/8/2023
Rajasthan,sikar,Sikar,Potato,(Red Nanital),FAQ,900.0,1000.0,900.0,6/8/2023
Rajasthan,pratapgarh,Pratapgarh,Wheat,Other,FAQ,2150.0,2494.0,2236.0,6/8/2023
Gujarat,rajkot,Jetpur(Dist.Rajkot),Wheat,Lokwan,FAQ,1855.0,2500.0,2305.0,6/8/2023
Uttar Pradesh,rampur,Milak,Wheat,Dara,FAQ,2100.0,2310.0,2200.0,6/8/2023
Rajasthan,pratapgarh,Pratapgarh,Onion,Red,FAQ,1100.0,1350.0,1200.0,6/8/2023
Kerala,idukki,Vandiperiyar,Onion,Big,FAQ,1200.0,1200.0,1200.0,6/8/2023
Uttar Pradesh,pratapgarh,Pratapgarh,Onion,Red,FAQ,1100.0,1350.0,1200.0,6/8/2023
Orissa,dhenkanal,Kamakhyanagar,Onion,Onion,FAQ,1900.0,2100.0,2000.0,6/8/2023
Uttar Pradesh,bareilly,Anwala,Potato,Local,FAQ,800.0,1000.0,900.0,6/8/2023
Madhya Pradesh,khargone,Khargone,Potato,(Red Nanital),FAQ,500.0,1000.0,800.0,6/8/2023
Rajasthan,hanumangarh,Hanumangarh,Wheat,Other,FAQ,2136.0,2234.0,2165.0,6/8/2023
Uttar Pradesh,sambhal,Muradabad,Wheat,Hybrid,FAQ,2210.0,2230.0,2220.0,6/8/2023
Uttar Pradesh,mahoba,Mahoba,Potato,Local,FAQ,1050.0,1160.0,1085.0,6/8/2023
Rajasthan,churu,Sujangarh,Onion,1st Sort,FAQ,1000.0,1200.0,1100.0,6/8/2023
Haryana,ambala,Naraingarh,Onion,Onion,FAQ,800.0,1500.0,980.0,6/8/2023
Gujarat,sabarkantha,Himatnagar,Wheat,Sonalika,FAQ,2250.0,2545.0,2398.0,6/8/2023
Madhya Pradesh,neemuch,Neemuch,Onion,Red,FAQ,300.0,1056.0,900.0,6/8/2023
Himachal Pradesh,kullu,Kullu,Potato,Other,FAQ,1500.0,2000.0,2000.0,6/8/2023
Madhya Pradesh,vidisha,Vidisha,Wheat,Sharbati,FAQ,2280.0,4101.0,2760.0,6/8/2023
Chattisgarh,durg,Durg,Onion,Nasik,FAQ,1000.0,1500.0,1250.0,6/8/2023
Himachal Pradesh,kangra,Kangra(Jaisinghpur),Potato,Potato,FAQ,1500.0,1500.0,1500.0,6/8/2023
Madhya Pradesh,chhindwara,Chhindwara,Wheat,Local,FAQ,2000.0,2710.0,2372.0,6/8/2023
Madhya Pradesh,khandwa,Khandwa(F&V),Potato,Potato,FAQ,500.0,1200.0,600.0,6/8/2023
Uttar Pradesh,ambedkarnagar,Akbarpur,Wheat,Dara,FAQ,2330.0,2370.0,2360.0,6/8/2023
Gujarat,porbandar,Porbandar,Wheat,Lokwan,FAQ,2000.0,2040.0,2020.0,6/8/2023
Rajasthan,dausa,Mandawari,Wheat,Other,FAQ,2150.0,2169.0,2162.0,6/8/2023
Orissa,dhenkanal,Kamakhyanagar,Potato,Potato,FAQ,1900.0,2100.0,2000.0,6/8/2023
Kerala,alappuzha,Kayamkulam,Onion,Small,FAQ,6900.0,7100.0,7000.0,6/8/2023
Maharashtra,latur,Ahmedpur,Wheat,Other,FAQ,2200.0,2200.0,2200.0,6/8/2023
West Bengal,murshidabad,Kandi,Potato,Jyoti,FAQ,1180.0,1225.0,1200.0,6/8/2023
West Bengal,north 24 parganas,Habra,Onion,Other,FAQ,1800.0,1950.0,1900.0,6/8/2023
Haryana,mewat,FerozpurZirkha(Nagina),Potato,Other,FAQ,1200.0,1600.0,1400.0,6/8/2023
Punjab,nawanshahr,Nawan Shahar(Subzi Mandi),Onion,Other,FAQ,1000.0,1200.0,1100.0,6/8/2023
Chhattisgarh,bilaspur,Tiphra,Onion,Other,FAQ,1100.0,1300.0,1200.0,6/8/2023
Rajasthan,jhalawar,Iklera,Wheat,Other,FAQ,2150.0,2310.0,2230.0,6/8/2023
Gujarat,bhavnagar,Mahuva(Station Road),Onion,White,FAQ,385.0,1450.0,920.0,6/8/2023
Uttar Pradesh,agra,Agra,Wheat,Dara,FAQ,2300.0,2350.0,2325.0,6/8/2023
West Bengal,puruliya,Balarampur,Potato,Other,FAQ,1100.0,1130.0,1120.0,6/8/2023
Maharashtra,amarawati,Achalpur,Wheat,Other,FAQ,2200.0,3000.0,2600.0,6/8/2023
Uttar Pradesh,bahraich,Bahraich,Potato,Desi,FAQ,1000.0,1120.0,1070.0,6/8/2023
West Bengal,howrah,Uluberia,Onion,Other,FAQ,1300.0,1700.0,1500.0,6/8/2023
Madhya Pradesh,shajapur,Agar,Wheat,Other,FAQ,1550.0,2441.0,2130.0,6/8/2023
Kerala,malappuram,Kottakkal,Potato,Other,FAQ,2600.0,2700.0,2650.0,6/8/2023
Madhya Pradesh,vidisha,Shamshabad,Wheat,Lok -1 (Nilami Rate),FAQ,1840.0,2313.0,2090.0,6/8/2023
Madhya Pradesh,chhatarpur,Chhatarpur,Wheat,Other,FAQ,2200.0,2250.0,2225.0,6/8/2023
Uttar Pradesh,bulandshahar,Buland Shahr,Wheat,Dara,FAQ,2270.0,2300.0,2280.0,6/8/2023
Madhya Pradesh,shivpuri,Shivpuri(F&V),Potato,Other,FAQ,1000.0,1000.0,1000.0,6/8/2023
Uttar Pradesh,badaun,Dataganj,Wheat,Dara,FAQ,2150.0,2200.0,2180.0,6/8/2023
Maharashtra,latur,Chakur,Wheat,Other,FAQ,2120.0,2120.0,2120.0,6/8/2023
Madhya Pradesh,mandsaur,Daloda,Wheat,Mill Quality,FAQ,1902.0,2576.0,2200.0,6/8/2023
Rajasthan,jhalawar,Choumahla,Wheat,Other,FAQ,2050.0,2250.0,2150.0,6/8/2023
Andhra Pradesh,hyderabad,Bowenpally,Onion,1st Sort,FAQ,400.0,1200.0,1000.0,6/8/2023
Maharashtra,latur,Ausa,Wheat,Maharashtra 2189,FAQ,2121.0,3375.0,2774.0,6/8/2023
Orissa,dhenkanal,Hindol,Potato,Potato,FAQ,1600.0,1800.0,1700.0,6/8/2023
Uttar Pradesh,basti,Basti,Wheat,Dara,FAQ,2125.0,2325.0,2275.0,6/8/2023
Haryana,gurgaon,Sohna,Onion,Onion,FAQ,1000.0,1400.0,1200.0,6/8/2023
Karnataka,bidar,Basava Kalayana,Wheat,Mexican,FAQ,2300.0,2799.0,2450.0,6/8/2023
Rajasthan,alwar,Barodamev,Wheat,Other,FAQ,2231.0,2234.0,2233.0,6/8/2023
Rajasthan,alwar,Laxmangarh (Barodamev),Wheat,Other,FAQ,2215.0,2243.0,2231.0,6/8/2023
Uttar Pradesh,badaun,Bilsi,Onion,Red,FAQ,1000.0,1100.0,1060.0,6/8/2023
Andhra Pradesh,hyderabad,Gudimalkapur,Potato,(Red Nanital),FAQ,600.0,1700.0,1400.0,6/8/2023
Orissa,keonjhar,Saharpada,Potato,Other,FAQ,1800.0,2000.0,2000.0,6/8/2023
Uttar Pradesh,maharajganj,Partaval,Onion,Red,FAQ,1080.0,1275.0,1180.0,6/8/2023
Uttar Pradesh,bulandshahar,Sikarpur,Onion,Red,FAQ,700.0,850.0,800.0,6/8/2023
Punjab,ludhiana,Samrala,Potato,Other,FAQ,400.0,600.0,500.0,6/8/2023
Rajasthan,chittorgarh,Begu,Wheat,Other,FAQ,2000.0,2150.0,2130.0,6/8/2023
Gujarat,rajkot,Jasdan,Wheat,2189 No. 1,FAQ,2000.0,2400.0,2135.0,6/8/2023
Rajasthan,jhalawar,Bhawani Mandi,Wheat,Other,FAQ,2070.0,2300.0,2185.0,6/8/2023
Orissa,dhenkanal,Hindol,Onion,Other,FAQ,1500.0,1800.0,1700.0,6/8/2023
West Bengal,paschim bardhaman,Asansol,Wheat,Kalyan,FAQ,2750.0,2900.0,2800.0,6/8/2023
Haryana,ambala,Shahzadpur,Potato,Potato,FAQ,900.0,1300.0,1300.0,6/8/2023
Maharashtra,nashik,Malegaon,Wheat,Other,FAQ,1900.0,2701.0,2395.0,6/8/2023
West Bengal,murshidabad,Kandi,Wheat,Other,FAQ,2250.0,2285.0,2265.0,6/8/2023
Gujarat,kheda,Kapadvanj,Wheat,Other,FAQ,2150.0,2250.0,2200.0,6/8/2023
Madhya Pradesh,guna,Maksudangarh,Wheat,Other,FAQ,2041.0,2298.0,2150.0,6/8/2023
Uttar Pradesh,auraiya,Dibiapur,Onion,Red,FAQ,900.0,1100.0,1000.0,6/8/2023
Uttar Pradesh,jhansi,Jhansi,Onion,Red,FAQ,950.0,1000.0,975.0,6/8/2023
Maharashtra,nashik,Mankamneshwar Farmar Producer CoLtd Sanchalit Mank,Onion,Other,FAQ,251.0,901.0,502.11,6/8/2023
Madhya Pradesh,mandsaur,Mandsaur(F&V),Potato,Other,FAQ,700.0,1600.0,1100.0,6/8/2023
Maharashtra,ahmednagar,Kopargaon,Wheat,Other,FAQ,2280.0,2410.0,2350.0,6/8/2023
Himachal Pradesh,hamirpur,Maudaha,Onion,Red,FAQ,920.0,1020.0,980.0,6/8/2023
Himachal Pradesh,mandi,Mandi(Mandi),Potato,Potato,FAQ,1000.0,1500.0,1200.0,6/8/2023
Rajasthan,baran,Kawai Salpura (Atru),Wheat,Other,FAQ,2160.0,2356.0,2258.0,6/8/2023
Uttar Pradesh,agra,Jagnair,Wheat,Dara,FAQ,2150.0,2200.0,2175.0,6/8/2023
Uttar Pradesh,jhansi,Gurusarai,Onion,Red,FAQ,930.0,1025.0,985.0,6/8/2023
West Bengal,puruliya,Kasipur,Onion,Other,FAQ,1460.0,1600.0,1500.0,6/8/2023
Kerala,malappuram,Kondotty,Onion,Other,FAQ,1800.0,2000.0,1900.0,6/8/2023
Madhya Pradesh,rewa,Chaakghat,Wheat,147 Average,FAQ,2200.0,2250.0,2220.0,6/8/2023
Madhya Pradesh,mandsaur,Sitmau,Wheat,Other,FAQ,2010.0,2411.0,2210.0,6/8/2023
Uttar Pradesh,maharajganj,Partaval,Potato,Desi,FAQ,850.0,1100.0,960.0,6/8/2023
Madhya Pradesh,dewas,Khategaon,Wheat,Other,FAQ,1900.0,2650.0,2275.0,6/8/2023
Uttar Pradesh,amroha,Dhanaura,Onion,Medium,FAQ,800.0,1000.0,900.0,6/8/2023
Maharashtra,nashik,Satana,Onion,Other,FAQ,200.0,1300.0,715.0,6/8/2023
Madhya Pradesh,indore,Sanwer,Onion,Other,FAQ,550.0,850.0,675.0,6/8/2023
Punjab,sangrur,Bhawanigarh,Potato,Other,FAQ,600.0,800.0,700.0,6/8/2023
Madhya Pradesh,raisen,Silvani,Wheat,147 Average,FAQ,2100.0,2270.0,2230.0,6/8/2023
Punjab,patiala,Nabha,Onion,Other,FAQ,900.0,1500.0,1100.0,6/8/2023
Rajasthan,alwar,Kherli,Wheat,Other,FAQ,2154.0,2230.0,2167.0,6/8/2023
Madhya Pradesh,rajgarh,Khilchipur,Wheat,147 Average,FAQ,2120.0,2238.0,2175.0,6/8/2023
Uttar Pradesh,aligarh,Khair,Onion,Red,FAQ,1050.0,1120.0,1080.0,6/8/2023
Maharashtra,amarawati,Chandur Bazar,Wheat,Other,FAQ,2200.0,2600.0,2500.0,6/8/2023
Punjab,ludhiana,Ludhiana,Onion,Other,FAQ,400.0,1200.0,900.0,6/8/2023
West Bengal,nadia,Bethuadahari,Potato,F.A.Q.,FAQ,1470.0,1510.0,1490.0,6/8/2023
Haryana,panipat,Madlauda,Onion,Other,FAQ,1000.0,1200.0,1100.0,6/8/2023
Madhya Pradesh,katni,Katni,Wheat,Other,FAQ,2250.0,2326.0,2289.0,6/8/2023
Rajasthan,hanumangarh,Goluwala,Onion,1st Sort,FAQ,1200.0,1200.0,1200.0,6/8/2023
West Bengal,bankura,Bishnupur(Bankura),Wheat,Sonalika,FAQ,2150.0,2300.0,2200.0,6/8/2023
West Bengal,birbhum,Birbhum,Wheat,Sonalika,FAQ,2800.0,2900.0,2850.0,6/8/2023
Uttar Pradesh,amethi,Jafarganj,Potato,Badshah,FAQ,1030.0,1100.0,1060.0,6/8/2023
Maharashtra,raigad,Karjat(Raigad),Wheat,Other,FAQ,2200.0,2500.0,2400.0,6/8/2023
Maharashtra,nashik,Lasalgaon,Wheat,Maharashtra 2189,FAQ,2200.0,2700.0,2551.0,6/8/2023
Haryana,yamuna nagar,Sadhaura,Potato,Potato,FAQ,700.0,900.0,800.0,6/8/2023
Kerala,ernakulam,Thrippunithura,Potato,Potato,FAQ,3500.0,4000.0,3700.0,6/8/2023
Gujarat,rajkot,Gondal,Wheat,Sechor No. 1,FAQ,2140.0,2780.0,2350.0,6/8/2023
Uttar Pradesh,maharajganj,Anandnagar,Wheat,Dara,FAQ,2125.0,2260.0,2235.0,6/8/2023
Rajasthan,ganganagar,Lalgarh Jatan,Wheat,Other,FAQ,2170.0,2170.0,2170.0,6/8/2023
Madhya Pradesh,shajapur,Kalapipal,Wheat,MP Sharbati,FAQ,2530.0,3090.0,2740.0,6/8/2023
Rajasthan,dausa,Lalsot,Wheat,Other,FAQ,2134.0,2299.0,2210.0,6/8/2023
Chandigarh,chandigarh,Chandigarh(Grain/Fruit),Onion,Other,FAQ,800.0,1600.0,1200.0,6/8/2023
Uttar Pradesh,deoria,Devariya,Potato,Potato,FAQ,970.0,990.0,980.0,6/8/2023
Madhya Pradesh,morena,Banmorkalan,Wheat,147 Average,FAQ,2125.0,2125.0,2125.0,6/8/2023
Uttar Pradesh,barabanki,Safdarganj,Potato,Desi,FAQ,1000.0,1100.0,1050.0,6/8/2023
Uttar Pradesh,ballia,Ballia,Wheat,Dara,FAQ,2140.0,2260.0,2200.0,6/8/2023
Maharashtra,nashik,Lasalgaon(Niphad),Wheat,Maharashtra 2189,FAQ,2027.0,2461.0,2311.0,6/8/2023
Uttar Pradesh,fatehpur,Bindki,Wheat,Dara,FAQ,2125.0,2250.0,2210.0,6/8/2023
Uttar Pradesh,jhansi,Chirgaon,Onion,Red,FAQ,925.0,965.0,945.0,6/8/2023
Uttar Pradesh,jaunpur,Mugrabaadshahpur,Onion,Red,FAQ,1035.0,1235.0,1135.0,6/8/2023
Gujarat,rajkot,Jetpur(Dist.Rajkot),Wheat,Other,FAQ,2505.0,3020.0,2755.0,6/8/2023
West Bengal,murshidabad,Jiaganj,Potato,Jyoti,FAQ,1600.0,1680.0,1640.0,6/8/2023
West Bengal,alipurduar,Falakata,Tomato,Other,FAQ,1700.0,1900.0,1800.0,6/8/2023
Uttar Pradesh,etawah,Etawah,Potato,Desi,FAQ,780.0,980.0,880.0,6/8/2023
Orissa,keonjhar,Keonjhar(Dhekikote),Tomato,Other,FAQ,2200.0,2500.0,2500.0,6/8/2023
Himachal Pradesh,hamirpur,Muskara,Tomato,Deshi,FAQ,1000.0,1050.0,1025.0,6/8/2023
Madhya Pradesh,dewas,Dewas(F&V),Tomato,Other,FAQ,300.0,1000.0,600.0,6/8/2023
Uttar Pradesh,aligarh,Khair,Wheat,Dara,FAQ,2270.0,2300.0,2290.0,6/8/2023
Haryana,panchkula,Barwala,Potato,Other,FAQ,600.0,800.0,700.0,6/8/2023
West Bengal,north 24 parganas,Barasat,Tomato,Other,FAQ,3000.0,3000.0,3000.0,6/8/2023
Gujarat,ahmedabad,Ahmedabad(Chimanbhai Patal Market Vasana),Potato,Desi,FAQ,600.0,1100.0,900.0,6/8/2023
Maharashtra,nashik,Pimpalgaon,Tomato,Other,FAQ,350.0,1405.0,1100.0,6/8/2023
Maharashtra,jalgaon,Jalgaon,Tomato,Other,FAQ,500.0,1250.0,900.0,6/8/2023
Punjab,hoshiarpur,GarhShankar (Kotfatuhi),Tomato,Other,FAQ,500.0,1000.0,700.0,6/8/2023
Haryana,sirsa,kalanwali,Tomato,Other,FAQ,500.0,500.0,500.0,6/8/2023
Madhya Pradesh,guna,Kumbhraj,Wheat,Medium,FAQ,2130.0,2450.0,2240.0,6/8/2023
Madhya Pradesh,seoni,Lakhnadon,Wheat,Mill Quality,FAQ,1900.0,2215.0,2000.0,6/8/2023
Haryana,sirsa,kalanwali,Potato,Other,FAQ,800.0,800.0,800.0,6/8/2023
Andhra Pradesh,mahbubnagar,Shadnagar,Tomato,Deshi,FAQ,2400.0,2900.0,2500.0,6/8/2023
Delhi,delhi,Shahdara,Tomato,Tomato,FAQ,1000.0,1500.0,1200.0,6/8/2023
Haryana,fatehabad,Jakhal,Tomato,Other,FAQ,700.0,700.0,700.0,6/8/2023
Uttar Pradesh,jhansi,Gurusarai,Tomato,Local,FAQ,940.0,1025.0,980.0,6/8/2023
Punjab,nawanshahr,Nawan Shahar(Mandi Aur),Tomato,Deshi,FAQ,900.0,900.0,900.0,6/8/2023
Haryana,faridabad,"New Grain Market , Faridabad",Tomato,Deshi,FAQ,400.0,1000.0,700.0,6/8/2023
Rajasthan,hanumangarh,Hanumangarh(Urlivas),Potato,(Red Nanital),FAQ,900.0,900.0,900.0,6/8/2023
Haryana,panchkula,Barwala,Onion,Onion,FAQ,800.0,1000.0,900.0,6/8/2023
Maharashtra,nagpur,Kalmeshwar,Tomato,Other,FAQ,615.0,1000.0,805.0,6/8/2023
Haryana,ambala,Naraingarh,Tomato,Tomato,FAQ,500.0,1000.0,700.0,6/8/2023
Kerala,kottayam,Ettumanoor,Potato,Potato,FAQ,2600.0,3000.0,2800.0,6/8/2023
Madhya Pradesh,seoni,Keolari,Wheat,Local,FAQ,2175.0,2230.0,2202.0,6/8/2023
Uttar Pradesh,gorakhpur,Chorichora,Tomato,Hybrid,FAQ,1100.0,1200.0,1140.0,6/8/2023
Punjab,muktsar,Bariwala,Tomato,Other,FAQ,400.0,400.0,400.0,6/8/2023
Orissa,bargarh,Bargarh,Tomato,Other,FAQ,1000.0,1200.0,1100.0,6/8/2023
Uttar Pradesh,auraiya,Auraiya,Tomato,Hybrid,FAQ,900.0,1070.0,1020.0,6/8/2023
Haryana,kurukshetra,Shahabad,Tomato,Tomato,FAQ,300.0,600.0,400.0,6/8/2023
Rajasthan,hanumangarh,Bhadara,Tomato,Deshi,FAQ,800.0,1000.0,946.0,6/8/2023
Uttar Pradesh,mahoba,Mahoba,Tomato,Local,FAQ,950.0,1060.0,980.0,6/8/2023
Uttar Pradesh,banda,Banda,Tomato,Hybrid,FAQ,960.0,1100.0,1040.0,6/8/2023
Madhya Pradesh,indore,Indore,Wheat,Lokwan,FAQ,2056.0,2740.0,2250.0,6/8/2023
Orissa,dhenkanal,Kamakhyanagar,Tomato,Tomato,FAQ,4800.0,5200.0,5000.0,6/8/2023
Madhya Pradesh,anupur,Jaithari,Wheat,Other,FAQ,2200.0,2200.0,2200.0,6/8/2023
Orissa,nuapada,Khariar Road,Tomato,Other,FAQ,3000.0,3100.0,3000.0,6/8/2023
Karnataka,chikmagalur,Bagepalli,Tomato,Tomato,FAQ,600.0,1150.0,850.0,6/8/2023
Uttar Pradesh,mainpuri,Ghiraur,Onion,Red,FAQ,830.0,1030.0,930.0,6/8/2023
Andhra Pradesh,warangal,Hanmarkonda(Rythu Bazar),Potato,Potato,FAQ,2200.0,2500.0,2400.0,6/8/2023
Punjab,faridkot,Faridkot,Potato,Potato,FAQ,400.0,700.0,500.0,6/8/2023
Karnataka,hassan,Hassan,Potato,Potato,FAQ,1666.0,1666.0,1666.0,6/8/2023
Haryana,jind,Jind,Tomato,Other,FAQ,600.0,850.0,800.0,6/8/2023
Maharashtra,pune,Khed(Chakan),Tomato,Other,FAQ,1200.0,1600.0,1400.0,6/8/2023
Uttar Pradesh,lucknow,Lucknow,Potato,Desi,FAQ,950.0,1050.0,1000.0,6/8/2023
Orissa,angul,Angul,Tomato,Other,FAQ,2000.0,3000.0,2500.0,6/8/2023
Punjab,sangrur,Lehra Gaga,Potato,Other,FAQ,900.0,900.0,900.0,6/8/2023
West Bengal,nadia,Chakdah,Onion,Other,FAQ,1600.0,1750.0,1700.0,6/8/2023
Gujarat,gandhinagar,Kalol,Wheat,Other,FAQ,2200.0,2500.0,2350.0,6/8/2023
Orissa,angul,Angul,Onion,Other,FAQ,1800.0,2000.0,2000.0,6/8/2023
Uttar Pradesh,jhansi,Moth,Tomato,Deshi,FAQ,1300.0,1400.0,1350.0,6/8/2023
Uttar Pradesh,mirzapur,Mirzapur,Wheat,Dara,FAQ,2085.0,2235.0,2125.0,6/8/2023
West Bengal,hooghly,Pandua,Tomato,Hybrid,FAQ,2600.0,2800.0,2700.0,6/8/2023
Maharashtra,nagpur,Hingna,Tomato,Other,FAQ,1200.0,2000.0,1700.0,6/8/2023
Haryana,sirsa,Dabwali,Potato,Other,FAQ,500.0,1000.0,800.0,6/8/2023
Madhya Pradesh,tikamgarh,Niwadi,Wheat,Lokwan,FAQ,2126.0,2250.0,2210.0,6/8/2023
West Bengal,alipurduar,Alipurduar,Tomato,Other,FAQ,2000.0,2200.0,2100.0,6/8/2023
Gujarat,gandhinagar,"Kalol(Veg,Market,Kalol)",Tomato,Other,FAQ,1000.0,1500.0,1250.0,6/8/2023
Uttar Pradesh,gorakhpur,Gorakhpur,Potato,Red,FAQ,1000.0,1200.0,1125.0,6/8/2023
Punjab,jalandhar,Jalandhar City(Jalandhar),Potato,Other,FAQ,140.0,1020.0,500.0,6/8/2023
Uttar Pradesh,auraiya,Achalda,Tomato,Hybrid,FAQ,900.0,1000.0,920.0,6/8/2023
Rajasthan,tonk,Niwai,Wheat,Other,FAQ,2116.0,2200.0,2158.0,6/8/2023
West Bengal,bankura,Bishnupur(Bankura),Onion,Nasik,FAQ,1500.0,1650.0,1600.0,6/8/2023
Kerala,alappuzha,Aroor,Onion,Small,FAQ,5800.0,6000.0,5900.0,6/8/2023
Punjab,hoshiarpur,GarhShankar (Kotfatuhi),Potato,Other,FAQ,700.0,850.0,800.0,6/8/2023
Maharashtra,sangli,Islampur,Tomato,Other,FAQ,1000.0,1600.0,1350.0,6/8/2023
Haryana,sonipat,Ganaur,Potato,Potato,FAQ,1000.0,1200.0,1200.0,6/8/2023
Haryana,ambala,Ambala City(Subji Mandi),Potato,Other,FAQ,580.0,675.0,615.0,6/8/2023
Orissa,kendrapara,Gopa,Tomato,Tomato,FAQ,2500.0,3000.0,3000.0,6/8/2023
Maharashtra,jalgaon,Bhusaval,Tomato,Other,FAQ,500.0,500.0,500.0,6/8/2023
Rajasthan,bharatpur,Bayana,Tomato,Other,FAQ,800.0,800.0,800.0,6/8/2023
Uttar Pradesh,hardoi,Sandila,Tomato,Hybrid,FAQ,950.0,1050.0,1000.0,6/8/2023
Uttar Pradesh,banda,Baberu,Tomato,Hybrid,FAQ,980.0,1110.0,1040.0,6/8/2023
Maharashtra,satara,Phaltan,Tomato,Other,FAQ,500.0,2000.0,1258.0,6/8/2023
Uttar Pradesh,jhansi,Jhansi,Potato,Desi,FAQ,980.0,1045.0,1025.0,6/8/2023
Maharashtra,kolhapur,Vadgaonpeth,Tomato,Local,FAQ,900.0,1500.0,1200.0,6/8/2023
Delhi,delhi,Azadpur,Tomato,Tomato,FAQ,120.0,1200.0,606.0,6/8/2023
Uttar Pradesh,jaunpur,Jaunpur,Potato,Badshah,FAQ,920.0,980.0,940.0,6/8/2023
Uttar Pradesh,prayagraj,Ajuha,Potato,Desi,FAQ,800.0,970.0,900.0,6/8/2023
Maharashtra,pune,Pune,Tomato,Local,FAQ,600.0,1600.0,1100.0,6/8/2023
Uttar Pradesh,maharajganj,Partaval,Tomato,Hybrid,FAQ,1000.0,1225.0,1125.0,6/8/2023
West Bengal,hooghly,Champadanga,Onion,Nasik,FAQ,1400.0,1500.0,1450.0,6/8/2023
Haryana,fatehabad,Jakhal,Potato,Other,FAQ,1000.0,1000.0,1000.0,6/8/2023
Uttar Pradesh,bulandshahar,Anoop Shahar,Onion,Red,FAQ,1200.0,1600.0,1400.0,6/8/2023
Uttar Pradesh,agra,Fatehpur Sikri,Potato,Local,FAQ,750.0,950.0,855.0,6/8/2023
Jammu & Kashmir,kathua,Kathua,Potato,Potato,FAQ,700.0,800.0,750.0,6/8/2023
Rajasthan,hanumangarh,Hanumangarh(Urlivas),Tomato,Deshi,FAQ,1700.0,1700.0,1700.0,6/8/2023
Karnataka,bangalore,Bangalore,Onion,Bangalore-Samall,FAQ,400.0,800.0,600.0,6/8/2023
Rajasthan,hanumangarh,Hanumangarh,Tomato,Deshi,FAQ,1700.0,1700.0,1700.0,6/8/2023
Uttar Pradesh,muzaffarnagar,Muzzafarnagar,Wheat,Dara,FAQ,2130.0,2300.0,2250.0,6/8/2023
West Bengal,puruliya,Purulia,Tomato,Other,FAQ,1800.0,2200.0,1900.0,6/8/2023
Kerala,idukki,Adimali,Tomato,Hybrid,FAQ,6000.0,6000.0,6000.0,6/8/2023
Gujarat,ahmedabad,Ahmedabad(Chimanbhai Patal Market Vasana),Potato,Chips,FAQ,1500.0,1800.0,1700.0,6/8/2023
Karnataka,kolar,Gowribidanoor,Tomato,Tomato,FAQ,1900.0,2500.0,2200.0,6/8/2023
Madhya Pradesh,jabalpur,Jabalpur(F&V),Tomato,Deshi,FAQ,1600.0,2000.0,1800.0,6/8/2023
Haryana,gurgaon,Gurgaon,Tomato,Other,FAQ,500.0,700.0,600.0,6/8/2023
Uttar Pradesh,maharajganj,Gadaura,Potato,Red,FAQ,700.0,900.0,800.0,6/8/2023
Kerala,ernakulam,Angamaly,Potato,Potato,FAQ,2500.0,3500.0,3000.0,6/8/2023
Madhya Pradesh,rajgarh,Sarangpur,Tomato,Tomato,FAQ,1500.0,2500.0,2000.0,6/8/2023
Andhra Pradesh,adilabad,Adilabad(Rythu Bazar),Tomato,Other,FAQ,5000.0,5000.0,5000.0,6/8/2023
Haryana,mewat,Tauru,Tomato,Tomato,FAQ,1000.0,1000.0,1000.0,6/8/2023
Himachal Pradesh,kangra,Kangra(Jaisinghpur),Tomato,Tomato,FAQ,1500.0,1600.0,1550.0,6/8/2023
Uttar Pradesh,sambhal,Sambhal,Tomato,Deshi,FAQ,1000.0,1400.0,1250.0,6/8/2023
Kerala,idukki,Vandiperiyar,Tomato,Other,FAQ,1224.0,1224.0,1224.0,6/8/2023
Himachal Pradesh,mandi,Dhanotu (Mandi),Potato,Other,FAQ,1100.0,1700.0,1400.0,6/8/2023
Haryana,bhiwani,Bhiwani,Onion,Other,FAQ,800.0,1100.0,900.0,6/8/2023
Madhya Pradesh,jhabua,Thandla,Tomato,Deshi,FAQ,800.0,1200.0,1000.0,6/8/2023
Andhra Pradesh,adilabad,Mancharial,Tomato,Deshi,FAQ,3200.0,3200.0,3200.0,6/8/2023
Uttar Pradesh,bareilly,Anwala,Onion,Red,FAQ,800.0,1000.0,900.0,6/8/2023
Maharashtra,pune,Pune(Khadiki),Tomato,Local,FAQ,700.0,1300.0,1000.0,6/8/2023
Orissa,bargarh,Bargarh(Barapalli),Tomato,Other,FAQ,1000.0,1200.0,1100.0,6/8/2023
Madhya Pradesh,dewas,Haatpipliya,Potato,Potato,FAQ,1200.0,1600.0,1400.0,6/8/2023
Himachal Pradesh,una,Una,Tomato,Tomato,FAQ,800.0,1400.0,1100.0,6/8/2023
Uttar Pradesh,bahraich,Bahraich,Tomato,Hybrid,FAQ,1560.0,1700.0,1630.0,6/8/2023
Punjab,moga,Baghapurana,Tomato,Tomato,FAQ,500.0,700.0,600.0,6/8/2023
Rajasthan,bikaner,Bikaner (F&V),Potato,Other,FAQ,700.0,900.0,800.0,6/8/2023
Kerala,ernakulam,Kothamangalam,Potato,Other,FAQ,2500.0,3000.0,2800.0,6/8/2023
Uttar Pradesh,badaun,Badayoun,Tomato,Deshi,FAQ,700.0,820.0,750.0,6/8/2023
Karnataka,davangere,Davangere,Tomato,Tomato,FAQ,2000.0,2800.0,2500.0,6/8/2023
Nagaland,longleng,Longleng,Tomato,Tomato,FAQ,2100.0,2400.0,2200.0,6/8/2023
Uttar Pradesh,basti,Basti,Onion,Red,FAQ,1090.0,1190.0,1140.0,6/8/2023
West Bengal,north 24 parganas,Habra,Tomato,Other,FAQ,1600.0,1800.0,1800.0,6/8/2023
Madhya Pradesh,khargone,Badwaha,Onion,Other,FAQ,650.0,1400.0,800.0,6/8/2023
Uttar Pradesh,badaun,Visoli,Wheat,Dara,FAQ,2200.0,2325.0,2248.0,6/8/2023
Orissa,nuapada,Khariar,Tomato,Tomato,FAQ,3000.0,3100.0,3000.0,6/8/2023
Uttar Pradesh,lalitpur,Lalitpur,Tomato,Hybrid,FAQ,820.0,880.0,850.0,6/8/2023
Himachal Pradesh,hamirpur,Hamirpur(Nadaun),Tomato,Other,FAQ,1500.0,2200.0,1800.0,6/8/2023
Uttar Pradesh,gonda,Gonda,Tomato,Deshi,FAQ,1550.0,1570.0,1560.0,6/8/2023
Uttar Pradesh,rampur,Rampur,Tomato,Deshi,FAQ,825.0,875.0,845.0,6/8/2023
Uttar Pradesh,badaun,Badayoun,Onion,Nasik,FAQ,1100.0,1210.0,1155.0,6/8/2023
Uttar Pradesh,fatehpur,Khaga,Tomato,Hybrid,FAQ,700.0,900.0,800.0,6/8/2023
Kerala,kottayam,Thalayolaparambu,Tomato,Tomato,FAQ,3700.0,4000.0,3900.0,6/8/2023
Punjab,ludhiana,Doraha,Potato,Other,FAQ,800.0,1000.0,945.0,6/8/2023
Uttar Pradesh,aligarh,Charra,Tomato,Deshi,FAQ,700.0,850.0,780.0,6/8/2023
Andhra Pradesh,warangal,Warangal,Tomato,Tomato,FAQ,2400.0,2600.0,2500.0,6/8/2023
Uttar Pradesh,meerut,Meerut,Tomato,Local,FAQ,610.0,925.0,835.0,6/8/2023
Kerala,alappuzha,Alappuzha,Potato,Other,FAQ,3500.0,4000.0,3500.0,6/8/2023
Uttar Pradesh,saharanpur,Gangoh,Tomato,Deshi,FAQ,500.0,1000.0,800.0,6/8/2023
Uttar Pradesh,ballia,Vilthararoad,Wheat,Dara,FAQ,2125.0,2300.0,2200.0,6/8/2023
Uttar Pradesh,bareilly,Bareilly,Onion,Red,FAQ,1100.0,1150.0,1120.0,6/8/2023
Madhya Pradesh,shivpuri,Shivpuri,Wheat,Other,FAQ,2000.0,2250.0,2150.0,6/8/2023
Uttar Pradesh,bareilly,Bareilly,Tomato,Deshi,FAQ,700.0,750.0,725.0,6/8/2023
Punjab,ludhiana,Doraha,Tomato,Other,FAQ,500.0,1200.0,879.0,6/8/2023
Maharashtra,kolhapur,Kolhapur,Tomato,Other,FAQ,500.0,1700.0,1100.0,6/8/2023
Kerala,ernakulam,Aluva,Onion,Big,FAQ,1600.0,2000.0,1800.0,6/8/2023
Orissa,kalahandi,Bhawanipatna,Potato,Potato,FAQ,2000.0,2000.0,2000.0,6/8/2023
Uttar Pradesh,auraiya,Achalda,Potato,Badshah,FAQ,800.0,900.0,880.0,6/8/2023
Uttar Pradesh,baghpat,Baraut,Tomato,Deshi,FAQ,900.0,1000.0,950.0,6/8/2023
 Punjab,fazilka,Fazilka,Tomato,Other,FAQ,900.0,1200.0,1000.0,6/8/2023
Uttar Pradesh,bulandshahar,Siyana,Wheat,Dara,FAQ,2160.0,2200.0,2180.0,6/8/2023
Uttar Pradesh,bulandshahar,Anoop Shahar,Tomato,Deshi,FAQ,700.0,900.0,800.0,6/8/2023
Uttar Pradesh,firozabad,Firozabad,Potato,Desi,FAQ,720.0,900.0,820.0,6/8/2023
Kerala,ernakulam,Thrippunithura,Tomato,Tomato,FAQ,5000.0,5200.0,5000.0,6/8/2023
Karnataka,kolar,Chintamani,Onion,Onion,FAQ,800.0,1500.0,1000.0,6/8/2023
Madhya Pradesh,rajgarh,Biaora,Tomato,Deshi,FAQ,800.0,1000.0,900.0,6/8/2023
Uttar Pradesh,saharanpur,Gangoh,Potato,Desi,FAQ,1000.0,1200.0,1100.0,6/8/2023
Himachal Pradesh,chamba,Chamba,Tomato,Other,FAQ,1600.0,1800.0,1700.0,6/8/2023
Andhra Pradesh,mahbubnagar,Mahabubnagar(Rythu Bazar),Tomato,Deshi,FAQ,3000.0,3400.0,3200.0,6/8/2023
Kerala,kollam,Kottarakkara,Tomato,Other,FAQ,4000.0,4000.0,4000.0,6/8/2023
Haryana,ambala,Shahzadpur,Tomato,Local,FAQ,700.0,1300.0,1000.0,6/8/2023
Uttar Pradesh,prayagraj,Allahabad,Potato,Desi,FAQ,850.0,950.0,900.0,6/8/2023
Orissa,khurda,Balugaon,Potato,Other,FAQ,1600.0,1750.0,1700.0,6/8/2023
West Bengal,paschim bardhaman,Asansol,Tomato,Hybrid,FAQ,2150.0,2400.0,2200.0,6/8/2023
Himachal Pradesh,hamirpur,Raath,Tomato,Deshi,FAQ,980.0,1055.0,1030.0,6/8/2023
Haryana,kurukshetra,Thanesar,Tomato,Tomato,FAQ,400.0,600.0,500.0,6/8/2023
West Bengal,bankura,Khatra,Potato,Jyoti,FAQ,1220.0,1260.0,1240.0,6/8/2023
Haryana,faridabad,Ballabhgarh,Onion,Other,FAQ,600.0,800.0,700.0,6/8/2023
Uttar Pradesh,barabanki,Barabanki,Tomato,Hybrid,FAQ,1450.0,1560.0,1500.0,6/8/2023
Madhya Pradesh,sheopur,Syopurkalan(F&V),Tomato,Other,FAQ,400.0,600.0,500.0,6/8/2023
Madhya Pradesh,chhindwara,Chaurai,Wheat,Other,FAQ,2280.0,2375.0,2305.0,6/8/2023
Haryana,faridabad,Ballabhgarh,Tomato,Other,FAQ,800.0,1000.0,900.0,6/8/2023
Uttar Pradesh,balrampur,Balrampur,Tomato,Deshi,FAQ,1340.0,1560.0,1450.0,6/8/2023
Orissa,bhadrak,Chandabali,Onion,Other,FAQ,1600.0,1800.0,1700.0,6/8/2023
Gujarat,dahod,Dahod,Wheat,Lokwan,FAQ,2400.0,2575.0,2500.0,6/8/2023
Rajasthan,tonk,Deoli,Wheat,Other,FAQ,2140.0,2400.0,2270.0,6/8/2023
Andhra Pradesh,karimnagar,Karimnagar(Rythu Bazar),Tomato,Deshi,FAQ,4000.0,4500.0,4200.0,6/8/2023
West Bengal,puruliya,Balarampur,Tomato,Other,FAQ,2000.0,2800.0,2500.0,6/8/2023
Haryana,rohtak,Meham,Tomato,Deshi,FAQ,700.0,700.0,700.0,6/8/2023
Maharashtra,satara,Karad,Tomato,Other,FAQ,1000.0,1300.0,1300.0,6/8/2023
Uttar Pradesh,prayagraj,Sirsa,Tomato,Deshi,FAQ,900.0,1000.0,950.0,6/8/2023
Karnataka,mandya,K.R. Pet,Tomato,Tomato,FAQ,1000.0,1000.0,1000.0,6/8/2023
Kerala,kottayam,Kanjirappally,Tomato,Tomato,FAQ,5500.0,6000.0,5800.0,6/8/2023
West Bengal,bankura,Bishnupur(Bankura),Potato,Jyoti,FAQ,1220.0,1250.0,1240.0,6/8/2023
Punjab,amritsar,Mehta,Tomato,Deshi,FAQ,600.0,600.0,600.0,6/8/2023
Madhya Pradesh,bhopal,Bhopal(F&V),Tomato,Other,FAQ,400.0,1000.0,700.0,6/8/2023
West Bengal,nadia,Karimpur,Potato,Jyoti,FAQ,1450.0,1550.0,1500.0,6/8/2023
Gujarat,kheda,Kapadvanj,Potato,Other,FAQ,900.0,1150.0,1025.0,6/8/2023
Uttar Pradesh,firozabad,Firozabad,Wheat,Dara,FAQ,2310.0,2360.0,2340.0,6/8/2023
Rajasthan,hanumangarh,Hanumangarh Town,Tomato,Deshi,FAQ,700.0,700.0,700.0,6/8/2023
Haryana,bhiwani,Bhiwani,Tomato,Tomato,FAQ,1000.0,1500.0,1200.0,6/8/2023
Andhra Pradesh,hyderabad,L B Nagar,Tomato,Deshi,FAQ,1400.0,2600.0,2000.0,6/8/2023
Gujarat,gandhinagar,Mansa(Manas Veg Yard),Tomato,Other,FAQ,2000.0,2000.0,2000.0,6/8/2023
Kerala,malappuram,Manjeri,Tomato,Other,FAQ,2300.0,2400.0,2350.0,6/8/2023
Maharashtra,pune,Manchar,Tomato,Other,FAQ,1000.0,2450.0,1700.0,6/8/2023
Madhya Pradesh,burhanpur,Burhanpur,Wheat,Other,FAQ,1976.0,2240.0,2199.0,6/8/2023
Kerala,ernakulam,Ernakulam,Tomato,Tomato,FAQ,4000.0,4300.0,4300.0,6/8/2023
Rajasthan,sirohi,Abu Road,Onion,Other,FAQ,875.0,925.0,900.0,6/8/2023
West Bengal,nadia,Ranaghat,Potato,Jyoti,FAQ,1460.0,1500.0,1480.0,6/8/2023
Uttar Pradesh,pratapgarh,Pratapgarh,Tomato,Deshi,FAQ,1650.0,1850.0,1720.0,6/8/2023
Rajasthan,pratapgarh,Pratapgarh,Tomato,Deshi,FAQ,1650.0,1850.0,1720.0,6/8/2023
Uttar Pradesh,hardoi,Hardoi,Tomato,Hybrid,FAQ,1000.0,1050.0,1025.0,6/8/2023
Delhi,delhi,Azadpur,Onion,Onion,FAQ,375.0,1500.0,1031.0,6/8/2023
Punjab,jalandhar,Mehatpur,Tomato,Local,FAQ,1000.0,1000.0,1000.0,6/8/2023
Uttar Pradesh,aligarh,Khair,Potato,Desi,FAQ,850.0,940.0,910.0,6/8/2023
Uttar Pradesh,sambhal,Bhehjoi,Wheat,Dara,FAQ,2200.0,2320.0,2250.0,6/8/2023
Andhra Pradesh,nalgonda,Miryalguda(Rythu Bazar),Tomato,Deshi,FAQ,3000.0,3400.0,3200.0,6/8/2023
Uttar Pradesh,agra,Fatehabad,Tomato,Deshi,FAQ,600.0,700.0,650.0,6/8/2023
Madhya Pradesh,shivpuri,Shivpuri(F&V),Tomato,Other,FAQ,1000.0,1000.0,1000.0,6/8/2023
Punjab,barnala,Barnala,Onion,Other,FAQ,600.0,1300.0,950.0,6/8/2023
Himachal Pradesh,hamirpur,Maudaha,Tomato,Deshi,FAQ,1000.0,1060.0,1030.0,6/8/2023
Uttar Pradesh,badaun,Wazirganj,Tomato,Deshi,FAQ,680.0,760.0,720.0,6/8/2023
Uttar Pradesh,mathura,Mathura,Tomato,Deshi,FAQ,700.0,1000.0,900.0,6/8/2023
Haryana,gurgaon,Sohna,Tomato,Tomato,FAQ,1000.0,1200.0,1100.0,6/8/2023
Uttar Pradesh,bulandshahar,Siyana,Tomato,Local,FAQ,1100.0,1200.0,1150.0,6/8/2023
Haryana,bhiwani,Bhiwani,Potato,Potato,FAQ,800.0,900.0,850.0,6/8/2023
Punjab,barnala,Barnala,Tomato,Other,FAQ,400.0,600.0,500.0,6/8/2023
West Bengal,birbhum,Sainthia,Tomato,Deshi,FAQ,2850.0,2950.0,2900.0,6/8/2023
Kerala,malappuram,Kottakkal,Tomato,Other,FAQ,2500.0,2600.0,2550.0,6/8/2023
Rajasthan,kota,Kota (F&V),Tomato,Other,FAQ,500.0,2000.0,1150.0,6/8/2023
Punjab,moga,Baghapurana,Onion,Medium,FAQ,1000.0,1200.0,1100.0,6/8/2023
Uttar Pradesh,etawah,Jasvantnagar,Tomato,Hybrid,FAQ,920.0,1020.0,970.0,6/8/2023
Kerala,kottayam,Ettumanoor,Tomato,Tomato,FAQ,4400.0,4800.0,4600.0,6/8/2023
Kerala,malappuram,Kondotty,Tomato,Other,FAQ,1400.0,1600.0,1500.0,6/8/2023
Maharashtra,pune,Pune(Moshi),Tomato,Local,FAQ,700.0,1200.0,950.0,6/8/2023
Uttar Pradesh,banda,Baberu,Onion,Red,FAQ,920.0,1040.0,975.0,6/8/2023
Uttar Pradesh,etah,Awagarh,Tomato,Hybrid,FAQ,700.0,1050.0,900.0,6/8/2023
Punjab,jalandhar,Noor Mehal,Tomato,Other,FAQ,600.0,600.0,600.0,6/8/2023
Madhya Pradesh,dhar,Manawar,Tomato,Deshi,FAQ,818.0,1018.0,918.0,6/8/2023
Uttar Pradesh,amethi,Sultanpur,Tomato,Deshi,FAQ,1425.0,1650.0,1530.0,6/8/2023
Punjab,sangrur,Ahmedgarh,Tomato,Other,FAQ,400.0,500.0,450.0,6/8/2023
Orissa,malkangiri,Malkangiri(Korakunda),Tomato,Other,FAQ,500.0,500.0,500.0,6/8/2023
Uttar Pradesh,bulandshahar,Buland Shahr,Tomato,Deshi,FAQ,700.0,900.0,780.0,6/8/2023
Kerala,alappuzha,Alappuzha,Onion,Small,FAQ,7500.0,8000.0,7500.0,6/8/2023
Karnataka,mysore,T. Narasipura,Tomato,Hybrid,FAQ,1500.0,1500.0,1500.0,6/8/2023
Uttar Pradesh,kaushambi,Bharwari,Tomato,Deshi,FAQ,830.0,990.0,915.0,6/8/2023
Madhya Pradesh,khargone,Sanawad,Tomato,Deshi,FAQ,1200.0,1500.0,1300.0,6/8/2023
Karnataka,kolar,Chintamani,Potato,Local,FAQ,1000.0,1500.0,1200.0,6/8/2023
Maharashtra,raigad,Panvel,Tomato,Other,FAQ,1800.0,2000.0,1900.0,6/8/2023
Madhya Pradesh,guna,Guna(F&V),Potato,Other,FAQ,370.0,600.0,450.0,6/8/2023
Kerala,thiruvananthapuram,Attingal,Tomato,Other,FAQ,3700.0,4500.0,4000.0,6/8/2023
Uttar Pradesh,bulandshahar,Sikarpur,Tomato,Deshi,FAQ,600.0,800.0,700.0,6/8/2023
Gujarat,dahod,Dahod(Veg. Market),Onion,Onion,FAQ,400.0,1300.0,1200.0,6/8/2023
Uttar Pradesh,agra,Fatehpur Sikri,Tomato,Deshi,FAQ,650.0,850.0,745.0,6/8/2023
Uttar Pradesh,saharanpur,Saharanpur,Tomato,Hybrid,FAQ,630.0,900.0,770.0,6/8/2023
Orissa,koraput,Koraput(Semilguda),Tomato,Other,FAQ,2900.0,3100.0,3000.0,6/8/2023
Orissa,kendrapara,Chatta Krushak Bazar,Potato,Potato,FAQ,1500.0,1600.0,1600.0,6/8/2023
Maharashtra,satara,Satara,Tomato,Other,FAQ,800.0,1200.0,1000.0,6/8/2023
Orissa,kendrapara,Kendrapara(Marshaghai),Tomato,Tomato,FAQ,2500.0,3000.0,3000.0,6/8/2023
Uttar Pradesh,baghpat,Baraut,Potato,Chips,FAQ,900.0,1000.0,950.0,6/8/2023
Uttar Pradesh,banda,Atarra,Tomato,Deshi,FAQ,1020.0,1090.0,1060.0,6/8/2023
Orissa,bargarh,Bargarh,Potato,Other,FAQ,1100.0,1300.0,1200.0,6/8/2023
Kerala,malappuram,Thirurrangadi,Tomato,Other,FAQ,2100.0,2100.0,2100.0,6/8/2023
Rajasthan,bikaner,Bikaner (F&V),Tomato,Other,FAQ,800.0,1000.0,900.0,6/8/2023
Punjab,sangrur,Bhawanigarh,Onion,Other,FAQ,800.0,1200.0,1000.0,6/8/2023
Madhya Pradesh,alirajpur,Alirajpur(F&V),Tomato,Deshi,FAQ,1200.0,2000.0,1500.0,6/8/2023
West Bengal,north 24 parganas,Barasat,Onion,Other,FAQ,2100.0,2100.0,2100.0,6/8/2023
Himachal Pradesh,hamirpur,Bharuasumerpur,Potato,Desi,FAQ,1020.0,1100.0,1055.0,6/8/2023
Uttar Pradesh,ballia,Chitwadagaon,Potato,Other,FAQ,860.0,990.0,920.0,6/8/2023
