crop,maturity_stage,hours_since_harvest,temperature_c,humidity_percent,ethylene_ppm,voc_index,co2_ppm,weight_loss_percent,spoilage_risk
Tomato,Ripe,110,28.22,64.9,1.131,3.521,301.0,3.28,Low
Brinjal,Semi-Ripe,92,22.84,64.41,1.876,3.557,606.9,3.12,Low
Brinjal,Semi-Ripe,45,30.0,59.64,0.357,3.325,493.0,2.5,Low
Tomato,Ripe,44,30.76,73.14,0.819,2.984,428.0,6.22,Low
Mango,Ripe,133,19.2,70.82,1.787,2.954,469.9,2.05,Low
Banana,Unripe,181,21.79,48.91,1.047,2.805,624.4,2.43,Low
Brinjal,Unripe,134,27.51,48.18,2.793,2.948,587.7,2.59,Medium
Banana,Unripe,158,25.74,73.1,0.332,3.023,484.6,4.27,Low
Tomato,Unripe,63,26.93,58.22,0.306,0.955,363.3,4.18,Low
Onion,Ripe,227,23.59,71.62,1.714,1.631,371.8,6.34,Low
Banana,Ripe,198,30.52,77.37,1.833,1.368,590.4,6.58,Medium
Banana,Semi-Ripe,211,30.11,52.75,0.873,3.718,346.7,4.84,Medium
Banana,Ripe,160,27.26,51.06,1.323,4.32,485.8,3.71,Low
Banana,Semi-Ripe,167,31.51,88.09,1.685,0.114,821.7,7.44,Medium
Mango,Ripe,17,28.87,72.22,0.566,4.221,555.1,0.0,Low
Mango,Ripe,38,23.56,62.97,0.61,2.595,589.1,3.07,Low
Tomato,Ripe,31,28.48,56.79,1.142,3.614,372.7,3.65,Low
Brinjal,Ripe,116,23.16,61.87,1.883,3.057,352.7,7.26,Low
Mango,Unripe,141,30.51,53.71,0.442,4.084,595.5,1.2,Low
Tomato,Ripe,28,26.8,78.6,0.871,2.731,466.1,2.08,Low
Tomato,Semi-Ripe,181,26.26,58.68,0.843,1.0,640.8,2.23,Medium
Onion,Unripe,132,24.28,81.12,1.34,2.384,517.2,0.85,Low
Banana,Ripe,143,31.89,63.19,0.994,3.067,926.8,3.85,Medium
Brinjal,Ripe,220,26.38,55.48,0.682,2.262,443.3,6.64,Low
Banana,Unripe,140,25.29,62.88,2.396,3.224,546.7,6.35,Low
Onion,Semi-Ripe,0,25.59,36.51,0.686,2.428,404.7,1.54,Low
Onion,Ripe,185,29.13,66.55,0.815,1.845,635.8,5.92,Medium
Brinjal,Ripe,211,28.46,65.96,0.328,1.305,564.9,4.68,Medium
Onion,Semi-Ripe,20,28.65,77.9,0.607,2.069,396.7,3.74,Low
Mango,Unripe,129,28.72,45.36,1.435,2.725,473.9,6.13,Low
Banana,Semi-Ripe,113,35.57,81.94,1.252,0.345,676.6,3.51,Medium
Mango,Semi-Ripe,36,25.37,77.85,1.521,1.642,662.2,4.87,Low
Onion,Ripe,66,24.95,83.02,1.471,0.304,342.3,1.11,Low
Mango,Unripe,206,23.74,67.37,4.312,1.821,456.1,6.15,Low
Brinjal,Unripe,94,29.46,80.17,0.592,3.817,730.6,5.49,Medium
Mango,Ripe,129,31.52,50.35,0.322,1.195,491.9,5.72,Low
Brinjal,Ripe,187,26.54,76.56,0.479,3.273,534.0,2.61,Medium
Tomato,Semi-Ripe,108,23.64,58.75,0.611,5.634,635.2,3.43,Low
Brinjal,Semi-Ripe,214,23.7,48.18,0.506,4.099,352.1,5.61,Medium
Onion,Semi-Ripe,120,29.6,54.51,1.068,2.647,399.2,4.74,Low
Banana,Unripe,237,29.97,68.07,2.403,3.444,473.2,5.55,Medium
Banana,Unripe,35,29.17,58.11,2.938,0.993,656.6,5.49,Low
Banana,Semi-Ripe,214,24.34,72.51,1.423,0.769,634.4,2.74,Medium
Banana,Semi-Ripe,27,27.93,46.3,4.477,2.532,598.4,2.39,Low
Banana,Unripe,195,27.47,42.47,0.779,2.938,495.3,1.8,Medium
Banana,Semi-Ripe,159,27.87,84.47,0.319,3.704,647.5,5.53,Medium
Banana,Semi-Ripe,134,30.49,78.85,2.09,1.874,493.7,5.11,Low
Tomato,Ripe,212,27.89,55.41,0.276,2.713,581.4,11.07,Medium
Banana,Semi-Ripe,154,29.72,67.96,0.589,2.675,621.4,6.2,Medium
Banana,Semi-Ripe,167,27.27,80.23,1.439,2.355,715.6,5.1,Medium
Onion,Semi-Ripe,181,28.16,73.03,0.931,2.42,505.2,5.13,Medium
Mango,Unripe,202,29.53,69.78,0.875,1.56,468.5,4.35,Medium
Onion,Semi-Ripe,55,21.17,81.14,0.438,2.808,667.4,3.39,Low
Onion,Semi-Ripe,203,25.72,59.23,0.992,2.715,676.6,5.43,Medium
Brinjal,Semi-Ripe,141,25.12,68.37,2.019,2.016,446.8,0.66,Low
Brinjal,Unripe,7,24.44,67.79,1.014,3.232,379.4,2.94,Low
Mango,Ripe,221,25.9,64.73,0.559,3.631,658.3,5.33,Medium
Tomato,Semi-Ripe,185,32.98,63.32,0.418,3.245,315.0,7.88,Low
Brinjal,Unripe,214,23.54,68.87,0.567,1.353,308.9,4.83,Low
Brinjal,Semi-Ripe,186,30.87,68.41,1.316,2.61,479.8,3.35,Medium
Onion,Ripe,83,20.27,55.42,1.272,1.497,512.3,3.98,Low
Banana,Unripe,84,25.66,77.62,0.571,2.606,372.8,3.64,Low
Onion,Semi-Ripe,66,27.65,56.28,0.213,1.502,526.6,3.06,Low
Tomato,Unripe,98,29.34,65.38,1.342,3.905,532.0,1.37,Low
Tomato,Unripe,8,29.84,64.46,0.533,3.362,442.4,2.32,Low
Tomato,Semi-Ripe,179,30.17,72.3,1.62,3.768,744.0,3.61,Medium
Mango,Unripe,181,25.61,42.57,0.589,3.657,551.6,4.28,Medium
Tomato,Semi-Ripe,237,25.15,78.69,0.501,2.202,635.4,6.66,Low
Tomato,Semi-Ripe,132,30.43,59.88,1.113,2.032,325.3,2.87,Low
Onion,Unripe,238,26.23,82.64,5.209,4.416,324.2,4.96,Medium
Tomato,Ripe,50,21.9,62.26,1.689,2.318,555.2,4.07,Low
Onion,Semi-Ripe,114,22.47,67.41,1.1,1.01,722.6,3.38,Medium
Brinjal,Unripe,188,23.32,90.97,1.286,3.608,378.8,9.45,Medium
Brinjal,Semi-Ripe,190,28.99,64.67,0.294,2.658,517.2,5.23,Medium
Tomato,Ripe,186,27.57,82.87,0.456,4.157,351.8,2.5,Medium
Tomato,Unripe,112,29.76,68.47,0.172,2.767,413.8,2.33,Low
Tomato,Ripe,17,25.29,72.99,3.357,2.478,523.2,1.01,Low
Mango,Unripe,208,27.63,68.84,2.913,4.179,440.9,3.51,Medium
Onion,Ripe,91,29.5,78.17,1.316,0.808,343.3,4.56,Low
Banana,Semi-Ripe,156,25.76,59.77,1.099,1.856,340.6,2.38,Low
Mango,Unripe,32,28.83,56.19,0.338,1.524,300.0,2.29,Low
Mango,Ripe,225,24.35,60.34,0.858,0.1,557.2,7.26,Medium
Mango,Unripe,61,25.55,69.2,3.507,3.46,571.7,2.3,Low
Banana,Unripe,240,25.47,65.35,1.096,1.887,571.1,6.59,Medium
Onion,Semi-Ripe,172,22.22,76.52,0.674,3.496,390.9,1.53,Medium
Tomato,Ripe,79,28.95,83.66,0.292,2.928,620.7,2.78,Low
Brinjal,Unripe,89,25.12,56.29,2.628,3.168,584.8,1.97,Low
Tomato,Semi-Ripe,236,27.05,59.19,0.952,1.999,500.9,5.87,Medium
Mango,Semi-Ripe,143,28.92,50.77,0.292,1.659,481.2,2.35,Low
Banana,Ripe,166,28.79,92.36,0.524,2.599,422.1,8.22,Medium
Tomato,Ripe,147,29.66,71.66,0.409,3.511,523.1,1.31,Medium
Mango,Ripe,57,26.61,73.76,0.912,2.445,694.1,5.23,Medium
Brinjal,Unripe,31,25.31,51.92,1.156,1.728,636.5,4.45,Low
Brinjal,Unripe,0,26.68,67.99,0.703,1.181,469.3,3.06,Low
Tomato,Ripe,97,20.25,74.11,1.723,2.725,564.6,3.76,Low
Brinjal,Semi-Ripe,164,21.21,64.97,1.057,1.891,367.8,7.81,Low
Banana,Unripe,72,21.71,80.91,2.104,2.421,587.6,7.81,Low
Brinjal,Semi-Ripe,53,23.01,95.0,0.779,2.237,400.3,2.76,Low
Mango,Unripe,93,28.6,56.64,8.429,2.011,582.8,3.9,Low
Onion,Unripe,55,23.38,55.73,0.674,2.823,856.3,2.17,Low
Brinjal,Semi-Ripe,104,25.49,57.47,0.531,3.11,431.6,1.64,Low
Brinjal,Ripe,133,32.2,87.27,0.488,4.662,850.7,4.93,Medium
Tomato,Semi-Ripe,65,25.57,80.51,0.863,3.334,558.9,3.73,Low
Brinjal,Unripe,7,29.95,66.37,0.3,4.253,410.0,0.0,Low
Mango,Unripe,24,23.27,68.44,1.229,1.6,404.5,3.61,Low
Brinjal,Ripe,100,26.18,58.2,0.263,0.739,783.8,4.21,Low
Brinjal,Ripe,42,23.2,78.68,1.12,2.484,559.2,1.92,Low
Onion,Ripe,192,25.64,63.44,0.388,3.444,432.1,3.6,Low
Onion,Ripe,39,30.36,64.88,0.766,3.271,475.6,3.73,Low
Mango,Semi-Ripe,6,20.09,75.31,1.527,3.833,551.7,5.47,Low
Tomato,Semi-Ripe,149,28.74,65.74,5.017,0.1,499.0,5.01,Low
Banana,Semi-Ripe,150,27.95,65.18,0.47,3.878,541.5,5.7,Low
Banana,Semi-Ripe,161,24.62,68.13,0.9,2.869,712.8,2.93,Low
Mango,Ripe,38,21.22,77.54,0.603,0.802,364.6,2.21,Low
Banana,Semi-Ripe,164,27.29,87.76,0.544,3.296,577.4,5.56,Low
Banana,Unripe,207,24.88,75.03,0.606,2.686,491.3,2.54,Medium
Brinjal,Semi-Ripe,145,27.93,77.64,1.78,2.919,440.1,4.61,Medium
Mango,Ripe,94,27.09,65.6,0.711,3.599,628.7,4.52,Medium
Brinjal,Ripe,116,33.41,59.51,4.828,2.973,324.6,3.82,Medium
Onion,Unripe,195,26.04,75.85,1.338,0.88,300.0,5.41,Medium
Brinjal,Ripe,34,22.91,70.05,0.493,2.343,526.9,3.01,Low
Brinjal,Unripe,174,27.72,50.93,0.774,0.721,483.4,3.47,Medium
Mango,Ripe,64,27.88,64.06,0.57,3.214,337.7,1.15,Low
Mango,Unripe,211,32.44,67.01,1.751,4.038,300.0,4.87,Low
Tomato,Unripe,33,30.34,61.87,0.318,1.134,731.7,5.24,Low
Banana,Unripe,124,28.43,85.78,0.391,1.761,555.6,5.83,Medium
Tomato,Semi-Ripe,96,32.85,73.76,0.661,1.529,502.4,3.03,Low
Brinjal,Unripe,117,22.24,84.48,1.613,2.001,763.4,3.25,Low
Onion,Semi-Ripe,92,24.44,71.16,2.371,2.954,622.6,2.81,Low
Onion,Ripe,9,23.29,68.98,2.628,2.013,712.3,1.82,Low
Tomato,Ripe,206,25.44,56.76,1.449,3.218,358.4,5.49,Low
Brinjal,Semi-Ripe,128,21.49,68.14,0.944,3.672,353.9,5.94,Medium
Banana,Semi-Ripe,144,29.54,68.16,1.744,3.712,574.0,8.3,Medium
Tomato,Ripe,125,26.11,51.59,0.449,1.27,549.7,2.51,Low
Brinjal,Unripe,127,21.12,61.53,0.275,4.025,650.0,5.2,Low
Onion,Ripe,146,22.94,64.12,1.358,4.113,304.3,5.23,Low
Banana,Ripe,101,28.25,72.96,0.495,4.208,584.4,3.12,Low
Onion,Ripe,31,30.35,73.54,0.955,2.326,618.7,1.03,Low
Tomato,Ripe,7,34.99,61.02,1.087,1.673,612.3,3.08,Low
Onion,Ripe,130,38.66,73.63,1.19,1.417,451.2,7.88,Medium
Brinjal,Semi-Ripe,44,28.66,65.82,1.928,1.288,562.2,3.51,Low
Brinjal,Ripe,109,23.04,33.56,1.79,2.513,406.9,2.39,Low
Banana,Semi-Ripe,145,18.47,62.18,1.146,3.433,464.8,3.96,Low
Tomato,Unripe,143,28.07,80.95,0.734,3.937,374.8,2.16,Medium
Banana,Unripe,40,23.75,47.82,1.078,1.966,409.0,3.01,Low
Onion,Unripe,159,25.34,69.35,0.659,2.457,471.1,5.64,Medium
Banana,Ripe,226,24.55,87.02,0.872,2.385,441.1,3.97,Medium
Tomato,Semi-Ripe,87,26.44,58.87,6.251,1.801,408.9,0.0,Low
Banana,Ripe,28,31.26,68.03,1.136,3.309,344.0,3.33,Low
Tomato,Unripe,121,27.63,52.35,1.37,2.899,735.3,3.05,Low
Banana,Ripe,148,26.37,87.53,0.61,2.656,439.9,2.92,Medium
Brinjal,Ripe,95,22.86,67.0,2.042,2.894,539.6,2.27,Low
Tomato,Unripe,144,20.3,68.56,1.703,3.177,300.0,4.95,Low
Banana,Semi-Ripe,184,25.05,84.25,1.711,3.166,662.9,3.97,Medium
Banana,Semi-Ripe,139,26.78,75.94,1.162,1.578,520.1,5.84,Low
Brinjal,Ripe,191,34.07,57.49,2.063,3.486,446.7,6.51,Medium
Tomato,Semi-Ripe,35,27.52,60.23,2.436,2.781,447.8,2.43,Low
Brinjal,Semi-Ripe,70,30.93,73.94,1.219,2.022,604.3,2.4,Low
Brinjal,Ripe,133,25.0,60.51,0.923,2.758,300.0,4.33,Low
Tomato,Ripe,62,22.26,42.59,1.87,2.879,401.1,2.98,Low
Tomato,Unripe,239,23.14,67.36,0.531,3.69,485.7,2.21,Low
Brinjal,Unripe,163,24.1,50.24,0.605,1.349,484.3,7.9,Medium
Onion,Ripe,99,35.51,87.4,0.963,3.957,800.6,4.97,Medium
Onion,Semi-Ripe,186,23.71,70.12,0.296,2.525,459.5,3.9,Medium
Brinjal,Semi-Ripe,236,30.35,57.14,1.785,1.943,618.8,1.88,Medium
Onion,Ripe,2,23.39,59.62,0.51,1.91,717.4,2.2,Low
Brinjal,Semi-Ripe,134,30.73,45.33,0.719,1.398,580.5,3.05,Low
Tomato,Semi-Ripe,103,28.54,54.81,0.861,0.585,419.1,3.63,Low
Banana,Ripe,181,26.37,80.2,1.028,3.245,345.9,0.78,Medium
Mango,Ripe,74,26.84,94.78,0.786,4.679,589.5,2.54,Low
Mango,Ripe,78,24.38,76.72,0.954,0.721,697.4,2.7,Low
Tomato,Semi-Ripe,184,28.78,66.9,0.959,1.455,565.5,4.36,Medium
Tomato,Ripe,214,25.18,62.82,0.731,3.327,648.0,4.64,Medium
Brinjal,Ripe,34,22.1,56.52,0.582,2.45,811.0,3.0,Low
Tomato,Ripe,148,21.89,92.72,2.132,3.418,600.5,7.01,Medium
Brinjal,Semi-Ripe,187,27.69,65.74,0.229,2.388,367.9,3.82,Medium
Mango,Ripe,39,33.32,93.39,0.866,1.861,506.1,1.33,Low
Banana,Ripe,159,27.64,84.72,0.72,2.252,664.4,1.3,Medium
Mango,Ripe,236,26.53,47.11,1.341,0.1,470.1,4.41,Low
Mango,Semi-Ripe,203,28.14,60.01,0.361,1.242,680.7,2.41,Medium
Banana,Semi-Ripe,46,32.22,59.97,0.705,3.543,492.0,4.78,Low
Brinjal,Semi-Ripe,238,27.88,67.04,0.931,3.811,540.1,5.18,Medium
Banana,Ripe,86,25.36,67.28,2.115,4.047,457.9,5.22,Low
Brinjal,Semi-Ripe,114,31.43,95.0,1.262,2.985,519.1,6.51,Medium
Onion,Ripe,70,28.72,55.07,0.437,0.1,525.5,1.78,Low
Banana,Semi-Ripe,168,33.14,70.75,0.711,1.801,307.0,3.89,Medium
Onion,Semi-Ripe,30,27.73,75.4,1.859,3.957,447.0,5.26,Low
Tomato,Ripe,171,22.1,67.98,0.431,4.285,352.0,4.89,Medium
Banana,Unripe,13,21.53,69.32,0.946,3.999,451.1,3.59,Low
Banana,Unripe,203,33.6,55.46,0.994,2.24,404.6,6.8,Medium
Tomato,Unripe,78,33.89,69.28,0.763,1.063,621.4,5.05,Medium
Onion,Ripe,124,26.28,74.14,6.6,2.455,622.8,4.73,Low
Brinjal,Ripe,54,25.47,71.93,0.749,2.516,567.2,5.66,Low
Banana,Semi-Ripe,25,32.85,74.84,1.37,4.222,347.9,2.68,Low
Brinjal,Unripe,5,22.57,84.95,0.585,2.751,488.2,3.49,Low
Brinjal,Unripe,236,23.42,79.24,1.447,2.518,338.3,5.01,Medium
Brinjal,Semi-Ripe,32,29.57,68.86,1.84,2.581,482.3,4.72,Low
Mango,Semi-Ripe,13,25.42,53.94,0.663,2.94,577.7,1.39,Low
Banana,Unripe,123,26.98,60.8,0.962,3.189,619.1,0.95,Low
Mango,Semi-Ripe,231,26.35,65.36,0.534,1.703,556.7,6.45,Medium
Onion,Unripe,19,28.35,71.03,0.449,1.337,651.0,0.89,Low
Tomato,Ripe,61,32.63,62.26,2.066,4.008,531.2,1.22,Low
Onion,Unripe,133,27.36,56.77,0.679,0.695,472.0,6.37,Low
Mango,Ripe,118,29.58,53.74,0.185,4.302,604.8,5.66,Low
Brinjal,Ripe,35,18.8,48.19,3.441,0.398,608.8,2.3,Low
Tomato,Semi-Ripe,229,26.81,65.18,0.57,1.857,437.1,0.0,Low
Onion,Ripe,86,23.63,50.36,0.842,3.569,545.5,4.49,Low
Banana,Ripe,163,22.12,55.99,3.154,2.5,464.7,5.65,Low
Onion,Unripe,110,23.49,63.27,0.906,1.052,300.0,4.75,Low
Mango,Semi-Ripe,141,25.66,51.97,0.892,2.969,552.8,5.04,Low
Onion,Semi-Ripe,217,30.66,72.56,0.423,2.574,344.7,4.78,Medium
Onion,Semi-Ripe,78,21.69,76.88,0.318,2.262,539.4,2.7,Low
Tomato,Ripe,196,27.12,61.41,0.89,1.814,315.8,2.86,Medium
Mango,Ripe,70,25.06,62.76,1.289,2.462,413.6,2.08,Low
Banana,Ripe,76,25.69,74.45,1.238,1.86,448.0,3.99,Low
Mango,Unripe,7,31.01,59.43,0.714,5.178,644.2,3.19,Low
Onion,Ripe,83,29.15,58.61,1.014,2.236,436.0,4.92,Low
Tomato,Ripe,141,32.35,82.36,0.276,2.089,371.0,1.66,Low
Mango,Ripe,154,26.38,78.61,1.38,1.904,543.7,1.36,Low
Mango,Semi-Ripe,103,24.22,75.22,1.12,4.455,474.0,3.05,Low
Banana,Ripe,85,26.1,79.11,3.981,0.697,594.9,1.68,Low
Brinjal,Unripe,54,27.97,44.27,1.005,2.895,378.6,3.48,Low
Tomato,Unripe,217,27.71,84.25,0.517,2.237,525.3,2.75,Medium
Brinjal,Semi-Ripe,92,22.66,72.7,0.965,0.934,796.3,5.73,Low
Banana,Ripe,73,27.36,80.13,0.795,1.599,471.3,1.9,Low
Brinjal,Unripe,226,27.91,72.65,1.356,2.849,522.4,8.08,Medium
Tomato,Unripe,153,37.07,68.59,1.019,1.549,300.7,5.28,Low
Onion,Unripe,204,34.51,64.7,0.414,2.786,397.6,3.05,Medium
Banana,Unripe,93,23.59,72.41,0.318,4.402,555.2,7.39,Low
Mango,Unripe,103,25.85,64.26,1.202,2.688,460.4,4.21,Low
Brinjal,Ripe,175,21.15,78.41,2.633,0.901,573.7,4.9,Medium
Banana,Ripe,236,24.64,48.96,1.057,1.569,551.0,5.21,Medium
Mango,Semi-Ripe,190,28.26,61.5,1.767,2.186,341.8,5.62,Medium
Tomato,Unripe,111,31.82,92.54,2.032,2.113,621.8,4.78,Medium
Banana,Ripe,144,24.08,60.49,1.205,2.667,350.9,2.67,Low
Mango,Semi-Ripe,84,24.38,65.14,0.565,2.844,408.2,3.12,Low
Brinjal,Ripe,109,18.41,57.41,1.147,4.404,527.5,4.02,Low
Mango,Semi-Ripe,93,26.35,72.03,2.328,2.496,688.0,4.66,Low
Tomato,Unripe,23,22.75,59.16,1.449,1.233,379.5,3.86,Low
Brinjal,Ripe,210,24.88,65.77,1.688,3.769,517.7,5.32,Medium
Onion,Ripe,32,23.49,78.19,0.723,3.889,518.7,1.89,Low
Onion,Ripe,64,26.62,59.61,0.868,2.756,578.9,2.19,Low
Banana,Semi-Ripe,61,19.97,77.46,0.92,2.229,642.1,1.09,Low
Mango,Ripe,53,21.13,77.87,0.965,3.185,451.5,4.2,Medium
Mango,Unripe,119,35.52,80.66,2.265,2.268,621.4,2.82,Medium
Mango,Semi-Ripe,231,21.85,69.69,0.193,0.239,659.6,4.93,Medium
Tomato,Unripe,79,22.61,95.0,1.022,3.12,714.1,3.88,Low
Onion,Semi-Ripe,176,34.35,80.65,0.946,3.481,560.2,4.62,Medium
Mango,Unripe,176,38.62,71.9,0.383,4.085,518.9,4.6,Low
Brinjal,Ripe,184,22.31,57.49,1.6,1.696,443.0,3.08,Low
Mango,Unripe,150,25.53,66.84,0.602,2.749,324.9,4.78,Low
Brinjal,Unripe,178,28.37,85.12,0.779,2.773,466.6,4.07,Low
Onion,Unripe,183,33.91,88.51,3.648,2.594,513.5,4.54,Medium
Banana,Unripe,164,23.05,85.74,2.028,2.626,486.9,6.55,Medium
Onion,Ripe,134,26.02,77.42,1.495,2.541,571.7,5.02,Low
Mango,Ripe,21,30.11,52.93,1.305,2.733,325.5,1.72,Low
Mango,Unripe,122,28.74,73.85,0.891,3.315,478.2,3.7,Low
Brinjal,Unripe,181,25.5,53.1,4.053,3.842,739.4,7.55,Medium
Tomato,Ripe,82,26.46,50.15,1.753,1.668,619.5,2.93,Low
Tomato,Semi-Ripe,59,21.5,70.87,0.592,2.31,573.9,3.28,Low
Mango,Unripe,143,26.05,74.28,0.375,2.035,546.9,5.41,Low
Banana,Unripe,31,25.93,78.84,1.487,1.878,456.1,3.26,Low
Banana,Ripe,173,27.93,73.97,0.962,0.722,300.0,3.9,Medium
Tomato,Unripe,236,24.78,74.38,0.368,2.527,554.9,3.99,Medium
Banana,Semi-Ripe,116,28.89,56.18,1.35,3.027,300.0,3.87,Low
Brinjal,Ripe,6,31.05,66.74,0.828,2.329,460.9,3.76,Low
Mango,Semi-Ripe,65,27.62,49.91,1.45,2.49,499.6,5.66,Low
Banana,Unripe,7,28.41,43.96,1.362,2.96,446.3,0.0,Low
Mango,Ripe,110,27.21,76.89,0.653,4.052,760.6,6.99,Medium
Tomato,Semi-Ripe,74,27.0,58.96,1.557,2.038,718.9,2.87,Low
Brinjal,Semi-Ripe,186,24.11,78.47,0.706,1.211,623.9,6.4,Medium
Banana,Unripe,203,28.27,81.3,0.739,2.401,389.0,3.61,Medium
Onion,Ripe,104,26.61,60.57,0.689,4.572,730.6,0.85,Low
Tomato,Semi-Ripe,235,35.37,75.08,2.207,1.223,574.3,2.96,Medium
Tomato,Semi-Ripe,108,33.29,60.07,0.822,3.215,387.0,3.2,Low
Brinjal,Ripe,28,28.54,45.85,2.614,3.774,503.9,3.78,Low
Onion,Semi-Ripe,218,23.95,69.48,3.485,0.1,615.0,5.17,Medium
Onion,Semi-Ripe,95,22.55,62.35,0.596,2.951,428.1,3.19,Low
Onion,Unripe,213,31.76,62.72,0.129,3.164,516.9,7.07,Medium
Mango,Semi-Ripe,176,28.05,91.7,2.077,2.206,538.0,4.62,Medium
Brinjal,Semi-Ripe,226,28.92,49.69,0.787,1.789,367.9,5.72,Medium
Tomato,Semi-Ripe,155,20.02,72.59,0.545,1.85,467.6,9.96,Medium
Banana,Semi-Ripe,142,30.71,56.06,0.662,2.139,376.9,4.19,Low
Onion,Unripe,56,28.82,78.9,0.748,2.168,604.2,1.92,Low
Brinjal,Ripe,67,22.56,71.58,2.479,1.96,391.0,4.17,Low
Onion,Semi-Ripe,79,25.11,72.55,1.118,2.121,535.0,4.77,Low
Onion,Ripe,74,28.05,56.66,2.456,3.81,333.2,3.93,Low
Brinjal,Ripe,143,27.21,58.81,1.413,1.164,364.0,4.5,Low
Brinjal,Semi-Ripe,209,25.83,79.13,0.805,0.576,358.2,7.68,Medium
Mango,Ripe,8,26.59,89.25,0.761,3.827,465.3,5.04,Low
Banana,Semi-Ripe,149,25.99,73.76,1.482,2.289,521.6,4.08,Medium
Tomato,Unripe,182,27.61,57.23,1.776,2.073,543.8,3.53,Low
Banana,Ripe,106,32.89,72.07,2.009,2.378,300.0,4.54,Low
Onion,Ripe,66,16.73,95.0,0.833,2.73,479.8,2.12,Low
Tomato,Semi-Ripe,104,26.05,69.23,1.13,1.924,409.9,5.34,Low
Banana,Ripe,199,27.71,85.54,1.505,3.057,564.1,5.65,Medium
Onion,Ripe,220,28.18,59.12,0.764,1.442,467.9,9.95,Medium
Mango,Ripe,164,25.51,67.49,0.452,2.168,490.3,7.12,Medium
Banana,Unripe,117,19.97,75.43,0.569,0.1,410.6,1.96,Low
Brinjal,Ripe,155,28.31,72.77,0.845,3.789,707.0,3.43,Medium
Brinjal,Unripe,163,33.91,58.8,1.59,2.306,346.0,1.01,Medium
Brinjal,Ripe,184,20.86,58.29,2.414,3.237,452.0,0.86,Medium
Tomato,Ripe,34,30.46,79.86,0.387,3.024,512.9,3.11,Low
Tomato,Unripe,18,25.69,82.3,0.658,3.105,469.8,0.57,Low
Brinjal,Semi-Ripe,83,26.75,86.15,0.778,2.491,408.3,6.45,Low
Onion,Semi-Ripe,62,22.79,89.65,1.744,2.927,300.0,5.33,Low
Mango,Unripe,148,25.66,69.62,0.691,1.443,417.0,3.79,Low
Banana,Ripe,125,32.2,64.27,0.74,1.212,384.9,3.41,Low
Tomato,Semi-Ripe,221,29.33,84.21,0.372,2.389,701.5,7.83,High
Tomato,Semi-Ripe,187,33.93,76.56,1.403,1.752,771.8,7.83,High
Banana,Unripe,35,31.71,56.21,0.893,4.068,493.9,1.24,Low
Tomato,Ripe,204,28.76,55.6,0.633,2.913,331.4,3.04,Low
Banana,Unripe,185,33.98,73.9,0.834,1.712,588.6,4.18,Medium
Banana,Semi-Ripe,92,28.76,65.87,2.201,2.201,382.3,4.38,Low
Tomato,Ripe,13,30.31,67.68,0.495,2.646,434.1,1.73,Low
Banana,Unripe,191,25.81,80.87,0.555,2.425,424.5,5.61,Medium
Banana,Ripe,46,27.27,77.11,2.403,2.799,439.9,6.56,Low
Tomato,Ripe,53,24.21,83.96,1.054,2.576,457.4,0.61,Low
Mango,Ripe,113,30.96,44.82,1.598,0.97,342.4,3.05,Low
Banana,Semi-Ripe,19,22.29,71.04,1.325,0.134,415.8,0.23,Low
Onion,Unripe,96,30.13,76.34,0.976,2.089,622.4,2.15,Low
Banana,Semi-Ripe,59,26.24,49.68,0.784,3.117,496.0,2.68,Low
Brinjal,Semi-Ripe,12,31.68,60.14,1.79,2.101,515.0,1.34,Low
Banana,Unripe,217,30.0,57.91,2.256,3.86,300.0,6.04,Medium
Onion,Semi-Ripe,62,34.28,68.26,2.136,2.448,613.7,3.52,Low
Onion,Ripe,131,29.92,87.53,0.436,3.993,417.7,4.61,Low
Banana,Unripe,196,20.71,92.27,2.493,3.767,634.9,4.3,Medium
Mango,Unripe,116,26.73,58.23,0.778,3.656,518.5,3.51,Low
Banana,Semi-Ripe,70,22.31,74.32,0.589,1.176,432.6,2.71,Low
Onion,Ripe,179,24.93,74.71,0.888,2.519,300.0,4.2,Low
Banana,Semi-Ripe,166,33.04,72.65,1.789,3.845,761.0,5.25,Medium
Mango,Unripe,2,29.55,72.79,1.46,2.8,596.4,0.0,Low
Brinjal,Unripe,197,24.2,71.64,0.836,3.11,603.6,5.38,High
Tomato,Ripe,28,22.95,88.25,1.797,0.973,718.3,1.27,Low
Mango,Semi-Ripe,177,27.13,81.23,1.103,4.611,526.9,4.01,Medium
Tomato,Semi-Ripe,24,22.13,55.28,0.67,1.629,662.3,0.0,Low
Onion,Semi-Ripe,15,24.32,77.55,0.609,0.306,442.6,2.03,Low
Onion,Ripe,29,28.25,78.71,1.333,2.114,588.5,3.35,Low
Onion,Ripe,178,31.62,71.78,0.944,0.1,424.4,5.46,Medium
Tomato,Semi-Ripe,109,29.44,81.58,0.382,1.306,439.5,1.67,Low
Onion,Unripe,144,17.83,70.26,1.809,5.314,511.6,4.96,Medium
Mango,Unripe,67,28.22,70.41,0.714,2.082,347.9,5.36,Low
Onion,Unripe,28,27.29,69.45,3.048,0.929,539.5,1.95,Low
Mango,Unripe,189,28.66,43.78,0.375,2.528,462.6,4.77,Medium
Mango,Ripe,200,33.46,67.04,0.881,1.512,300.0,1.18,Medium
Brinjal,Ripe,202,18.75,59.98,0.613,3.451,445.1,3.31,Medium
Brinjal,Ripe,15,24.64,53.76,0.505,1.522,458.6,3.17,Low
Mango,Ripe,222,29.36,85.21,0.711,2.798,602.3,6.88,Medium
Onion,Semi-Ripe,130,20.67,74.05,3.454,1.238,534.2,2.98,Low
Tomato,Semi-Ripe,47,32.9,67.64,1.106,5.359,673.7,7.87,Low
Onion,Ripe,47,28.47,61.22,0.575,3.054,562.4,3.63,Low
Banana,Unripe,121,30.39,71.55,0.278,2.34,433.5,1.66,Low
Banana,Unripe,145,24.72,79.9,0.3,2.178,493.0,6.56,Medium
Onion,Ripe,11,30.26,58.08,0.687,1.891,458.2,0.38,Low
Tomato,Semi-Ripe,119,31.27,67.94,0.642,1.663,558.6,4.52,Low
Onion,Semi-Ripe,57,27.93,78.42,0.855,1.633,507.2,1.51,Low
Mango,Ripe,221,27.94,44.77,0.204,4.346,424.6,2.71,Low
Onion,Ripe,148,28.08,67.31,0.938,1.892,501.0,6.01,Medium
Brinjal,Ripe,89,23.55,62.85,2.053,0.158,555.3,3.1,Low
Mango,Semi-Ripe,101,26.41,66.39,3.114,1.217,379.2,6.82,Low
Tomato,Unripe,201,26.39,61.98,0.266,3.52,538.0,3.08,Low
Tomato,Semi-Ripe,166,28.53,69.65,0.571,2.222,310.6,1.68,Low
Tomato,Ripe,93,31.0,91.08,0.55,2.353,632.7,2.75,Low
Tomato,Semi-Ripe,202,22.77,64.11,1.107,3.787,563.3,10.13,Medium
Brinjal,Ripe,149,26.5,71.5,0.426,1.645,695.5,5.79,Medium
Onion,Unripe,14,32.93,91.94,3.247,3.196,366.0,3.67,Low
Brinjal,Unripe,151,24.03,61.4,1.031,1.765,636.0,5.37,Medium
Brinjal,Ripe,226,23.71,89.78,0.917,3.133,612.3,4.34,Medium
Onion,Semi-Ripe,208,27.81,68.06,3.049,2.07,478.1,9.91,Medium
Brinjal,Semi-Ripe,10,30.38,89.38,0.989,2.234,454.8,3.44,Low
Tomato,Unripe,212,27.05,77.0,1.323,3.402,369.8,5.7,Medium
Banana,Semi-Ripe,236,32.32,71.69,0.591,3.323,338.5,7.1,Medium
Brinjal,Ripe,39,30.43,67.21,0.383,2.318,409.9,0.68,Low
Banana,Semi-Ripe,153,30.37,60.51,0.652,1.981,349.3,2.75,Low
Mango,Semi-Ripe,181,29.22,68.91,4.622,4.259,691.5,4.23,Medium
Banana,Semi-Ripe,10,36.31,78.77,1.558,3.148,319.8,4.4,Low
Brinjal,Ripe,199,26.18,67.84,1.212,2.07,517.9,2.55,Low
Mango,Ripe,94,18.99,64.2,0.505,1.782,552.3,3.51,Low
Mango,Semi-Ripe,72,33.42,64.99,1.892,3.627,542.9,2.99,Low
Banana,Ripe,62,25.17,79.91,0.387,2.627,553.4,0.41,Low
Banana,Semi-Ripe,121,27.43,82.7,0.334,2.32,613.6,3.04,Low
Mango,Ripe,192,32.24,59.99,0.676,2.626,446.5,5.78,Medium
Mango,Semi-Ripe,197,20.59,59.98,3.928,2.872,510.5,2.19,Low
Tomato,Unripe,54,21.99,72.55,3.775,2.438,464.8,5.69,Low
Brinjal,Semi-Ripe,199,20.59,86.33,0.729,3.824,656.3,5.73,Medium
Mango,Ripe,199,23.82,81.75,0.624,3.885,752.0,5.51,Medium
Onion,Unripe,14,28.76,52.98,0.317,3.085,356.7,2.68,Low
Onion,Ripe,75,29.1,64.83,1.056,4.012,300.0,1.43,Low
Brinjal,Ripe,3,28.11,56.83,1.12,2.509,568.3,1.37,Low
Onion,Ripe,238,21.35,64.79,1.738,3.259,628.4,6.01,Medium
Onion,Ripe,113,17.76,87.25,1.892,3.605,734.8,2.68,Medium
Brinjal,Unripe,65,27.22,50.93,0.871,3.621,588.5,3.62,Low
Mango,Unripe,215,25.11,48.57,1.476,3.508,667.5,3.46,Medium
Onion,Semi-Ripe,165,28.84,58.06,0.612,3.194,699.2,5.29,Medium
Mango,Semi-Ripe,226,29.81,71.45,1.456,4.653,675.8,6.16,Medium
Tomato,Ripe,192,27.55,75.45,0.701,1.906,605.7,1.87,Medium
Banana,Ripe,230,30.04,73.25,1.379,2.329,346.1,5.38,Medium
Tomato,Ripe,52,27.92,82.11,1.303,2.264,499.0,0.38,Low
Tomato,Ripe,49,29.12,46.84,1.049,2.095,536.0,0.0,Low
Tomato,Unripe,18,24.18,82.26,1.744,0.312,488.0,1.65,Low
Onion,Ripe,82,26.28,64.25,0.333,4.012,495.4,8.52,Low
Tomato,Ripe,132,27.79,76.78,0.475,1.371,688.1,5.48,Low
Mango,Ripe,136,30.28,52.12,0.828,2.687,409.2,6.64,Low
Brinjal,Ripe,163,25.43,68.06,0.364,0.936,595.9,5.55,Low
Onion,Ripe,176,29.08,70.84,0.752,3.183,538.0,4.98,Low
Tomato,Ripe,196,25.94,81.87,0.769,1.636,397.1,6.46,Medium
Onion,Unripe,125,26.53,48.98,2.501,1.25,370.8,2.85,Low
Onion,Semi-Ripe,65,30.32,68.37,1.105,2.714,300.0,4.13,Low
Onion,Ripe,105,19.03,54.98,2.056,1.729,558.3,5.88,Low
Brinjal,Semi-Ripe,210,21.81,74.07,1.235,1.868,492.4,6.28,Medium
Banana,Unripe,196,21.07,77.33,0.687,2.689,400.9,7.09,Medium
Tomato,Ripe,220,17.67,83.45,1.098,3.38,300.0,5.47,Medium
Tomato,Unripe,130,24.29,61.58,1.666,1.6,551.9,7.11,Low
Onion,Semi-Ripe,187,30.0,79.13,2.306,1.41,479.2,4.37,Medium
Onion,Ripe,99,25.86,84.33,0.912,2.526,414.4,7.5,Low
Onion,Ripe,1,27.79,48.28,0.316,3.093,384.3,3.54,Low
Brinjal,Semi-Ripe,179,31.36,75.35,0.3,4.109,471.4,3.96,Medium
Banana,Unripe,21,32.31,79.5,0.796,1.322,556.4,0.63,Low
Tomato,Semi-Ripe,153,26.72,64.9,0.195,2.15,460.4,2.88,Medium
Tomato,Unripe,240,32.41,53.47,3.513,3.793,357.4,3.65,Medium
Mango,Ripe,6,27.37,79.32,1.519,4.67,493.0,2.41,Low
Banana,Ripe,176,23.65,53.61,0.641,1.408,625.5,2.32,Low
Mango,Ripe,209,24.62,65.86,0.46,1.687,504.8,7.33,Low
Banana,Semi-Ripe,151,21.08,67.52,2.054,2.919,508.2,4.51,Low
Brinjal,Unripe,166,23.45,76.59,0.459,1.864,460.9,4.62,Medium
Brinjal,Unripe,217,25.57,60.48,0.49,1.665,393.2,3.01,Medium
Onion,Semi-Ripe,187,30.21,59.78,0.585,2.769,389.3,3.36,Low
Mango,Ripe,9,33.88,69.19,1.083,4.204,300.6,0.0,Low
Onion,Semi-Ripe,186,21.47,80.08,1.544,1.06,641.7,7.64,Medium
Onion,Ripe,182,28.57,95.0,2.305,4.148,555.5,2.13,Medium
Mango,Unripe,54,22.84,49.91,2.078,1.868,509.9,0.73,Low
Mango,Ripe,157,28.9,71.78,1.001,2.88,535.5,6.93,Medium
Onion,Unripe,202,26.48,54.96,2.043,4.25,540.7,5.62,Medium
Onion,Semi-Ripe,204,19.68,80.23,0.625,2.858,411.9,5.17,Medium
Banana,Unripe,209,30.71,56.74,0.28,2.173,461.0,5.62,Medium
Tomato,Semi-Ripe,187,24.58,59.9,0.625,3.29,443.1,6.46,Low
Brinjal,Unripe,29,24.86,60.93,0.569,2.31,801.4,3.03,Low
Onion,Unripe,116,22.72,67.09,0.642,3.073,622.4,1.11,Low
Banana,Unripe,56,24.38,71.88,0.511,2.275,520.1,4.49,Low
Tomato,Unripe,17,28.71,73.8,0.724,3.447,663.9,3.46,Low
Brinjal,Semi-Ripe,63,26.24,67.93,1.543,0.966,648.8,5.36,Medium
Brinjal,Unripe,219,28.31,52.04,3.322,1.385,334.3,2.88,Low
Onion,Ripe,144,28.45,76.73,0.299,0.95,473.3,2.92,Low
Onion,Semi-Ripe,184,32.28,67.36,0.406,2.438,498.0,5.41,Medium
Banana,Semi-Ripe,121,25.63,81.94,0.575,0.818,573.4,2.25,Low
Mango,Semi-Ripe,85,21.09,59.51,1.709,1.739,473.1,0.0,Low
Tomato,Unripe,116,31.27,48.77,0.866,1.282,488.2,4.25,Low
Tomato,Unripe,237,25.67,67.59,0.602,4.128,444.6,6.96,Medium
Onion,Unripe,69,31.46,83.55,1.652,1.41,625.9,3.1,Low
Onion,Ripe,74,28.53,69.93,1.953,1.085,326.8,4.37,Low
Brinjal,Ripe,204,26.48,65.6,0.987,2.773,448.7,5.67,Medium
Onion,Ripe,89,28.4,57.56,0.565,4.356,300.0,3.59,Low
Mango,Ripe,217,34.8,89.09,1.208,2.372,376.4,5.35,Medium
Brinjal,Unripe,234,35.31,55.64,0.849,2.457,538.1,7.74,Medium
Mango,Unripe,15,27.28,59.3,0.845,3.92,540.3,0.94,Low
Mango,Ripe,161,27.64,74.84,0.699,3.466,462.4,5.82,Medium
Brinjal,Semi-Ripe,22,31.3,45.73,1.911,2.968,634.9,0.64,Low
Tomato,Semi-Ripe,211,23.62,83.3,1.191,1.859,662.5,3.6,Medium
Banana,Unripe,27,28.33,75.49,2.065,3.002,491.7,4.98,Low
Banana,Semi-Ripe,213,26.9,78.79,2.548,1.003,530.1,2.88,Medium
Banana,Ripe,185,28.26,74.7,1.379,1.814,445.7,4.29,Medium
Brinjal,Semi-Ripe,129,23.67,66.07,0.702,4.075,575.2,8.3,Low
Mango,Ripe,50,20.64,55.24,2.071,3.932,356.7,4.95,Low
Tomato,Ripe,64,18.71,66.32,1.385,2.981,715.5,1.94,Low
Brinjal,Ripe,103,22.53,56.3,6.186,0.378,636.8,2.72,Low
Tomato,Unripe,204,25.17,73.83,1.242,1.171,356.1,4.64,Medium
Onion,Ripe,216,25.83,77.68,1.63,1.753,405.3,7.45,Medium
Onion,Semi-Ripe,120,34.75,85.72,1.225,2.311,550.5,2.14,Medium
Mango,Ripe,56,31.42,72.46,0.933,1.125,459.4,1.26,Low
Brinjal,Unripe,136,23.15,79.09,0.834,2.229,565.4,5.42,Low
Banana,Unripe,200,28.39,64.43,1.229,4.444,456.9,1.87,Medium
Brinjal,Unripe,130,25.37,62.26,1.44,2.941,683.0,2.42,Medium
Mango,Semi-Ripe,214,25.86,73.68,2.244,2.741,501.0,4.91,Medium
Onion,Semi-Ripe,2,27.74,63.36,1.241,1.381,790.5,2.46,Low
Onion,Unripe,120,29.48,71.23,0.723,0.697,572.3,1.48,Low
Banana,Unripe,11,25.64,55.27,0.795,1.149,338.1,3.27,Low
Onion,Ripe,147,31.26,57.42,0.396,0.653,750.4,5.26,Medium
Mango,Ripe,148,22.43,75.62,3.199,2.583,631.8,3.08,Low
Brinjal,Semi-Ripe,75,27.03,78.64,0.685,2.922,545.6,6.39,Low
Onion,Semi-Ripe,191,37.39,56.17,1.968,1.438,577.6,5.4,Medium
Brinjal,Ripe,229,27.89,76.05,1.214,2.663,357.3,3.44,Medium
Onion,Unripe,110,32.73,61.61,1.237,4.116,300.0,6.74,Low
Mango,Ripe,104,27.37,68.2,0.921,4.653,495.0,2.81,Low
Tomato,Ripe,45,29.32,85.0,0.576,3.347,665.5,3.36,Low
Banana,Semi-Ripe,6,26.77,77.69,0.508,2.308,547.5,1.7,Low
Mango,Semi-Ripe,97,26.32,77.55,3.353,3.312,705.1,4.79,Low
Brinjal,Unripe,106,23.88,90.91,1.083,3.987,658.5,2.91,Low
Mango,Ripe,185,28.72,59.55,2.198,0.292,502.5,3.96,Low
Onion,Unripe,207,23.59,56.17,2.636,4.13,642.1,4.7,Medium
Tomato,Unripe,26,29.66,59.33,0.75,1.901,682.7,1.91,Low
Onion,Ripe,36,31.34,64.95,1.345,1.912,490.4,4.86,Low
Mango,Unripe,135,28.47,39.75,1.032,2.11,474.3,1.86,Low
Mango,Unripe,90,25.86,65.51,0.445,2.852,516.9,3.51,Low
Tomato,Ripe,169,28.82,61.47,0.878,1.278,300.0,4.69,Low
Brinjal,Unripe,77,25.77,77.41,1.509,2.187,533.7,3.2,Low
Brinjal,Ripe,100,30.74,72.23,0.705,3.078,586.5,5.44,Low
Onion,Ripe,107,19.67,60.79,0.797,2.74,517.3,1.08,Low
Tomato,Semi-Ripe,144,25.66,75.08,0.886,2.919,541.4,5.25,Low
Banana,Semi-Ripe,16,19.04,76.68,4.384,2.144,494.8,0.45,Low
Onion,Unripe,212,21.02,58.78,0.277,3.263,300.0,4.13,Low
Tomato,Semi-Ripe,81,32.46,62.08,1.421,3.662,699.5,1.05,Low
Banana,Ripe,51,30.58,41.3,0.837,3.596,455.9,2.51,Low
Mango,Ripe,154,24.12,54.91,0.639,2.97,425.9,3.31,Low
Mango,Unripe,32,20.99,59.09,0.823,3.533,663.0,5.83,Low
Brinjal,Semi-Ripe,142,15.14,68.89,1.595,3.458,617.4,4.64,Medium
Onion,Ripe,14,24.83,56.66,1.661,5.444,532.8,3.46,Low
Tomato,Unripe,63,36.68,61.84,1.139,3.84,592.3,1.26,Low
Brinjal,Unripe,175,28.74,53.3,2.149,2.402,361.4,5.93,Medium
Mango,Semi-Ripe,89,24.76,70.05,2.431,1.497,490.3,6.52,Low
Brinjal,Unripe,217,28.86,73.11,1.771,2.213,655.4,6.67,Medium
Onion,Ripe,85,20.76,72.83,0.682,2.135,418.7,1.16,Low
Onion,Unripe,166,25.81,68.15,1.414,3.063,380.2,3.66,Low
Tomato,Ripe,7,27.4,49.51,1.418,1.73,509.4,2.78,Low
Onion,Unripe,235,26.66,60.56,0.565,3.811,512.2,4.28,Medium
Onion,Ripe,148,30.16,63.11,0.333,0.971,577.7,8.84,Low
Brinjal,Ripe,170,28.38,63.16,0.243,0.704,334.6,3.67,Low
Mango,Ripe,78,29.67,68.9,1.05,2.351,300.0,3.36,Low
Brinjal,Semi-Ripe,69,24.25,85.11,1.232,1.573,610.5,2.25,Low
Tomato,Unripe,105,30.59,77.75,0.437,1.116,370.0,4.18,Low
Mango,Unripe,61,33.52,56.15,2.08,1.799,426.8,5.72,Low
Onion,Unripe,5,23.12,76.14,1.112,1.662,300.0,2.77,Low
Brinjal,Unripe,160,23.45,75.68,2.572,2.511,622.7,4.03,Medium
Mango,Ripe,172,32.34,58.33,1.296,1.817,542.0,2.63,Medium
Banana,Unripe,162,26.23,78.19,0.474,1.907,537.2,6.62,Low
Tomato,Semi-Ripe,133,32.62,66.08,1.378,2.495,536.4,3.84,Low
Onion,Semi-Ripe,126,25.23,51.08,1.599,3.616,300.0,3.68,Low
Banana,Ripe,237,32.82,73.46,0.682,4.118,381.8,1.13,Medium
Banana,Semi-Ripe,126,27.53,70.6,0.364,2.663,445.8,3.78,Low
Mango,Ripe,170,28.03,65.27,1.073,2.748,410.2,3.82,Medium
Mango,Unripe,100,33.26,67.55,0.496,2.298,467.4,0.41,Low
Mango,Unripe,7,25.55,59.37,2.192,3.029,529.5,4.37,Low
Banana,Ripe,84,23.24,75.32,0.752,2.929,620.8,2.54,Low
Banana,Ripe,173,25.21,67.48,3.344,3.958,322.4,7.99,Medium
Banana,Semi-Ripe,152,28.81,70.0,0.226,0.422,498.9,6.87,Low
Banana,Ripe,167,20.74,72.29,1.099,2.242,585.4,3.21,Medium
Banana,Ripe,180,29.55,54.14,2.72,2.873,389.1,7.12,Low
Mango,Unripe,52,24.84,57.27,0.536,2.471,476.9,6.02,Low
Banana,Semi-Ripe,196,31.59,41.48,0.895,1.467,556.0,3.85,Medium
Mango,Ripe,172,17.42,74.78,0.754,1.071,501.3,2.71,Medium
Onion,Unripe,74,23.85,53.45,0.62,3.387,580.9,0.0,Low
Brinjal,Unripe,121,20.25,69.59,1.187,1.667,511.4,4.64,Low
Mango,Unripe,206,23.7,72.45,0.404,0.57,462.6,3.22,Low
Brinjal,Ripe,40,27.99,75.23,0.925,3.442,359.3,3.72,Low
Onion,Ripe,72,26.28,53.55,1.435,3.005,529.7,2.34,Low
Brinjal,Ripe,46,25.99,67.22,0.86,2.373,512.0,1.65,Low
Brinjal,Unripe,73,26.36,88.04,0.497,1.494,380.9,2.37,Low
Mango,Semi-Ripe,49,27.81,88.57,2.057,2.375,569.8,0.75,Low
Tomato,Semi-Ripe,194,22.97,79.85,1.667,3.837,652.2,3.82,Medium
Banana,Ripe,238,29.83,72.05,0.482,0.724,420.8,4.03,Medium
Mango,Semi-Ripe,233,29.65,55.94,0.404,0.78,412.7,5.27,Low
Tomato,Unripe,86,28.54,76.62,0.514,1.809,408.3,3.72,Low
Onion,Semi-Ripe,224,29.23,66.1,1.465,2.471,300.0,3.26,Low
Mango,Ripe,19,28.19,74.73,1.213,1.954,740.5,4.71,Low
Onion,Semi-Ripe,26,35.14,60.41,1.739,3.207,446.1,2.52,Low
Brinjal,Semi-Ripe,78,26.65,65.92,0.796,3.698,397.0,6.14,Low
Tomato,Ripe,69,25.77,69.97,0.523,2.807,364.8,3.76,Low
Tomato,Unripe,221,23.99,70.96,1.903,3.116,453.4,5.28,Medium
Banana,Unripe,183,22.87,73.92,0.679,2.799,416.6,3.81,Low
Brinjal,Ripe,181,22.02,61.05,1.139,2.51,672.6,5.78,Medium
Mango,Ripe,194,23.44,51.88,0.338,1.077,350.2,4.89,Low
Tomato,Ripe,174,26.72,87.5,0.671,1.369,315.4,6.13,Medium
Brinjal,Ripe,121,28.34,95.0,2.027,1.014,566.2,6.84,Medium
Mango,Ripe,14,27.2,73.37,0.606,2.337,487.1,1.36,Low
Tomato,Unripe,3,23.94,52.11,1.769,2.756,473.2,3.64,Low
Mango,Ripe,235,30.6,58.72,0.196,0.906,567.2,6.37,Medium
Mango,Unripe,120,29.96,74.11,0.676,2.58,516.4,4.76,Low
Banana,Ripe,229,26.36,84.09,0.887,1.537,494.4,4.47,Medium
Mango,Ripe,7,24.39,53.45,3.386,1.324,331.3,1.84,Low
Banana,Semi-Ripe,153,29.19,66.51,0.441,1.812,300.0,3.29,Low
Banana,Unripe,67,27.75,70.35,1.6,1.267,415.9,2.22,Low
Tomato,Ripe,87,21.21,78.37,2.096,3.167,369.9,2.03,Low
Mango,Semi-Ripe,158,26.73,63.88,0.603,2.315,532.3,4.21,Medium
Banana,Ripe,119,28.05,49.23,0.77,3.397,300.0,2.56,Low
Brinjal,Unripe,32,23.4,75.45,1.104,2.012,446.3,3.67,Low
Tomato,Unripe,240,27.76,81.5,0.355,2.054,479.2,5.48,Medium
Onion,Semi-Ripe,171,21.18,67.01,0.727,4.561,495.2,4.86,Medium
Tomato,Semi-Ripe,86,32.34,72.86,2.443,0.715,547.9,3.04,Medium
Brinjal,Ripe,149,31.99,62.31,1.442,3.913,460.8,4.41,Low
Mango,Unripe,36,25.99,57.85,0.896,4.32,419.9,2.49,Low
Onion,Ripe,103,28.45,80.32,1.082,3.342,649.3,5.14,Medium
Brinjal,Semi-Ripe,102,17.36,72.65,1.502,2.136,461.6,2.93,Low
Brinjal,Semi-Ripe,89,22.37,73.88,1.717,4.07,670.3,4.24,Low
Onion,Ripe,116,25.82,86.03,0.677,2.146,461.0,1.54,Low
Tomato,Unripe,220,22.71,55.34,2.928,1.724,498.0,6.42,Medium
Onion,Unripe,1,29.86,61.38,2.513,2.073,483.4,1.51,Low
Tomato,Semi-Ripe,133,34.99,69.9,1.607,1.873,527.7,2.45,Medium
Banana,Unripe,226,22.29,61.23,0.554,1.459,449.6,3.16,Medium
Brinjal,Semi-Ripe,214,23.65,77.4,0.49,3.721,511.5,2.88,Medium
Onion,Semi-Ripe,216,27.94,65.75,0.796,1.649,683.7,4.23,Medium
Brinjal,Semi-Ripe,99,33.44,56.09,1.043,2.467,625.9,6.39,Low
Brinjal,Semi-Ripe,136,22.11,68.79,0.29,0.912,626.7,2.97,Low
Onion,Semi-Ripe,143,28.0,70.04,1.414,2.534,339.0,0.24,Medium
Tomato,Unripe,201,34.29,79.22,2.463,1.228,358.4,5.57,Low
Tomato,Ripe,230,20.39,72.72,1.497,1.201,526.1,3.25,Medium
Tomato,Ripe,61,21.88,73.53,0.623,2.38,592.5,4.7,Low
Mango,Unripe,29,25.31,71.84,0.573,3.663,437.7,2.09,Low
Banana,Unripe,63,24.92,65.74,1.234,2.984,416.3,2.76,Low
Onion,Unripe,63,30.25,59.41,0.898,3.06,667.3,5.41,Low
Mango,Unripe,72,27.97,71.47,1.364,2.357,582.3,4.48,Low
Onion,Ripe,220,19.9,64.0,1.524,2.131,627.0,2.9,Medium
Brinjal,Unripe,51,29.06,88.28,2.148,3.37,447.0,1.13,Low
Banana,Semi-Ripe,101,24.69,84.11,0.453,1.881,437.6,0.5,Low
Brinjal,Unripe,86,32.1,75.59,1.168,3.418,613.9,8.22,Low
Banana,Unripe,65,24.49,72.54,0.775,3.86,468.5,1.73,Low
Tomato,Unripe,47,24.45,66.94,0.933,1.574,426.7,5.17,Low
Onion,Ripe,240,29.16,52.87,1.831,1.736,390.4,4.42,Medium
Tomato,Semi-Ripe,150,30.05,65.41,1.976,1.9,438.6,2.36,Low
Banana,Semi-Ripe,24,28.79,69.22,2.662,0.886,605.0,2.83,Low
Tomato,Unripe,157,20.26,70.75,1.347,1.984,318.8,3.8,Low
Brinjal,Semi-Ripe,147,29.15,73.63,0.926,3.932,575.5,5.71,Medium
Brinjal,Semi-Ripe,86,22.86,79.06,0.838,1.35,415.0,5.0,Low
Onion,Ripe,189,27.94,59.69,0.297,3.958,474.8,3.71,Medium
Onion,Semi-Ripe,193,21.31,59.8,2.554,2.023,482.5,2.22,Medium
Mango,Semi-Ripe,189,28.79,85.41,0.798,4.825,473.5,2.61,Medium
Mango,Semi-Ripe,154,23.77,77.25,1.425,1.75,465.5,0.24,Low
Mango,Semi-Ripe,106,21.87,63.31,1.608,2.342,446.7,3.28,Low
Tomato,Ripe,49,29.86,66.71,0.418,1.499,431.4,3.07,Low
Onion,Unripe,10,27.97,66.77,0.524,1.744,658.4,0.56,Low
Tomato,Ripe,221,24.54,68.38,2.953,3.972,503.0,2.88,Medium
Banana,Semi-Ripe,202,32.8,73.67,1.225,3.022,484.9,4.9,Medium
Mango,Semi-Ripe,48,25.24,95.0,0.666,3.632,422.6,1.94,Low
Tomato,Semi-Ripe,193,27.13,70.28,0.915,1.053,451.0,4.43,Medium
Onion,Semi-Ripe,11,28.08,75.95,2.139,3.22,423.1,1.97,Low
Banana,Ripe,57,24.52,47.76,1.923,1.431,591.8,3.63,Low
Onion,Unripe,36,28.88,62.18,0.358,1.029,409.6,1.91,Low
Brinjal,Semi-Ripe,82,24.87,82.75,3.139,2.763,300.0,2.6,Low
Banana,Semi-Ripe,77,25.35,72.83,1.967,2.751,507.0,0.04,Low
Mango,Unripe,123,32.45,30.0,0.899,2.559,466.5,3.89,Low
Banana,Ripe,110,22.84,76.09,0.434,3.289,429.7,3.98,Low
Brinjal,Ripe,27,17.35,91.02,2.091,3.461,609.4,2.5,Low
Tomato,Unripe,36,33.44,44.05,1.396,4.117,300.0,6.37,Low
Mango,Unripe,197,37.2,86.23,0.36,1.191,689.1,5.16,Medium
Mango,Ripe,132,25.38,34.74,0.85,4.152,626.6,3.8,Low
Tomato,Ripe,222,19.25,79.26,8.92,4.571,424.6,6.06,Medium
Tomato,Ripe,31,25.76,67.9,1.012,2.097,445.9,6.68,Low
Mango,Ripe,74,25.86,39.8,0.595,0.665,560.5,3.84,Low
Mango,Ripe,38,26.24,73.35,0.494,0.978,563.7,0.0,Low
Banana,Semi-Ripe,222,22.55,81.81,3.457,1.992,423.9,5.94,Medium
Onion,Unripe,38,29.32,72.37,1.81,4.716,306.0,1.37,Low
Onion,Semi-Ripe,193,29.1,75.02,2.678,2.519,753.6,1.36,Medium
Mango,Unripe,46,21.02,63.06,1.19,1.821,614.7,6.11,Low
Banana,Unripe,175,29.8,45.66,2.406,1.746,518.8,7.27,Low
Tomato,Ripe,109,35.21,76.3,0.552,1.045,521.1,2.18,Medium
Onion,Semi-Ripe,233,27.69,89.0,1.121,3.462,574.6,3.68,Medium
Mango,Ripe,16,25.65,81.55,1.223,2.399,588.9,2.98,Low
Tomato,Unripe,78,26.43,44.15,2.632,4.81,300.0,1.84,Low
Brinjal,Ripe,174,29.46,49.82,1.25,3.191,457.9,4.34,Low
Mango,Semi-Ripe,220,20.08,57.85,0.645,3.413,445.4,3.86,Medium
Banana,Semi-Ripe,129,27.66,48.88,1.046,2.234,480.6,3.33,Medium
Banana,Unripe,23,25.44,68.53,0.309,1.3,592.5,0.25,Low
Brinjal,Semi-Ripe,151,34.39,72.72,0.197,1.539,300.0,5.8,Low
Onion,Semi-Ripe,115,26.3,50.84,1.79,0.994,338.1,6.05,Low
Banana,Ripe,186,33.67,77.33,0.769,3.501,418.2,4.55,Low
Brinjal,Unripe,133,22.59,75.21,0.833,2.077,518.5,4.03,Low
Onion,Semi-Ripe,216,29.35,61.42,1.789,3.548,599.9,6.22,Medium
Brinjal,Unripe,29,28.28,65.93,2.659,2.65,695.8,2.85,Low
Tomato,Unripe,150,23.52,44.6,1.454,2.178,465.6,7.41,Medium
Mango,Semi-Ripe,177,27.71,64.01,3.856,1.213,599.7,2.25,Low
Banana,Unripe,97,31.85,68.09,1.422,2.832,585.2,5.21,Low
Onion,Ripe,114,25.7,70.02,1.236,2.26,565.0,3.66,Medium
Brinjal,Semi-Ripe,167,20.23,72.55,1.183,3.492,497.1,2.49,Low
Onion,Unripe,109,26.93,70.93,0.407,1.713,452.1,7.85,Low
Brinjal,Unripe,94,23.39,64.83,1.953,3.178,372.2,7.92,Low
Onion,Semi-Ripe,140,25.63,71.43,0.181,4.305,364.2,3.81,Medium
Banana,Semi-Ripe,193,26.67,80.02,0.663,2.8,541.6,5.62,Medium
Mango,Ripe,32,20.18,66.85,1.016,3.364,493.5,2.04,Low
Banana,Semi-Ripe,210,20.54,71.81,0.575,3.129,450.1,4.46,Low
Tomato,Semi-Ripe,48,28.93,65.77,0.729,4.588,579.8,1.04,Low
Brinjal,Semi-Ripe,23,24.91,60.24,3.624,2.909,475.9,0.47,Low
Brinjal,Semi-Ripe,43,16.74,74.27,2.166,3.27,390.4,6.34,Low
Tomato,Semi-Ripe,18,30.14,61.34,0.619,2.46,468.0,2.65,Low
Banana,Unripe,229,28.09,72.63,0.72,1.648,598.5,5.34,Medium
Brinjal,Semi-Ripe,70,24.14,68.34,0.409,1.171,377.2,1.88,Low
Brinjal,Unripe,186,21.73,64.35,1.638,3.894,525.1,5.07,Medium
Brinjal,Unripe,43,30.34,64.06,0.84,1.391,493.3,0.31,Low
Tomato,Unripe,127,28.4,61.9,0.252,3.32,408.7,2.63,Low
Mango,Semi-Ripe,102,36.53,48.25,1.073,2.958,464.8,1.56,Low
Banana,Ripe,158,28.68,72.59,1.36,3.51,311.4,6.72,Medium
Tomato,Ripe,238,28.55,70.78,1.962,1.934,513.2,2.38,Medium
Tomato,Unripe,156,26.33,78.2,0.95,1.63,336.2,2.25,Low
Onion,Ripe,169,30.27,61.62,0.77,2.916,628.7,0.84,Medium
Banana,Unripe,63,29.5,90.74,4.016,2.178,489.0,1.65,Low
Banana,Ripe,29,32.01,63.44,1.005,1.146,431.4,2.02,Low
Tomato,Unripe,20,24.91,57.5,1.655,4.632,639.3,4.5,Low
Brinjal,Unripe,72,25.26,56.08,0.685,1.629,376.2,2.96,Low
Onion,Ripe,133,25.08,47.19,1.621,1.407,410.3,3.36,Low
Onion,Ripe,14,30.16,86.39,0.361,2.234,300.0,3.21,Low
Tomato,Semi-Ripe,63,32.99,84.45,0.724,3.878,657.1,2.46,Low
Mango,Semi-Ripe,152,25.16,75.21,0.429,0.117,724.7,8.66,Medium
Banana,Ripe,210,25.3,57.25,0.655,3.787,300.0,3.96,Low
Onion,Ripe,238,28.26,89.74,2.4,1.497,402.1,6.1,Medium
Tomato,Semi-Ripe,56,26.02,63.78,0.651,2.791,508.4,4.66,Low
Mango,Ripe,24,30.81,64.77,1.653,1.756,438.1,1.67,Low
Tomato,Ripe,138,17.99,85.25,2.892,4.691,496.2,4.45,Low
Brinjal,Ripe,226,23.69,75.91,0.981,2.637,485.9,4.31,Medium
Banana,Ripe,101,23.87,94.41,2.005,1.721,548.9,4.21,Low
Brinjal,Ripe,217,17.72,70.98,1.45,2.169,384.7,5.29,Medium
Tomato,Semi-Ripe,179,23.15,63.24,1.085,2.599,523.1,4.4,Low
Tomato,Unripe,216,23.34,60.66,1.691,2.695,366.1,3.01,Medium
Banana,Ripe,229,26.2,45.84,3.625,2.983,450.6,8.6,Medium
Banana,Semi-Ripe,25,31.45,64.66,0.64,2.498,300.0,3.86,Low
Tomato,Ripe,99,26.02,81.74,0.511,0.985,451.5,0.83,Low
Mango,Ripe,12,22.88,75.19,0.49,2.126,431.3,1.89,Low
Brinjal,Unripe,10,26.77,68.24,2.006,3.167,613.2,0.0,Low
Tomato,Unripe,114,31.2,56.06,2.205,1.763,492.9,5.24,Low
Onion,Semi-Ripe,159,23.1,70.72,0.687,3.24,514.7,4.37,Medium
Tomato,Unripe,213,23.36,80.15,0.224,2.535,497.3,5.06,Medium
Brinjal,Semi-Ripe,31,29.23,73.17,0.624,2.26,300.0,1.36,Low
Brinjal,Unripe,8,26.11,70.0,1.467,3.814,300.0,2.03,Low
Tomato,Ripe,25,29.59,58.44,0.954,0.588,461.8,4.22,Low
Brinjal,Semi-Ripe,223,26.95,78.41,1.135,1.757,533.4,7.08,Medium
Banana,Ripe,159,29.81,30.42,0.693,3.856,471.8,5.93,Low
Mango,Semi-Ripe,115,22.86,72.59,2.034,4.513,396.3,1.09,Low
Tomato,Ripe,24,26.95,95.0,1.272,5.015,471.2,2.45,Low
Tomato,Ripe,89,26.16,49.9,1.508,2.555,460.7,4.02,Low
Banana,Unripe,31,22.14,65.1,1.118,3.004,593.5,1.55,Low
Mango,Ripe,7,20.75,67.91,1.443,3.399,586.8,0.0,Low
Onion,Ripe,105,29.74,62.45,1.379,3.903,433.6,1.44,Low
Banana,Unripe,121,25.6,80.44,0.522,2.844,494.0,6.65,Low
Tomato,Unripe,109,22.91,73.67,1.298,3.519,533.1,1.66,Low
Onion,Semi-Ripe,210,26.62,69.83,1.74,3.006,551.0,5.11,High
Mango,Semi-Ripe,220,31.51,77.57,2.245,3.074,698.3,4.86,High
Brinjal,Ripe,29,17.88,68.2,1.338,1.49,496.6,2.57,Low
Onion,Unripe,66,21.01,95.0,0.509,2.138,640.2,2.72,Low
Brinjal,Semi-Ripe,120,23.31,69.82,0.567,1.925,360.8,5.36,Low
Banana,Ripe,96,32.84,70.34,0.737,1.192,423.5,3.72,Low
Tomato,Semi-Ripe,105,28.13,47.47,1.142,0.683,300.0,2.63,Low
Mango,Ripe,170,30.07,61.48,0.918,2.034,518.2,4.63,Low
Banana,Ripe,43,22.44,81.77,0.455,2.21,577.7,0.72,Low
Onion,Unripe,199,22.52,51.97,0.453,2.616,300.0,5.74,Medium
Tomato,Unripe,63,28.79,42.11,0.23,3.111,522.6,2.03,Low
Tomato,Ripe,84,27.23,68.39,0.113,2.707,572.5,2.39,Low
Mango,Ripe,53,29.19,84.45,0.912,2.217,565.7,4.06,Low
Brinjal,Ripe,152,26.25,68.51,5.074,1.493,356.5,3.59,Low
Onion,Unripe,167,28.11,63.97,3.517,3.465,592.8,3.87,Medium
Tomato,Unripe,150,27.63,45.7,0.504,2.388,501.1,6.4,Low
Banana,Unripe,118,30.11,73.43,1.111,2.023,570.9,2.16,Low
Onion,Semi-Ripe,73,30.23,75.94,0.359,2.295,484.9,4.27,Low
Onion,Unripe,165,20.52,46.62,0.399,1.694,545.7,6.19,Low
Brinjal,Unripe,28,18.01,81.61,0.432,1.916,633.1,4.94,Low
Brinjal,Unripe,75,31.01,77.19,0.854,1.881,475.5,7.32,Medium
Mango,Unripe,164,31.75,81.59,0.88,2.184,534.1,3.31,Medium
Mango,Semi-Ripe,166,22.92,75.0,1.194,3.221,650.0,2.93,Medium
Onion,Ripe,64,19.56,75.84,1.591,2.948,484.0,4.74,Low
Brinjal,Semi-Ripe,82,27.4,74.25,0.79,4.201,365.0,5.18,Low
Tomato,Unripe,76,30.72,78.42,1.026,3.833,581.1,1.99,Low
Tomato,Semi-Ripe,213,34.19,46.17,0.465,4.652,672.2,5.93,Medium
Onion,Semi-Ripe,137,29.07,49.99,0.39,3.115,654.7,9.05,Low
Tomato,Semi-Ripe,28,25.51,59.17,0.35,3.097,585.8,3.02,Low
Brinjal,Unripe,38,23.43,66.44,1.575,1.964,300.0,4.62,Low
Mango,Unripe,16,27.05,72.66,0.789,3.409,423.7,5.53,Low
Tomato,Unripe,58,25.8,71.9,0.27,1.778,429.8,7.7,Low
Tomato,Unripe,53,22.94,81.41,0.957,0.882,505.4,3.58,Low
Banana,Semi-Ripe,107,35.2,81.78,0.417,4.179,702.6,6.04,Low
Onion,Unripe,180,34.14,57.53,3.197,1.126,370.3,3.24,Low
Tomato,Semi-Ripe,211,31.54,70.86,0.667,2.983,769.1,5.08,Medium
Brinjal,Semi-Ripe,134,23.32,57.83,1.611,1.532,454.1,3.3,Low
Banana,Ripe,186,30.42,65.74,2.143,3.739,408.0,1.34,Low
Brinjal,Unripe,157,29.56,71.86,0.513,3.889,601.4,1.5,Medium
Banana,Unripe,76,28.77,30.0,1.055,3.082,610.9,4.19,Low
Tomato,Semi-Ripe,147,32.0,95.0,1.473,3.871,578.0,5.07,Medium
Banana,Semi-Ripe,72,29.54,74.8,1.084,2.508,407.7,1.49,Low
Onion,Semi-Ripe,74,29.96,60.85,1.288,4.958,560.2,6.19,Low
Onion,Ripe,237,29.55,91.13,0.394,3.321,376.0,3.35,Medium
Mango,Ripe,219,28.36,63.83,1.474,1.509,404.3,5.59,Medium
Onion,Semi-Ripe,157,19.87,69.59,0.712,2.577,488.6,3.64,Low
Tomato,Semi-Ripe,142,27.33,62.15,1.277,2.332,401.6,4.4,Low
Banana,Ripe,165,24.78,87.82,1.904,2.225,626.3,6.1,Medium
Brinjal,Unripe,181,21.88,66.74,1.597,0.677,430.6,6.04,Medium
Brinjal,Unripe,13,33.73,69.79,1.276,2.926,473.5,3.93,Low
Tomato,Semi-Ripe,86,33.92,82.45,1.568,0.976,394.4,4.58,Low
Tomato,Ripe,25,32.44,75.02,1.619,0.1,624.5,0.51,Low
Brinjal,Ripe,127,28.02,67.35,2.849,2.122,420.1,6.07,Low
Onion,Semi-Ripe,70,32.4,81.32,0.976,1.669,637.0,1.43,Low
Brinjal,Semi-Ripe,79,27.05,95.0,1.122,1.552,628.2,3.26,Low
Onion,Ripe,202,27.81,71.81,1.92,0.1,446.5,4.29,Medium
Onion,Unripe,49,22.63,69.4,0.709,1.564,503.6,3.72,Low
Onion,Unripe,219,28.59,70.05,0.393,2.309,443.2,4.26,Medium
Brinjal,Ripe,101,27.24,83.73,1.412,1.802,565.5,3.43,Low
Brinjal,Unripe,46,21.79,60.81,0.866,2.926,476.7,5.97,Low
Brinjal,Unripe,34,26.8,64.66,0.429,4.032,449.9,0.58,Low
Mango,Semi-Ripe,172,26.68,49.55,1.42,3.068,505.5,4.56,Low
Banana,Ripe,217,34.19,53.79,2.723,3.629,310.1,3.1,Medium
Mango,Semi-Ripe,210,30.58,61.79,0.32,3.72,490.9,6.23,Medium
Banana,Unripe,41,27.05,67.33,2.045,1.379,578.0,1.68,Low
Banana,Unripe,211,28.0,89.23,0.169,2.983,516.6,5.1,Medium
Tomato,Unripe,54,27.18,74.43,0.756,3.595,614.2,0.76,Low
Tomato,Unripe,110,26.19,57.06,3.627,2.02,454.7,6.14,Low
Onion,Unripe,1,22.67,59.26,0.795,1.63,444.9,2.64,Low
Banana,Unripe,62,26.4,84.5,1.065,3.083,365.9,3.49,Low
Tomato,Ripe,77,24.02,81.52,1.706,0.87,451.3,4.92,Low
Mango,Unripe,230,22.0,68.34,0.301,1.303,735.9,3.01,Medium
Onion,Unripe,67,29.04,62.69,1.052,1.767,533.1,2.2,Low
Brinjal,Unripe,66,28.57,81.5,1.046,2.996,429.7,3.6,Low
Onion,Unripe,65,19.85,56.08,3.683,2.741,379.3,0.11,Low
Brinjal,Ripe,60,26.51,72.7,0.421,3.636,308.2,0.24,Low
Brinjal,Semi-Ripe,130,30.98,95.0,0.766,1.486,400.4,2.58,Low
Mango,Ripe,49,31.24,70.46,0.522,1.427,591.1,1.03,Low
Onion,Semi-Ripe,70,31.1,58.69,0.485,3.076,448.8,2.72,Low
Brinjal,Semi-Ripe,128,27.16,72.92,2.202,1.621,385.0,4.98,Low
Mango,Ripe,182,23.62,62.36,1.019,1.836,398.2,6.03,Low
Mango,Unripe,25,22.67,51.27,0.678,0.458,577.9,6.06,Low
Brinjal,Unripe,83,28.38,76.41,0.696,2.82,490.2,3.46,Low
Mango,Unripe,137,28.52,81.41,0.674,4.195,424.7,4.42,Medium
Brinjal,Ripe,220,32.15,64.27,0.718,1.368,463.0,5.1,Medium
Banana,Ripe,227,31.4,63.47,0.413,3.624,764.7,5.8,Medium
Mango,Semi-Ripe,210,26.47,56.46,0.834,2.435,646.4,5.74,Medium
Tomato,Ripe,121,22.02,66.2,0.778,0.558,676.2,5.61,Medium
Brinjal,Semi-Ripe,23,25.72,61.25,0.588,1.516,300.0,4.43,Low
Mango,Unripe,232,27.87,55.87,1.115,1.448,481.9,6.22,Medium
Banana,Unripe,149,26.19,90.71,1.183,2.152,422.6,7.01,Medium
Mango,Unripe,218,24.69,73.6,0.677,2.961,565.3,5.16,Medium
Tomato,Ripe,221,28.01,74.87,0.904,4.534,627.2,4.05,Medium
Tomato,Unripe,190,24.98,78.6,4.531,0.926,539.2,3.97,Medium
Onion,Semi-Ripe,101,24.49,77.25,4.412,1.967,395.3,3.52,Low
Mango,Semi-Ripe,146,28.25,63.04,0.478,1.514,420.7,2.3,Low
Banana,Unripe,166,25.39,71.27,0.527,1.105,574.5,3.39,Low
Banana,Unripe,212,27.98,64.77,0.476,2.605,586.4,2.99,Medium
Mango,Ripe,54,28.09,73.26,2.096,2.502,516.9,3.77,Low
Onion,Ripe,133,22.44,72.1,0.757,0.505,515.6,4.73,Medium
Onion,Unripe,143,25.08,63.41,1.183,2.52,506.0,1.03,Low
Tomato,Unripe,49,32.75,52.05,4.047,1.174,532.3,1.91,Low
Tomato,Semi-Ripe,96,22.35,69.75,0.993,2.513,585.9,6.94,Low
Mango,Unripe,222,18.53,65.55,1.639,3.896,575.6,6.3,Medium
Tomato,Unripe,3,19.55,45.32,1.439,3.009,502.8,3.35,Low
Tomato,Ripe,121,27.12,74.09,0.662,2.695,494.1,2.76,Low
Onion,Unripe,146,27.12,79.58,2.099,1.918,489.5,4.77,Low
Tomato,Ripe,218,26.53,95.0,0.552,2.574,406.4,5.09,Medium
Tomato,Ripe,68,31.86,63.31,2.555,3.12,404.8,1.88,Low
Mango,Unripe,94,16.31,61.54,0.663,3.011,565.3,2.74,Low
Banana,Semi-Ripe,19,28.58,54.69,0.716,2.391,414.5,1.88,Low
Banana,Ripe,80,33.25,70.5,0.467,2.739,597.7,0.78,Low
Brinjal,Semi-Ripe,240,22.49,70.43,0.524,1.052,493.8,3.0,Medium
Brinjal,Unripe,184,25.48,58.26,0.742,1.692,598.4,4.35,Low
Tomato,Ripe,103,23.99,65.9,0.182,3.278,576.4,2.21,Low
Brinjal,Unripe,152,23.42,44.26,0.849,3.426,601.2,3.78,Medium
Tomato,Unripe,232,25.69,79.12,0.701,2.603,442.8,2.39,Medium
Onion,Unripe,105,32.71,58.75,1.738,4.127,549.1,5.2,Low
Mango,Ripe,71,34.35,67.58,1.345,3.059,588.5,7.1,Medium
Onion,Unripe,211,25.66,50.88,0.609,2.244,313.8,6.88,Low
Onion,Unripe,204,34.62,61.01,0.725,1.158,704.2,6.98,Medium
Tomato,Unripe,124,27.14,64.64,0.849,4.083,771.9,5.12,Medium
Mango,Unripe,2,34.01,67.86,2.83,3.347,613.7,3.0,Low
Tomato,Ripe,3,26.63,73.76,0.562,4.478,596.7,2.69,Low
Onion,Ripe,28,27.52,85.27,0.604,4.884,570.7,1.19,Low
Banana,Ripe,167,28.46,76.79,0.454,1.084,461.2,5.75,Medium
Onion,Ripe,42,39.72,79.55,0.354,1.087,486.8,4.14,Low
Banana,Unripe,15,30.41,85.35,1.24,0.1,615.7,1.85,Low
Onion,Ripe,164,24.17,74.84,1.153,3.51,383.2,5.41,Medium
Banana,Unripe,115,30.88,67.56,2.455,3.222,372.7,2.63,Low
Tomato,Ripe,127,25.55,80.11,2.073,2.608,452.3,2.89,Medium
Banana,Semi-Ripe,46,25.04,80.88,5.355,1.151,578.8,4.45,Low
Brinjal,Unripe,51,30.63,75.78,0.95,2.402,396.1,3.89,Low
Onion,Semi-Ripe,58,27.12,50.54,0.833,2.703,473.0,2.78,Low
Onion,Semi-Ripe,155,28.11,57.9,0.402,3.361,487.2,3.73,Low
Banana,Ripe,236,27.06,64.7,1.628,2.8,378.6,5.65,Medium
Onion,Semi-Ripe,220,28.35,77.36,1.087,3.23,300.0,1.84,Medium
Onion,Unripe,27,28.7,67.74,1.578,2.363,376.8,1.46,Low
Onion,Unripe,163,19.25,81.64,0.451,3.8,531.3,2.18,Medium
Onion,Semi-Ripe,182,29.67,83.78,1.279,3.195,558.3,4.71,Low
Mango,Unripe,9,23.07,82.39,1.154,1.194,559.3,4.57,Low
Banana,Semi-Ripe,153,21.23,82.47,1.102,4.028,573.1,5.19,Medium
Tomato,Ripe,107,26.77,55.56,0.62,3.848,424.8,2.86,Low
Tomato,Ripe,47,27.34,73.79,2.299,3.012,399.1,1.79,Low
Onion,Semi-Ripe,190,24.23,60.71,4.201,2.809,545.0,3.42,Medium
Mango,Unripe,225,30.32,48.21,0.46,4.324,474.6,8.8,Medium
Banana,Semi-Ripe,144,21.63,64.55,1.656,0.703,608.8,4.35,Low
Mango,Unripe,48,25.37,83.9,0.133,3.865,545.8,3.44,Low
Onion,Ripe,103,24.66,73.53,1.597,1.976,654.1,0.0,Low
Onion,Unripe,124,26.81,92.21,0.27,3.705,444.1,1.86,Low
Brinjal,Unripe,217,28.12,70.13,0.692,2.632,628.1,5.02,Medium
Onion,Semi-Ripe,190,22.97,95.0,0.399,1.133,744.2,3.88,Medium
Banana,Semi-Ripe,161,29.9,70.13,0.86,1.954,506.4,4.67,Low
Tomato,Semi-Ripe,184,27.25,68.27,1.799,3.624,559.9,4.92,Medium
Brinjal,Semi-Ripe,167,19.43,52.65,0.272,2.269,388.3,5.58,Low
Tomato,Semi-Ripe,77,19.17,81.33,0.778,1.816,607.3,0.06,Low
Banana,Semi-Ripe,32,26.95,61.97,0.698,1.809,635.5,0.89,Low
Onion,Unripe,202,26.12,60.24,3.024,3.206,440.7,4.74,Medium
Tomato,Semi-Ripe,133,26.59,83.37,1.353,4.426,570.3,2.93,Medium
Banana,Unripe,231,26.89,81.9,0.439,0.145,533.7,4.71,Medium
Brinjal,Unripe,164,27.9,81.58,0.719,5.581,546.9,4.66,Medium
Brinjal,Semi-Ripe,114,30.79,63.65,2.972,2.724,597.4,2.53,Low
Banana,Ripe,155,22.56,67.39,1.649,3.138,562.3,4.71,Medium
Mango,Unripe,157,22.31,67.28,0.526,2.02,483.3,5.36,Low
Mango,Semi-Ripe,236,22.63,77.39,0.829,2.496,600.0,5.45,Medium
Tomato,Ripe,87,28.16,86.64,0.848,2.712,633.4,4.84,Medium
Brinjal,Ripe,91,31.98,72.42,0.686,1.346,433.5,0.0,Low
Mango,Ripe,85,25.27,91.7,0.302,1.614,499.8,2.47,Low
Brinjal,Semi-Ripe,26,16.99,78.77,0.622,3.803,300.0,4.42,Low
Tomato,Unripe,113,20.18,65.18,2.644,0.792,570.0,2.3,Low
Mango,Semi-Ripe,107,23.67,77.94,0.766,2.985,646.8,1.98,Low
Mango,Semi-Ripe,47,24.77,88.47,0.93,2.092,469.1,2.84,Low
Brinjal,Semi-Ripe,196,25.37,91.98,1.103,1.443,516.0,4.82,Medium
Tomato,Unripe,166,27.15,82.24,4.724,4.669,473.6,3.53,Medium
Banana,Ripe,58,25.75,68.31,1.006,1.45,453.9,6.51,Low
Banana,Ripe,39,31.2,65.4,2.151,1.257,527.9,3.48,Low
Mango,Unripe,148,24.3,74.91,0.658,2.294,405.9,2.65,Low
Brinjal,Semi-Ripe,1,23.55,88.09,0.834,1.655,471.8,0.0,Low
Onion,Unripe,36,28.92,73.21,1.009,2.507,391.5,3.66,Low
Tomato,Unripe,105,20.86,73.45,0.582,2.671,570.7,2.09,Low
Onion,Ripe,238,28.56,68.62,0.867,2.758,528.7,9.23,Medium
Onion,Ripe,18,27.41,64.07,1.862,2.364,448.3,3.49,Low
Onion,Semi-Ripe,127,26.41,66.05,0.571,1.728,504.4,5.03,Low
Tomato,Unripe,135,33.35,69.63,1.0,3.208,473.5,4.57,Low
Mango,Ripe,60,24.51,88.62,1.642,2.377,637.3,5.24,Low
Brinjal,Unripe,125,35.24,65.12,0.562,1.955,447.1,0.0,Low
Mango,Semi-Ripe,152,26.1,68.63,2.153,4.128,576.2,2.16,Medium
Mango,Unripe,33,21.89,57.62,1.052,2.367,415.4,4.76,Low
Banana,Ripe,229,27.28,76.6,0.891,3.701,597.7,7.95,Medium
Onion,Semi-Ripe,59,22.7,84.4,0.245,3.85,624.5,0.98,Low
Tomato,Ripe,88,23.99,87.49,0.77,3.916,630.1,0.28,Low
Tomato,Unripe,5,28.59,70.44,1.297,3.26,676.5,2.86,Low
Onion,Semi-Ripe,143,29.22,74.89,3.393,2.499,535.1,5.09,Medium
Banana,Ripe,143,24.51,66.16,1.488,2.43,648.6,4.48,Low
Tomato,Semi-Ripe,27,30.95,74.34,2.2,2.231,694.9,2.72,Low
Onion,Semi-Ripe,70,31.63,71.77,0.429,0.116,365.4,0.01,Low
Mango,Ripe,184,32.75,68.7,0.915,3.291,427.6,4.03,Medium
Tomato,Ripe,171,29.12,69.65,2.35,2.769,320.5,4.15,Medium
Brinjal,Ripe,74,32.45,73.42,0.537,3.408,627.3,2.4,Low
Brinjal,Unripe,151,19.48,64.47,1.965,2.371,319.0,0.86,Low
Tomato,Unripe,180,25.73,65.09,1.671,3.231,300.0,5.71,Low
Brinjal,Ripe,90,23.53,88.49,1.212,0.985,368.3,5.14,Low
Mango,Ripe,42,27.48,95.0,0.794,1.214,300.0,1.57,Low
Mango,Semi-Ripe,5,24.71,53.55,0.501,0.1,532.7,2.23,Low
Brinjal,Unripe,230,26.34,52.89,3.465,2.352,369.9,4.37,Medium
Tomato,Ripe,77,34.53,56.51,1.556,1.65,300.0,2.55,Low
Tomato,Ripe,194,26.32,66.76,1.269,1.506,495.0,5.72,Medium
Onion,Ripe,78,28.66,78.75,0.749,2.868,502.1,4.37,Medium
Onion,Ripe,171,26.07,75.1,1.027,2.032,300.0,6.49,Low
Onion,Semi-Ripe,80,27.3,70.06,1.122,0.924,414.4,5.36,Low
Brinjal,Ripe,146,27.02,74.35,1.323,5.299,491.0,3.94,Low
Tomato,Semi-Ripe,229,28.79,59.69,1.672,2.459,457.2,10.36,Medium
Mango,Semi-Ripe,181,31.66,65.07,0.578,1.309,460.5,7.46,Medium
Onion,Ripe,39,33.59,67.76,0.358,1.763,641.5,1.78,Medium
Brinjal,Unripe,126,28.24,48.99,1.061,2.31,757.6,4.24,Low
Onion,Unripe,65,29.36,54.06,0.294,2.307,462.4,0.0,Low
Banana,Ripe,52,22.4,54.54,0.797,3.932,341.4,3.17,Low
Banana,Unripe,200,26.65,77.17,0.7,2.413,471.9,7.91,Medium
Brinjal,Ripe,236,30.76,70.94,1.411,4.541,523.3,10.34,High
Brinjal,Ripe,222,30.46,75.33,4.006,2.024,493.6,4.95,Medium
Brinjal,Unripe,202,27.85,45.92,0.256,2.969,573.3,5.53,Medium
Tomato,Ripe,112,30.55,50.2,4.913,3.624,765.4,4.93,Low
Mango,Semi-Ripe,126,28.96,75.96,0.849,3.815,300.0,7.58,Low
Banana,Semi-Ripe,130,31.8,34.66,1.276,3.943,439.2,2.29,Low
Brinjal,Ripe,177,28.16,82.7,0.371,2.201,684.9,9.4,Medium
Onion,Ripe,12,25.58,46.12,2.009,2.494,437.4,2.07,Low
Mango,Ripe,199,28.34,78.12,1.029,0.1,594.7,2.78,Medium
Brinjal,Ripe,194,15.28,57.34,0.958,2.284,575.7,4.26,Low
Brinjal,Ripe,239,28.53,80.59,0.258,3.7,648.4,3.91,Medium
Mango,Semi-Ripe,143,15.0,95.0,1.053,3.487,729.6,4.97,Medium
Tomato,Unripe,110,20.11,40.72,1.808,2.405,540.0,0.85,Low
Brinjal,Unripe,115,28.81,76.34,0.848,4.369,300.0,4.13,Low
Mango,Unripe,149,28.91,46.3,2.275,2.078,416.0,5.48,Low
Mango,Semi-Ripe,72,22.35,73.12,2.21,1.712,762.3,6.03,Low
Mango,Unripe,187,24.15,65.52,0.638,1.985,330.3,5.97,Medium
Mango,Semi-Ripe,106,32.48,69.56,3.054,1.265,559.6,6.33,Low
Tomato,Ripe,67,25.06,57.06,1.032,3.185,300.0,2.21,Low
Tomato,Unripe,177,35.97,77.37,1.035,2.817,337.9,5.33,Medium
Onion,Unripe,81,26.99,50.62,1.072,3.171,606.4,0.0,Low
Tomato,Ripe,19,28.63,82.9,1.05,2.044,504.3,2.52,Low
Banana,Unripe,125,33.47,63.09,0.159,2.436,454.8,4.7,Low
Banana,Ripe,122,27.52,51.17,0.878,0.104,402.3,4.82,Low
Brinjal,Semi-Ripe,70,22.99,87.14,0.385,2.914,300.0,0.51,Low
Mango,Ripe,8,26.56,67.19,3.122,2.609,583.2,1.89,Low
Onion,Ripe,114,26.86,90.89,3.035,1.289,466.0,3.42,Low
Brinjal,Semi-Ripe,186,21.54,82.66,1.815,2.385,317.4,3.96,Low
Banana,Ripe,193,25.98,58.42,0.846,2.216,503.6,6.12,Medium
Onion,Unripe,50,24.03,66.98,0.494,4.441,569.7,2.71,Low
Mango,Unripe,103,30.7,69.45,0.631,1.333,475.9,3.91,Low
Banana,Semi-Ripe,217,27.14,86.32,3.896,2.865,513.9,4.22,Medium
Banana,Ripe,83,25.87,73.25,0.616,1.3,504.6,5.41,Low
Tomato,Ripe,114,26.58,70.12,0.192,1.886,415.2,5.92,Low
Tomato,Ripe,163,27.89,65.6,2.057,2.805,506.5,3.9,Medium
Onion,Semi-Ripe,110,29.47,67.39,2.859,2.268,588.2,8.95,Low
Tomato,Ripe,202,23.0,83.66,3.195,2.493,624.2,3.54,Medium
Tomato,Unripe,86,22.83,68.04,2.069,2.866,594.9,5.34,Low
Tomato,Unripe,118,31.42,63.26,2.319,1.957,419.0,2.2,Low
Banana,Ripe,124,25.35,61.23,1.038,3.473,576.3,5.38,Medium
Mango,Semi-Ripe,179,21.33,61.35,0.234,2.164,555.9,5.9,Medium
Mango,Unripe,81,28.78,51.17,1.02,2.393,414.8,1.65,Low
Onion,Ripe,66,28.85,59.0,1.545,2.897,444.3,3.06,Low
Onion,Semi-Ripe,86,20.88,85.98,0.91,2.75,581.6,6.89,Low
Onion,Unripe,56,27.92,65.52,0.881,3.209,665.2,1.71,Low
Mango,Semi-Ripe,47,29.94,76.45,0.509,2.849,300.0,3.79,Low
Tomato,Unripe,197,28.5,38.25,0.496,3.016,696.8,5.47,Medium
Onion,Ripe,83,29.53,74.82,3.621,2.142,639.7,3.42,Low
Banana,Unripe,65,21.38,66.06,3.714,1.324,523.9,0.16,Low
Onion,Unripe,195,28.32,62.22,0.998,0.93,471.1,6.33,Low
Tomato,Ripe,190,25.79,70.17,1.218,0.662,546.9,4.8,Low
Onion,Unripe,59,25.07,62.05,0.503,4.439,423.1,5.19,Low
Mango,Ripe,73,30.48,42.51,1.568,0.1,478.7,3.79,Low
Brinjal,Ripe,197,32.92,79.07,3.427,3.813,323.0,4.98,Medium
Tomato,Unripe,66,34.18,70.92,0.343,1.597,300.0,3.96,Low
Brinjal,Ripe,207,32.26,64.23,1.384,3.805,779.9,3.21,Medium
Banana,Semi-Ripe,148,26.56,56.41,1.458,0.1,507.6,7.08,Medium
Onion,Unripe,160,28.41,50.36,1.447,2.241,524.4,3.74,Low
Tomato,Ripe,128,30.07,70.69,3.158,4.099,496.3,3.38,Medium
Mango,Ripe,7,27.48,87.36,4.159,3.285,400.7,4.91,Low
Brinjal,Ripe,198,27.52,70.44,0.849,2.129,463.2,5.32,Low
Onion,Ripe,135,30.3,51.41,1.602,0.363,510.9,3.69,Low
Onion,Semi-Ripe,41,26.76,70.7,1.061,1.045,476.4,3.74,Low
Tomato,Unripe,200,24.08,67.36,0.642,4.028,409.7,6.03,Medium
Tomato,Ripe,70,25.34,78.37,1.209,2.117,557.5,3.13,Low
Mango,Ripe,88,29.54,75.28,1.6,2.421,522.6,5.22,Low
Tomato,Ripe,154,27.01,32.17,1.164,2.812,547.1,2.06,Low
Banana,Unripe,68,28.36,74.54,0.54,1.067,584.6,3.79,Low
Banana,Ripe,1,29.68,55.96,0.723,2.948,479.5,3.95,Low
Onion,Ripe,77,25.5,50.94,0.727,2.038,479.7,4.54,Low
Tomato,Unripe,164,30.02,65.74,0.554,2.823,677.9,0.43,Low
Mango,Unripe,101,28.52,72.93,1.245,1.864,386.7,3.48,Medium
Mango,Unripe,171,22.06,48.31,1.34,0.77,300.0,2.37,Low
Banana,Ripe,16,32.77,76.45,1.985,2.03,566.7,5.01,Low
Mango,Unripe,62,25.0,77.16,0.549,3.205,424.5,2.54,Low
Brinjal,Ripe,57,20.38,68.56,0.667,2.933,370.7,5.3,Low
Onion,Ripe,15,22.82,57.59,2.969,2.534,606.2,0.49,Low
Brinjal,Unripe,155,22.92,56.25,0.891,3.488,482.6,5.06,Low
Brinjal,Ripe,50,27.21,80.31,1.021,2.276,348.4,3.11,Low
Tomato,Ripe,113,25.9,49.87,0.885,2.562,732.2,8.83,Low
Onion,Unripe,238,25.65,80.77,2.21,1.972,306.7,7.48,Medium
Banana,Unripe,59,29.48,66.02,2.271,3.552,489.6,5.21,Low
Tomato,Ripe,46,28.36,66.85,2.18,2.821,300.0,6.7,Low
Brinjal,Unripe,224,28.26,47.5,1.019,1.887,532.5,5.7,Medium
Banana,Unripe,86,28.64,66.24,0.543,0.862,423.1,3.35,Low
Onion,Ripe,71,29.46,75.36,3.848,3.715,598.3,2.97,Low
Brinjal,Ripe,173,18.57,51.96,1.821,1.682,497.9,5.17,Low
Onion,Ripe,31,25.54,73.98,0.726,2.579,662.1,0.0,Low
Onion,Unripe,91,18.28,69.07,2.709,5.088,448.4,3.6,Low
Mango,Ripe,48,27.14,60.27,0.687,3.382,307.5,3.48,Low
Mango,Semi-Ripe,214,26.98,78.26,2.684,4.272,528.5,4.79,Medium
Mango,Ripe,71,31.18,41.57,2.815,1.908,469.7,0.6,Low
Mango,Unripe,136,31.75,72.16,0.525,3.678,300.0,3.86,Low
Brinjal,Unripe,125,27.81,87.43,1.503,2.529,373.4,1.24,Low
Onion,Semi-Ripe,118,25.0,85.28,1.729,2.903,411.5,7.11,Low
Banana,Semi-Ripe,15,28.94,72.68,6.237,4.723,686.6,2.22,Low
Onion,Semi-Ripe,63,24.89,64.38,0.595,2.193,584.9,0.0,Low
Brinjal,Ripe,206,26.99,60.37,2.726,2.521,458.3,4.6,Medium
Mango,Ripe,132,30.94,64.36,1.012,1.506,556.5,5.7,Low
Onion,Ripe,211,24.77,74.53,0.419,3.477,300.0,5.35,Medium
Banana,Ripe,134,30.22,58.31,0.919,1.883,432.2,2.46,Medium
Tomato,Semi-Ripe,76,29.71,77.09,1.002,3.625,548.1,2.19,Low
Brinjal,Ripe,83,23.18,93.6,0.477,0.685,519.8,2.98,Low
Onion,Unripe,186,30.9,67.26,1.244,3.104,435.3,3.94,Low
Mango,Ripe,57,29.79,51.87,1.955,1.792,495.4,0.92,Low
Mango,Ripe,144,27.41,51.86,1.181,3.304,540.6,4.11,Low
Brinjal,Unripe,225,23.95,77.32,0.684,2.485,498.9,2.8,Medium
Onion,Unripe,203,23.56,67.28,0.901,1.911,603.3,6.64,Medium
Mango,Ripe,93,24.85,78.52,0.997,2.075,538.2,5.54,Low
Banana,Ripe,66,29.17,61.6,1.164,1.565,561.3,1.49,Low
Brinjal,Unripe,149,23.18,77.97,2.175,3.422,705.6,3.0,Medium
Onion,Unripe,147,28.75,66.1,1.21,1.346,599.3,3.5,Medium
Tomato,Semi-Ripe,174,22.03,59.21,0.375,2.206,708.9,4.53,Medium
Tomato,Semi-Ripe,17,26.18,63.19,0.675,2.88,419.4,3.17,Low
Onion,Semi-Ripe,130,27.44,53.64,1.123,4.275,308.9,4.89,Medium
Banana,Unripe,2,36.78,91.87,2.197,2.49,483.2,3.32,Low
Brinjal,Ripe,238,21.49,66.84,2.481,2.233,472.9,8.15,Medium
Tomato,Ripe,210,32.89,75.73,3.464,2.801,675.1,5.13,Medium
Tomato,Semi-Ripe,178,27.6,61.56,1.096,0.219,364.4,2.29,Low
Brinjal,Ripe,70,28.64,55.38,1.706,1.181,490.5,0.44,Low
Mango,Semi-Ripe,179,27.47,65.19,0.361,2.087,548.6,7.59,Low
Onion,Semi-Ripe,107,28.78,81.21,1.351,1.716,512.0,4.7,Low
Banana,Unripe,156,26.39,61.75,0.471,0.739,479.4,4.74,Low
Onion,Ripe,55,32.82,57.55,0.957,3.444,543.0,3.97,Low
Banana,Semi-Ripe,114,25.17,69.87,8.339,2.786,629.5,4.16,Medium
Brinjal,Semi-Ripe,211,31.53,73.99,1.237,2.654,684.3,5.81,Medium
Brinjal,Ripe,45,24.42,87.71,0.546,1.737,503.9,2.37,Low
Tomato,Unripe,92,26.76,72.25,1.33,2.587,402.1,5.5,Low
Brinjal,Semi-Ripe,70,22.71,75.73,0.696,3.066,684.1,2.4,Low
Onion,Ripe,43,28.82,76.63,0.51,2.209,370.7,1.39,Low
Mango,Unripe,95,32.78,54.16,4.359,2.989,714.9,0.6,Low
Mango,Unripe,146,26.69,56.44,2.11,1.624,661.3,3.82,Low
Banana,Ripe,13,26.21,54.99,1.274,2.607,678.7,4.94,Low
Brinjal,Unripe,49,22.54,52.01,0.76,3.757,582.2,2.26,Low
Mango,Ripe,196,26.08,77.55,0.804,3.855,300.0,2.37,Medium
Mango,Ripe,62,20.63,71.48,2.944,3.96,375.3,3.76,Low
Onion,Unripe,80,23.35,68.95,1.239,2.814,536.8,2.29,Low
Onion,Unripe,162,27.91,36.89,0.116,2.535,418.9,7.23,Low
Banana,Ripe,179,32.28,92.67,5.445,2.006,462.2,6.58,Medium
Mango,Ripe,231,38.24,57.27,1.137,0.512,573.5,2.98,Medium
Mango,Unripe,38,24.65,92.62,1.272,1.021,479.6,2.64,Low
Mango,Semi-Ripe,181,32.74,50.61,2.14,2.315,353.7,3.31,Low
Banana,Ripe,174,27.98,58.25,1.385,2.381,606.3,2.5,Medium
Tomato,Unripe,29,26.4,41.57,1.687,4.053,561.8,2.75,Low
Brinjal,Semi-Ripe,211,28.73,72.35,0.743,3.946,470.1,6.5,Low
Banana,Semi-Ripe,75,27.25,54.78,0.423,1.745,585.4,3.25,Low
Tomato,Ripe,101,27.44,55.12,1.217,3.4,511.4,2.78,Low
Mango,Unripe,191,25.37,51.53,2.724,1.975,659.8,0.82,Medium
Mango,Semi-Ripe,126,21.41,77.33,0.635,3.251,518.1,2.81,Low
Onion,Ripe,66,20.83,76.54,0.601,3.387,658.9,4.29,Low
Onion,Ripe,77,29.61,89.74,2.351,3.866,300.0,1.01,Low
Brinjal,Unripe,178,25.89,59.77,0.726,1.958,555.1,6.94,Low
Brinjal,Unripe,44,24.62,70.63,0.75,3.616,452.3,1.98,Low
Onion,Ripe,113,27.03,52.53,0.77,0.44,396.9,4.2,Low
Brinjal,Ripe,180,30.18,63.98,0.956,3.926,639.0,3.94,Medium
Mango,Unripe,213,27.72,61.77,0.332,2.472,606.7,2.94,Medium
Mango,Semi-Ripe,199,24.38,73.57,0.686,2.496,300.0,5.68,Low
Brinjal,Unripe,86,31.91,80.2,1.175,0.259,585.9,2.46,Low
Banana,Semi-Ripe,47,33.32,79.89,1.169,2.072,571.3,1.56,Low
Banana,Semi-Ripe,225,28.98,57.89,2.249,3.991,413.2,0.92,Low
Onion,Semi-Ripe,143,30.89,79.98,3.624,2.031,399.8,6.56,Low
Onion,Semi-Ripe,98,31.97,67.47,2.883,3.285,309.1,3.69,Low
Brinjal,Ripe,217,31.52,64.1,1.897,2.538,459.5,7.1,Medium
Mango,Semi-Ripe,175,29.46,59.5,0.901,3.669,478.7,5.72,Medium
Banana,Ripe,114,29.39,61.28,0.647,2.711,595.6,5.86,Low
Mango,Semi-Ripe,47,29.08,88.91,1.013,1.475,532.3,2.05,Low
Banana,Semi-Ripe,19,22.61,71.69,1.507,2.562,372.8,0.26,Low
Mango,Unripe,127,29.8,70.1,1.778,4.261,528.7,5.4,Medium
Banana,Unripe,27,21.58,64.85,1.547,3.047,469.5,3.06,Low
Banana,Semi-Ripe,74,23.82,95.0,0.919,2.372,387.8,2.55,Low
Brinjal,Semi-Ripe,164,32.21,83.66,1.735,4.981,309.3,5.8,Medium
Onion,Ripe,3,30.36,59.35,2.417,3.775,575.0,3.09,Low
Banana,Unripe,238,32.95,64.72,1.852,3.398,553.6,6.51,High
Mango,Unripe,105,25.91,65.43,0.978,2.849,566.8,1.92,Low
Tomato,Ripe,209,22.39,69.75,0.558,3.303,412.6,6.77,Medium
Brinjal,Semi-Ripe,41,26.04,59.59,0.549,3.339,520.5,2.98,Low
Onion,Unripe,111,27.41,73.27,0.621,0.1,335.0,5.78,Low
Mango,Unripe,231,27.32,85.43,1.197,2.934,381.6,7.01,Medium
Tomato,Ripe,152,31.53,52.24,1.439,2.323,504.0,5.56,Low
Tomato,Ripe,194,25.55,54.46,0.372,1.95,531.5,4.63,Low
Mango,Semi-Ripe,165,28.41,62.2,0.703,2.285,304.5,5.76,Medium
Onion,Unripe,178,23.05,62.76,1.186,0.789,373.1,6.64,Medium
Brinjal,Semi-Ripe,87,28.8,91.98,0.533,0.515,456.2,4.64,Low
Brinjal,Unripe,109,27.01,80.02,1.355,3.871,615.0,4.17,Low
Mango,Semi-Ripe,11,24.0,79.33,0.806,3.008,402.4,3.91,Low
Onion,Semi-Ripe,62,26.06,64.83,0.603,0.1,516.9,2.3,Low
Banana,Ripe,15,26.26,64.56,1.038,1.866,529.4,5.41,Low
Banana,Ripe,78,25.92,50.58,1.316,3.469,470.0,0.41,Low
Onion,Semi-Ripe,174,34.09,77.38,0.552,2.192,532.2,4.65,Medium
Brinjal,Unripe,49,26.61,73.89,0.844,3.87,338.6,2.36,Low
Mango,Unripe,115,26.02,83.43,1.387,3.655,421.3,2.73,Low
Brinjal,Ripe,133,18.61,65.47,0.587,1.008,672.1,4.65,Low
Mango,Semi-Ripe,39,23.42,66.3,0.313,2.342,680.6,0.94,Low
Brinjal,Semi-Ripe,195,25.95,70.04,0.341,2.007,601.2,8.71,Medium
Tomato,Ripe,185,24.26,78.7,0.746,0.972,632.0,2.29,Medium
Tomato,Ripe,45,32.53,50.36,0.397,0.9,300.0,1.33,Low
Onion,Unripe,8,26.34,76.83,0.784,1.613,386.2,0.71,Low
Tomato,Ripe,1,32.15,67.75,3.207,1.795,462.7,2.87,Low
Banana,Unripe,70,27.25,55.3,0.381,2.812,789.9,5.17,Low
Tomato,Ripe,30,27.15,42.98,0.821,3.649,462.4,3.81,Low
Tomato,Semi-Ripe,4,26.64,66.36,4.449,3.065,589.4,5.2,Low
Brinjal,Ripe,111,27.02,85.37,1.331,3.325,545.4,2.34,Medium
Mango,Unripe,126,33.88,88.1,0.773,2.207,542.7,5.2,Medium
Brinjal,Semi-Ripe,4,17.72,72.26,0.896,3.163,497.2,2.0,Low
Banana,Ripe,144,18.99,91.54,1.351,2.337,356.0,4.64,Medium
Brinjal,Ripe,97,24.83,67.48,3.277,2.014,300.0,5.66,Low
Brinjal,Ripe,48,27.06,79.44,0.69,4.587,653.8,0.03,Low
Tomato,Unripe,26,29.76,62.59,0.588,0.1,426.0,6.4,Low
Banana,Unripe,182,28.89,61.82,0.381,0.439,300.0,4.42,Medium
Brinjal,Ripe,25,25.46,59.87,1.075,2.921,552.6,0.0,Low
Mango,Semi-Ripe,48,31.08,43.27,0.374,2.209,550.3,1.83,Low
Tomato,Semi-Ripe,171,31.12,83.45,0.723,0.919,592.1,4.74,Medium
Banana,Unripe,151,27.74,60.3,0.529,1.34,633.9,3.06,Low
Onion,Ripe,240,30.85,58.38,2.121,1.483,389.7,1.69,Low
Mango,Semi-Ripe,9,28.09,53.84,0.701,3.482,395.0,2.78,Low
Mango,Semi-Ripe,46,24.75,65.55,1.32,3.834,461.8,1.75,Low
Tomato,Ripe,159,29.79,89.16,0.325,4.304,598.6,5.58,Medium
Brinjal,Semi-Ripe,55,27.44,93.13,1.096,0.752,300.0,1.24,Low
Mango,Semi-Ripe,91,27.01,48.07,0.431,0.996,515.4,7.66,Low
Tomato,Semi-Ripe,71,32.89,63.75,0.742,0.921,611.9,4.28,Low
Tomato,Semi-Ripe,194,17.2,55.59,4.701,3.918,606.9,5.18,Medium
Mango,Semi-Ripe,189,21.33,79.86,1.92,2.959,585.0,5.89,Medium
Mango,Unripe,194,22.25,71.44,0.914,2.588,627.6,1.55,Medium
Banana,Semi-Ripe,121,25.55,60.36,9.386,2.753,300.0,3.06,Low
Banana,Unripe,117,25.98,68.87,0.527,2.438,693.6,7.11,Medium
Banana,Ripe,137,20.97,62.27,2.261,1.267,539.6,3.57,Low
Mango,Semi-Ripe,16,23.06,87.37,0.342,3.064,660.2,2.58,Low
Tomato,Unripe,131,23.56,74.56,0.843,2.295,359.0,3.23,Low
Brinjal,Unripe,66,36.83,76.04,0.389,1.18,300.0,5.93,Low
Banana,Ripe,225,34.21,36.0,1.197,3.132,714.4,4.76,Medium
Tomato,Ripe,44,25.35,67.2,1.04,2.032,388.8,0.77,Low
Tomato,Ripe,8,25.55,93.0,0.806,2.75,462.7,7.24,Low
Onion,Ripe,232,22.4,83.91,2.148,2.363,563.3,2.81,Medium
Onion,Ripe,38,19.37,45.83,0.672,3.481,592.7,2.78,Low
Tomato,Semi-Ripe,124,26.53,64.24,1.257,2.742,629.4,2.47,Medium
Banana,Ripe,92,23.01,53.58,1.776,1.528,526.8,2.34,Low
Banana,Ripe,64,26.66,88.53,0.354,2.854,373.5,1.36,Low
Banana,Semi-Ripe,117,20.6,70.93,0.592,2.89,584.8,2.93,Low
Onion,Unripe,176,23.95,58.79,1.038,3.062,586.7,6.38,Medium
Banana,Ripe,27,27.59,68.41,1.554,3.639,300.0,0.0,Low
Mango,Ripe,159,28.46,36.71,2.704,1.822,670.2,6.68,Medium
Brinjal,Semi-Ripe,215,28.67,54.98,0.86,3.235,300.0,7.04,Medium
Onion,Ripe,69,21.72,68.44,0.801,0.603,624.1,4.24,Low
Tomato,Unripe,163,30.42,78.15,0.543,2.368,423.9,4.68,Medium
Onion,Ripe,221,23.8,44.7,1.26,2.198,584.7,5.65,Medium
Brinjal,Unripe,224,29.53,63.43,0.812,4.093,561.2,7.75,Medium
Onion,Unripe,156,26.96,80.12,0.825,2.328,495.5,1.23,Low
Onion,Unripe,226,21.49,50.58,0.936,3.169,554.1,6.52,Medium
Tomato,Unripe,187,25.74,70.75,1.471,0.562,489.6,3.4,Low
Banana,Unripe,123,28.46,68.79,0.674,2.113,585.7,5.46,Medium
Tomato,Semi-Ripe,30,29.45,88.57,0.582,1.569,762.2,1.76,Low
Tomato,Semi-Ripe,205,26.44,65.24,1.353,5.223,339.1,6.23,Low
Onion,Semi-Ripe,69,33.13,65.94,0.12,1.767,300.0,0.54,Low
Mango,Ripe,177,31.03,78.26,0.655,2.581,450.1,1.58,Medium
Tomato,Semi-Ripe,155,25.97,52.08,0.447,2.639,441.9,4.16,Medium
Onion,Unripe,86,30.0,65.35,2.322,0.752,454.7,6.12,Low
Banana,Unripe,186,34.74,62.53,0.734,1.921,388.8,5.7,Medium
Tomato,Ripe,158,34.84,66.33,0.675,2.945,604.7,5.35,Low
Mango,Unripe,179,22.09,78.18,0.967,2.594,334.2,6.2,Medium
Tomato,Ripe,229,23.29,74.65,0.659,0.1,554.1,4.53,Medium
Brinjal,Ripe,66,32.94,59.02,0.754,1.876,576.6,4.39,Low
Onion,Ripe,184,22.77,69.64,1.07,3.623,538.0,3.66,Medium
Mango,Unripe,9,21.71,85.89,0.744,3.147,558.5,2.04,Low
Onion,Ripe,170,25.06,58.02,0.74,3.84,613.9,4.2,Medium
Mango,Ripe,37,28.68,69.74,0.493,1.416,506.4,1.96,Low
Banana,Ripe,53,26.59,65.68,0.446,3.909,458.4,3.02,Low
Mango,Ripe,47,24.4,67.24,1.043,2.451,558.4,2.61,Low
Tomato,Unripe,200,24.3,48.43,1.239,4.251,572.0,3.63,Medium
Tomato,Semi-Ripe,90,24.15,84.93,0.368,2.504,606.8,3.33,Medium
Banana,Semi-Ripe,93,23.48,58.71,1.702,0.248,300.0,3.9,Low
Tomato,Semi-Ripe,87,36.13,80.31,1.707,3.434,478.0,1.56,Low
Onion,Semi-Ripe,150,28.19,60.54,1.978,2.012,372.2,5.05,Low
Onion,Ripe,220,30.55,60.49,1.234,2.086,567.3,4.25,Medium
Mango,Unripe,163,25.04,82.56,1.562,0.902,587.2,4.81,Medium
Mango,Semi-Ripe,24,26.26,79.93,4.616,4.284,467.1,1.59,Low
Tomato,Semi-Ripe,124,24.15,70.5,0.81,1.927,412.5,5.88,Low
Banana,Semi-Ripe,25,16.39,77.13,0.481,4.233,571.6,4.52,Low
Onion,Semi-Ripe,39,21.49,64.54,0.342,2.026,484.0,1.08,Low
Mango,Ripe,47,19.76,67.9,3.418,1.479,671.2,4.01,Low
Brinjal,Ripe,168,18.0,60.06,3.449,3.951,712.8,7.12,Medium
Mango,Semi-Ripe,210,22.22,78.85,0.523,2.419,620.1,3.31,Medium
Banana,Unripe,59,32.3,59.68,0.601,2.43,527.9,1.64,Low
Banana,Ripe,227,26.82,85.82,0.797,1.09,719.1,6.55,High
Onion,Ripe,63,32.16,64.21,2.356,1.997,528.9,0.9,Low
Banana,Ripe,74,28.64,68.25,0.406,2.972,442.5,1.99,Low
Brinjal,Unripe,30,30.13,77.1,0.252,1.071,419.0,1.03,Low
Onion,Unripe,11,23.4,68.29,4.56,1.907,415.6,3.98,Low
Onion,Semi-Ripe,149,29.1,64.43,1.244,2.038,499.2,3.04,Medium
Onion,Unripe,98,29.91,67.64,1.374,2.573,555.6,3.16,Low
Tomato,Unripe,28,24.69,78.73,0.866,4.128,330.2,1.49,Low
Tomato,Unripe,136,29.24,60.05,1.385,2.17,446.1,6.2,Low
Banana,Ripe,83,29.26,66.49,0.346,1.74,525.5,1.95,Low
Mango,Unripe,94,24.8,68.12,0.555,5.521,577.2,1.09,Low
Brinjal,Semi-Ripe,214,22.51,78.38,1.076,2.023,496.9,2.46,Low
Banana,Ripe,97,22.26,66.8,0.204,2.29,529.3,4.91,Low
Banana,Unripe,109,27.35,89.7,0.809,2.106,351.4,5.19,Low
Tomato,Semi-Ripe,165,28.31,66.12,0.775,2.196,390.6,6.73,Low
Mango,Ripe,215,23.83,65.15,0.809,2.586,492.7,2.81,Medium
Banana,Semi-Ripe,177,27.11,65.95,0.68,3.513,561.3,4.21,Medium
Brinjal,Unripe,118,29.28,52.2,0.498,2.944,527.8,8.29,Low
Tomato,Ripe,73,29.47,55.56,0.279,3.685,398.1,2.83,Low
Brinjal,Ripe,43,33.21,61.63,1.107,3.648,471.6,2.0,Low
Banana,Semi-Ripe,29,32.11,81.63,0.811,2.729,681.4,2.81,Low
Mango,Unripe,182,22.99,67.6,0.382,2.914,565.3,5.64,Low
Onion,Ripe,177,33.73,62.18,1.045,3.72,480.5,5.55,Medium
Banana,Unripe,85,24.88,82.72,0.813,1.278,376.9,2.41,Low
Mango,Ripe,226,31.18,86.61,0.724,5.248,414.4,4.16,Medium
Brinjal,Unripe,232,27.27,83.06,0.221,1.936,500.8,4.75,Medium
Tomato,Semi-Ripe,149,25.35,57.76,1.613,2.114,533.1,2.97,Medium
Brinjal,Ripe,63,19.77,62.06,0.422,1.167,567.9,1.03,Low
Brinjal,Semi-Ripe,122,26.31,89.76,1.045,1.2,546.6,7.22,Low
Banana,Ripe,198,20.76,70.89,0.568,3.571,455.6,4.14,Medium
Mango,Ripe,122,30.87,64.79,0.762,4.997,438.7,3.33,Medium
Mango,Semi-Ripe,119,33.07,76.62,2.24,1.876,745.6,3.35,Medium
Mango,Ripe,128,23.81,80.09,1.451,2.882,433.2,3.89,Low
Tomato,Unripe,202,28.21,61.14,2.206,2.742,345.0,5.71,Medium
Onion,Unripe,98,24.1,70.63,1.26,3.6,303.4,2.84,Low
Onion,Semi-Ripe,44,24.49,79.12,1.32,4.941,457.6,5.08,Low
Banana,Unripe,123,30.1,54.08,0.287,4.173,612.8,5.05,Low
Onion,Semi-Ripe,152,26.85,68.15,0.801,2.237,430.9,3.98,Low
Brinjal,Unripe,225,33.96,54.63,0.854,3.082,677.3,4.0,Medium
Brinjal,Semi-Ripe,27,25.07,56.2,2.355,3.191,499.1,4.78,Low
Brinjal,Unripe,227,31.0,61.24,0.702,2.478,633.1,4.93,Medium
Banana,Semi-Ripe,194,27.39,73.73,1.204,1.294,409.1,2.59,Low
Banana,Semi-Ripe,171,30.18,64.14,1.171,1.621,410.9,6.39,Medium
Tomato,Semi-Ripe,56,25.21,60.22,2.249,3.763,510.9,1.86,Low
Brinjal,Ripe,49,26.8,68.62,0.911,3.876,557.9,4.65,Low
Banana,Semi-Ripe,103,26.54,54.24,1.785,2.272,478.5,0.0,Low
Mango,Unripe,43,23.66,73.15,0.303,2.787,535.1,2.35,Low
Banana,Semi-Ripe,158,29.65,81.58,0.323,3.817,570.6,6.48,Medium
Onion,Ripe,181,29.6,67.05,0.202,0.625,329.5,4.68,Low
Banana,Unripe,115,29.37,65.57,1.734,2.009,459.1,4.96,Low
Banana,Unripe,166,33.15,72.48,1.603,4.72,437.8,2.87,Low
Mango,Ripe,187,32.8,43.66,1.873,2.829,443.6,5.37,Medium
Onion,Unripe,220,25.5,74.44,0.622,1.258,548.8,5.15,Low
Tomato,Ripe,165,28.49,95.0,0.674,2.629,439.4,4.92,Medium
Onion,Semi-Ripe,56,24.51,66.53,0.919,3.624,300.0,6.84,Low
Onion,Ripe,31,27.09,66.57,2.747,0.1,471.6,5.22,Low
Tomato,Ripe,226,24.6,76.92,3.273,2.694,372.3,6.64,Medium
Banana,Ripe,186,33.48,87.74,1.743,2.09,559.6,6.18,Medium
Banana,Ripe,204,28.45,79.7,1.261,0.694,596.7,3.31,Medium
Onion,Semi-Ripe,102,26.13,42.13,2.547,2.59,300.0,2.88,Low
Mango,Unripe,37,31.77,74.76,0.836,2.35,407.1,0.19,Low
Brinjal,Ripe,144,18.32,95.0,0.761,2.474,542.4,1.94,Medium
Tomato,Unripe,154,18.94,75.47,0.914,2.117,330.9,2.75,Low
Onion,Semi-Ripe,52,30.18,54.14,0.504,1.377,593.9,3.07,Low
Brinjal,Unripe,113,27.24,71.38,0.885,0.9,625.9,1.65,Low
Mango,Semi-Ripe,101,28.0,52.63,0.457,1.74,480.6,3.64,Low
Tomato,Unripe,62,21.69,82.79,2.049,3.445,407.1,2.97,Low
Tomato,Ripe,196,26.91,56.53,1.463,2.756,300.0,2.81,Low
Onion,Semi-Ripe,117,35.01,68.89,2.72,2.424,597.7,6.65,Medium
Brinjal,Ripe,223,30.3,57.71,0.32,1.356,740.3,2.79,Medium
Mango,Unripe,0,27.68,61.44,3.786,2.089,715.5,4.51,Low
Banana,Semi-Ripe,226,25.24,85.83,0.333,3.311,476.6,1.15,Medium
Banana,Semi-Ripe,159,25.42,69.24,0.432,3.055,368.9,4.15,Low
Tomato,Ripe,168,18.48,61.29,0.648,1.975,600.5,2.36,Low
Banana,Ripe,69,28.03,54.26,2.498,0.1,484.8,2.15,Low
Brinjal,Semi-Ripe,19,30.38,45.54,1.171,1.758,557.4,5.99,Low
Brinjal,Ripe,55,20.7,52.98,0.843,1.969,536.3,2.54,Low
Tomato,Semi-Ripe,106,24.35,69.34,0.574,1.502,511.2,1.78,Low
Onion,Ripe,81,22.37,79.76,0.382,2.046,623.4,4.35,Low
Tomato,Ripe,46,23.14,61.28,2.21,3.398,627.9,2.41,Low
Onion,Ripe,3,27.21,86.85,1.749,2.459,437.3,2.81,Low
Onion,Semi-Ripe,168,18.66,59.39,2.577,3.589,389.2,2.87,Medium
Brinjal,Unripe,160,29.46,65.14,1.32,0.841,300.0,2.86,Low
Banana,Ripe,38,30.02,55.05,0.157,2.164,458.5,1.54,Low
Tomato,Semi-Ripe,188,26.0,79.89,0.418,0.367,368.8,6.19,Medium
Mango,Ripe,235,17.08,93.17,1.385,2.031,550.3,4.91,Medium
Banana,Unripe,240,23.01,46.86,0.772,1.35,459.7,3.49,Low
Tomato,Unripe,46,31.93,63.85,0.676,3.909,472.7,3.34,Low
Brinjal,Semi-Ripe,102,15.89,83.18,0.462,2.951,597.4,3.87,Low
Onion,Ripe,12,25.61,50.64,1.941,3.616,547.7,3.68,Low
Brinjal,Unripe,2,22.28,74.8,1.376,2.028,486.0,1.66,Low
Onion,Unripe,203,30.22,82.66,1.42,1.378,702.4,4.8,Medium
Banana,Semi-Ripe,233,24.3,68.94,0.642,1.343,588.6,6.06,Medium
Mango,Ripe,48,28.62,74.6,1.131,2.792,450.1,1.26,Low
Tomato,Unripe,111,29.26,89.13,0.392,4.491,455.4,5.43,Low
Banana,Ripe,5,34.34,91.38,0.913,2.954,594.6,2.59,Low
Tomato,Semi-Ripe,196,26.19,67.26,0.17,2.088,524.3,2.87,Medium
Brinjal,Ripe,132,28.5,61.61,0.334,2.292,365.5,2.09,Low
Onion,Ripe,70,21.06,56.96,0.798,2.466,607.4,3.16,Low
Tomato,Ripe,233,31.76,79.72,5.273,4.729,650.9,4.31,Medium
Banana,Unripe,32,23.96,51.54,0.284,3.857,641.8,4.24,Low
Banana,Semi-Ripe,64,24.76,64.97,0.419,2.786,685.1,2.75,Low
Mango,Semi-Ripe,180,26.91,69.23,1.164,2.621,748.3,5.21,Medium
Mango,Semi-Ripe,98,20.75,61.96,3.451,2.829,707.6,2.15,Low
Brinjal,Ripe,168,27.92,71.36,1.152,3.044,540.9,4.47,Low
Mango,Semi-Ripe,57,30.87,95.0,1.635,2.045,475.0,5.55,Low
Tomato,Semi-Ripe,158,28.17,66.54,0.79,1.572,300.0,4.13,Low
Brinjal,Ripe,134,20.64,62.78,0.699,3.635,501.3,3.11,Medium
Tomato,Semi-Ripe,11,26.5,80.18,1.059,2.524,562.3,1.08,Low
Mango,Semi-Ripe,77,29.97,70.88,0.631,3.544,505.2,3.39,Low
Tomato,Semi-Ripe,71,19.49,85.27,1.66,4.311,300.0,5.89,Low
Banana,Unripe,142,22.7,69.98,0.325,3.073,465.6,1.75,Low
Mango,Unripe,105,30.51,65.02,1.864,2.894,577.4,3.67,Medium
Mango,Semi-Ripe,115,28.08,46.6,1.028,6.02,376.9,0.8,Low
Mango,Unripe,40,28.65,48.56,0.86,2.728,519.9,2.24,Low
Banana,Ripe,223,34.44,45.97,0.317,1.3,551.8,5.65,Low
Brinjal,Semi-Ripe,180,28.87,72.55,0.504,2.191,634.2,1.82,Medium
Onion,Semi-Ripe,161,29.63,51.65,2.314,4.207,705.5,3.63,Low
Brinjal,Semi-Ripe,66,37.84,83.07,0.864,1.076,454.7,3.81,Low
Banana,Ripe,164,26.14,68.36,1.215,1.672,522.1,4.7,Low
Banana,Ripe,56,23.81,65.07,0.54,3.717,525.8,3.78,Low
Banana,Semi-Ripe,117,28.71,57.87,0.98,2.201,577.9,2.15,Low
Tomato,Semi-Ripe,64,28.76,75.47,0.383,2.379,564.5,3.79,Low
Banana,Ripe,73,24.89,58.35,1.072,3.681,671.0,2.3,Low
Brinjal,Semi-Ripe,156,22.87,56.18,1.296,1.711,300.0,5.66,Medium
Onion,Ripe,75,36.24,82.26,1.252,0.885,550.2,0.0,Low
Tomato,Unripe,175,28.31,72.26,0.531,0.972,558.5,4.08,Medium
Brinjal,Semi-Ripe,121,24.07,65.18,0.787,3.14,471.8,4.13,Low
Tomato,Unripe,236,30.66,75.7,1.456,2.785,300.0,7.76,Medium
Tomato,Semi-Ripe,46,26.56,68.11,0.862,1.738,492.7,3.21,Low
Tomato,Semi-Ripe,227,25.99,72.6,0.818,1.225,414.7,5.56,Medium
Tomato,Ripe,31,29.25,58.2,3.79,2.202,701.4,3.55,Low
Tomato,Unripe,132,21.83,92.84,0.514,3.728,545.0,6.34,High
Banana,Ripe,89,28.41,61.04,2.13,1.581,404.5,2.88,Low
Onion,Ripe,181,34.65,86.67,0.446,1.771,300.0,2.15,Medium
Brinjal,Semi-Ripe,31,28.86,65.73,1.581,1.19,570.9,0.0,Low
Brinjal,Unripe,61,25.5,77.69,1.642,2.096,583.5,4.43,Low
Tomato,Ripe,55,24.97,76.81,0.7,2.872,474.1,3.56,Low
Onion,Unripe,221,25.36,81.76,0.426,4.827,572.4,4.69,Medium
Banana,Ripe,128,25.98,57.91,0.252,2.74,458.2,2.98,Low
Tomato,Ripe,39,25.49,80.91,0.65,2.441,628.1,3.29,Low
Brinjal,Unripe,190,30.67,90.16,1.445,3.449,619.1,5.16,Medium
Brinjal,Semi-Ripe,68,20.07,64.9,0.47,3.266,303.3,4.18,Low
Banana,Semi-Ripe,54,30.45,68.42,1.07,1.865,332.6,1.15,Low
Brinjal,Ripe,119,25.48,61.72,0.356,5.032,743.8,0.75,Low
Brinjal,Ripe,190,28.51,63.84,0.849,2.473,611.9,3.14,Medium
Banana,Ripe,202,22.49,88.54,0.448,2.76,348.5,2.49,Medium
Mango,Unripe,3,32.31,55.95,0.947,3.106,311.6,0.01,Low
Onion,Ripe,216,31.98,56.69,0.704,2.88,524.9,7.92,Medium
Brinjal,Ripe,240,30.84,87.33,0.435,4.178,362.9,1.3,Medium
Banana,Ripe,77,20.94,75.49,0.631,1.851,462.0,4.27,Low
Brinjal,Unripe,124,30.32,93.44,0.52,3.362,494.3,5.62,Medium
Mango,Ripe,90,28.62,62.59,0.399,2.681,489.1,5.36,Low
Onion,Semi-Ripe,114,20.58,69.52,2.134,3.581,635.2,4.37,Low
Brinjal,Unripe,157,26.9,60.07,0.777,2.264,720.2,6.76,Medium
Brinjal,Semi-Ripe,156,28.46,69.72,0.214,2.115,442.5,7.58,Low
Mango,Semi-Ripe,114,29.22,46.71,0.646,3.305,364.3,3.32,Low
Mango,Ripe,114,27.71,76.22,1.897,2.894,546.7,4.67,Low
Onion,Unripe,117,28.16,71.88,0.587,1.598,695.8,6.2,Medium
Brinjal,Unripe,98,32.89,67.31,2.853,3.98,451.6,2.12,Low
Tomato,Semi-Ripe,29,31.9,63.32,0.549,3.306,602.0,2.41,Low
Onion,Semi-Ripe,89,15.53,57.26,1.422,2.418,399.5,2.44,Low
Tomato,Ripe,172,25.73,76.73,2.066,1.985,502.6,5.39,Medium
Banana,Unripe,235,26.34,53.95,1.37,2.901,360.6,1.9,Medium
Banana,Ripe,195,19.99,74.14,0.382,3.227,501.3,7.43,Medium
Mango,Unripe,207,27.38,92.89,0.517,0.747,486.0,5.94,Medium
Banana,Semi-Ripe,188,32.0,85.83,2.268,2.913,573.0,5.82,Medium
Tomato,Ripe,121,22.65,49.94,0.569,3.218,713.4,0.0,Low
Brinjal,Unripe,164,28.35,61.56,1.98,0.1,453.3,2.6,Low
Brinjal,Unripe,201,23.34,73.06,0.74,2.716,300.0,7.59,Low
Onion,Semi-Ripe,53,24.31,67.16,1.104,3.264,475.7,2.82,Low
Banana,Unripe,35,32.91,51.21,0.379,3.139,535.9,0.0,Low
Banana,Unripe,64,24.83,72.62,0.653,3.383,524.2,3.67,Low
Tomato,Unripe,127,28.85,67.88,0.542,2.14,481.1,5.25,Low
Mango,Semi-Ripe,189,19.52,90.97,1.171,1.356,678.5,5.72,Medium
Banana,Semi-Ripe,108,34.45,64.96,1.067,0.52,516.3,3.53,Low
Banana,Unripe,236,29.41,82.02,1.382,3.701,487.4,7.38,Medium
Onion,Unripe,78,26.27,52.79,0.709,3.273,406.7,2.17,Low
Mango,Ripe,111,29.3,55.66,0.521,3.785,300.0,4.8,Low
Tomato,Semi-Ripe,221,21.36,76.66,1.136,1.702,539.5,5.4,Medium
Onion,Semi-Ripe,41,31.73,81.0,0.486,3.384,529.5,2.75,Low
Banana,Ripe,200,25.7,56.51,2.127,0.847,372.9,4.22,Medium
Tomato,Ripe,36,26.18,68.29,0.923,1.544,494.7,2.31,Low
Onion,Unripe,218,25.03,51.42,0.796,2.639,482.7,5.17,Medium
Mango,Semi-Ripe,77,24.68,65.83,1.382,3.23,425.1,2.9,Low
Onion,Unripe,153,29.78,78.04,0.948,4.347,404.8,5.66,Medium
Mango,Ripe,171,28.02,62.78,0.313,2.236,548.6,3.59,Low
Mango,Semi-Ripe,90,29.61,65.01,0.476,1.548,472.9,6.4,Low
Mango,Unripe,132,26.96,54.44,2.097,1.491,429.1,3.04,Low
Tomato,Ripe,182,29.05,60.22,1.06,1.743,396.6,6.34,Medium
Onion,Semi-Ripe,211,25.32,89.1,0.308,4.943,484.4,6.77,Medium
Banana,Unripe,26,35.92,68.88,1.28,3.333,610.9,3.11,Low
Banana,Unripe,119,20.73,55.97,0.676,3.724,524.8,4.07,Low
Mango,Ripe,205,32.04,64.22,0.542,2.237,471.5,3.65,Medium
Banana,Semi-Ripe,133,32.47,48.83,0.449,2.498,537.0,3.17,Low
Banana,Ripe,6,23.59,55.83,2.014,3.269,663.7,2.97,Low
Mango,Unripe,30,35.92,84.32,0.253,1.944,558.8,2.78,Low
Banana,Unripe,197,30.98,66.29,0.556,2.18,531.2,6.99,Low
Banana,Ripe,102,30.88,90.69,1.088,1.758,576.6,2.91,Low
Brinjal,Unripe,169,27.11,66.86,3.019,2.008,481.0,3.82,Low
Brinjal,Ripe,215,26.13,67.57,1.474,2.554,522.1,2.08,Medium
Brinjal,Ripe,21,26.16,75.69,0.553,1.596,441.3,3.91,Low
Tomato,Unripe,109,28.56,35.93,2.917,2.815,313.9,4.8,Low
Onion,Ripe,35,32.6,70.46,0.387,2.813,541.1,4.68,Low
Brinjal,Ripe,202,27.73,67.41,1.204,2.303,541.6,6.78,Medium
Brinjal,Unripe,109,23.35,85.83,1.407,1.59,465.5,5.23,Low
Brinjal,Semi-Ripe,211,30.3,79.58,0.54,2.615,624.3,6.53,Medium
Banana,Semi-Ripe,72,30.68,54.4,1.63,1.945,413.4,4.46,Low
Banana,Unripe,35,29.62,82.91,0.698,2.551,300.0,4.3,Low
Tomato,Ripe,209,29.98,64.85,1.627,3.708,416.3,1.69,Medium
Onion,Ripe,147,25.92,57.15,0.276,1.122,315.1,2.28,Low
Onion,Semi-Ripe,46,23.28,70.37,1.264,4.891,540.6,0.78,Low
Onion,Ripe,167,23.53,65.57,0.749,2.42,409.8,6.79,Medium
Brinjal,Ripe,100,20.46,86.46,2.236,2.953,618.2,2.29,Low
Mango,Ripe,11,27.95,72.09,0.97,1.672,615.7,1.51,Low
Mango,Semi-Ripe,62,26.67,70.47,2.398,3.756,389.0,3.26,Low
Onion,Ripe,180,25.24,78.81,1.427,2.362,403.0,2.42,Medium
Mango,Ripe,30,15.18,81.11,0.915,2.066,564.1,3.54,Low
Brinjal,Semi-Ripe,81,22.01,77.4,1.736,1.867,617.6,0.0,Low
Brinjal,Semi-Ripe,62,31.48,85.03,1.743,2.205,300.0,1.12,Low
Tomato,Unripe,176,24.34,75.3,1.391,2.96,533.8,4.97,Medium
Tomato,Semi-Ripe,207,28.44,70.01,0.201,2.69,300.0,2.75,Medium
Tomato,Ripe,189,21.44,82.87,0.503,2.456,434.2,7.11,Medium
Brinjal,Ripe,172,32.75,66.91,2.635,1.717,631.2,4.65,Medium
Mango,Ripe,21,26.42,68.4,0.415,1.654,861.2,4.79,Low
Mango,Unripe,220,28.16,88.66,1.855,1.993,471.3,5.78,Medium
Onion,Ripe,38,36.3,87.46,1.64,3.006,350.3,2.93,Low
Banana,Semi-Ripe,97,33.07,67.9,0.602,3.228,438.4,1.87,Low
Tomato,Semi-Ripe,199,25.77,62.56,0.247,3.377,507.9,6.56,Medium
Mango,Unripe,57,24.63,85.56,0.672,2.498,419.6,3.98,Low
Banana,Ripe,52,25.7,77.61,4.283,2.922,389.0,6.88,Low
Banana,Semi-Ripe,6,29.04,71.79,0.546,2.315,448.8,4.06,Low
Brinjal,Unripe,86,26.58,64.14,0.574,0.583,547.5,2.82,Low
Onion,Semi-Ripe,119,25.42,71.98,0.497,2.262,479.7,4.45,Medium
Tomato,Ripe,112,32.87,67.74,2.34,2.087,394.2,4.6,Low
Mango,Ripe,9,26.54,60.03,0.844,1.357,419.6,4.7,Low
Brinjal,Unripe,49,36.2,69.55,0.645,1.876,450.3,5.47,Low
Tomato,Ripe,1,27.36,71.19,2.69,2.649,380.1,2.22,Low
Banana,Unripe,54,34.14,63.5,1.5,1.253,415.1,0.96,Low
Tomato,Semi-Ripe,145,28.43,78.85,0.525,1.718,577.2,0.9,Low
Banana,Semi-Ripe,2,30.85,83.47,0.425,4.203,472.4,0.47,Low
Tomato,Semi-Ripe,39,24.1,79.64,2.25,0.737,300.0,1.9,Low
Brinjal,Unripe,131,23.58,64.69,1.012,2.298,623.0,6.78,Medium
Banana,Unripe,134,28.84,77.07,0.338,1.217,550.0,6.84,Low
Onion,Unripe,215,30.95,68.94,0.287,1.673,334.0,6.81,Medium
Tomato,Semi-Ripe,138,27.16,53.17,0.458,2.282,456.2,6.37,Low
Onion,Ripe,223,21.85,76.07,0.42,1.414,404.9,3.9,Medium
Banana,Unripe,174,21.56,69.75,0.239,3.131,581.2,1.86,Low
Banana,Ripe,132,21.29,95.0,0.463,3.986,455.4,2.27,Low
Brinjal,Unripe,92,19.93,85.49,0.526,3.426,491.3,0.0,Low
Brinjal,Semi-Ripe,26,27.44,76.53,0.723,3.627,477.3,0.81,Low
Onion,Ripe,169,31.5,70.99,3.271,0.982,322.4,3.62,Low
Onion,Ripe,226,26.95,69.96,0.83,2.233,668.6,5.51,Medium
Mango,Ripe,88,17.96,55.96,0.889,3.014,579.5,3.8,Low
Mango,Semi-Ripe,85,26.24,47.13,1.428,3.458,410.3,2.28,Low
Onion,Semi-Ripe,23,26.35,57.53,0.847,4.429,523.0,3.8,Low
Onion,Ripe,144,35.38,67.43,1.323,3.676,616.9,3.02,Low
Onion,Unripe,74,21.17,42.73,1.217,3.486,506.7,3.41,Low
Onion,Ripe,2,25.44,61.47,1.09,5.397,686.8,0.53,Low
Brinjal,Unripe,1,33.82,65.03,6.935,2.606,850.1,4.47,Low
Onion,Unripe,80,28.8,65.41,1.892,2.182,484.9,3.5,Low
Brinjal,Unripe,111,29.25,60.06,0.469,2.695,430.1,5.05,Low
Onion,Unripe,110,27.46,63.9,1.296,1.493,381.3,1.63,Low
Banana,Ripe,178,28.32,88.69,0.575,2.574,300.0,4.95,Medium
Onion,Unripe,127,30.11,75.95,1.367,0.6,649.8,5.05,Low
Tomato,Semi-Ripe,189,23.76,61.28,0.382,1.918,457.6,1.09,Medium
Onion,Ripe,71,30.51,67.18,0.46,2.373,605.0,5.45,Medium
Onion,Ripe,55,21.51,67.66,1.272,3.545,629.2,0.91,Low
Brinjal,Semi-Ripe,130,28.31,58.78,2.01,3.722,370.3,4.44,Low
Onion,Semi-Ripe,25,27.71,58.77,1.422,1.44,388.3,6.02,Low
Banana,Semi-Ripe,184,24.53,80.13,1.818,4.784,709.4,6.43,Medium
Mango,Semi-Ripe,44,26.91,62.96,1.299,2.663,491.6,0.35,Low
Tomato,Unripe,220,24.51,54.86,1.128,2.764,420.8,4.82,Medium
Tomato,Ripe,237,22.71,67.48,0.703,0.721,374.6,7.56,Low
Onion,Ripe,129,25.59,69.42,1.767,1.818,483.0,2.58,Low
Tomato,Unripe,75,22.58,44.33,2.049,3.655,680.9,2.75,Low
Mango,Ripe,81,28.29,67.51,0.957,2.687,582.3,2.77,Low
Banana,Ripe,103,22.4,78.42,0.921,2.619,521.8,4.76,Medium
Mango,Unripe,115,29.85,73.41,3.046,2.75,690.6,1.11,Low
Onion,Ripe,18,22.27,94.76,0.986,0.912,667.5,3.84,Low
Tomato,Semi-Ripe,47,24.73,83.01,1.054,2.394,540.1,1.94,Low
Tomato,Unripe,190,24.5,85.39,1.403,4.049,833.1,4.76,Medium
Mango,Unripe,12,32.3,95.0,0.934,3.695,470.3,2.24,Low
Brinjal,Unripe,108,28.32,77.1,0.563,2.362,631.8,4.88,Medium
Mango,Semi-Ripe,210,26.15,69.96,1.303,4.22,452.8,4.98,Medium
Onion,Semi-Ripe,21,28.99,79.68,0.973,1.115,608.3,5.34,Low
Tomato,Unripe,223,18.57,61.29,3.631,1.431,470.2,6.96,Medium
Mango,Ripe,113,26.83,69.29,1.737,4.55,555.4,2.42,Medium
Brinjal,Unripe,102,34.99,60.23,0.659,3.136,786.8,6.18,Medium
Brinjal,Ripe,171,27.53,72.78,1.666,2.182,614.2,5.13,Medium
Banana,Unripe,187,27.27,60.18,1.24,2.439,557.2,5.05,Medium
Banana,Unripe,114,29.19,59.76,2.501,1.613,407.0,5.39,Low
Tomato,Semi-Ripe,20,30.58,72.96,0.693,2.804,522.6,0.87,Low
Tomato,Ripe,233,19.01,66.35,1.141,2.717,379.0,2.81,Low
Tomato,Semi-Ripe,2,20.27,44.87,0.933,2.522,606.4,2.57,Low
Banana,Ripe,210,27.84,50.53,1.042,1.224,603.4,3.93,Medium
Onion,Semi-Ripe,104,24.14,54.23,0.538,2.791,478.4,7.48,Low
Tomato,Ripe,124,32.25,57.4,1.497,1.918,699.6,2.61,Medium
Tomato,Ripe,184,25.74,72.97,1.34,1.415,682.7,4.78,Medium
Brinjal,Unripe,226,19.26,70.63,2.459,3.893,518.0,5.56,Medium
Banana,Semi-Ripe,36,21.93,80.78,0.993,4.887,567.9,5.15,Low
Mango,Ripe,195,16.0,77.03,0.75,4.637,429.4,3.05,Medium
Tomato,Ripe,159,26.06,80.86,1.738,3.215,467.3,1.51,Low
Onion,Ripe,88,26.25,75.3,0.574,2.208,370.6,6.07,Low
Brinjal,Ripe,102,25.3,70.52,2.137,2.423,442.6,3.87,Low
Banana,Semi-Ripe,185,31.32,81.19,2.134,2.946,487.5,6.18,Medium
Mango,Semi-Ripe,33,31.79,79.03,2.411,2.038,300.8,4.44,Low
Onion,Unripe,121,26.32,72.51,1.302,3.951,569.2,5.81,Low
Tomato,Unripe,174,18.46,83.25,0.711,0.261,622.7,3.91,Medium
Brinjal,Unripe,129,29.47,39.85,1.079,2.175,499.0,2.88,Low
Brinjal,Ripe,107,29.22,64.51,1.305,3.381,300.0,0.19,Low
Brinjal,Semi-Ripe,125,28.24,64.33,0.676,1.57,469.6,2.21,Low
Brinjal,Semi-Ripe,123,30.93,81.83,2.543,2.236,332.8,4.09,Medium
Mango,Ripe,193,22.34,86.86,1.501,3.153,426.8,3.55,Medium
Banana,Unripe,197,35.04,50.6,0.535,4.17,674.2,2.81,Medium
Banana,Ripe,221,23.16,84.93,3.736,1.077,300.0,5.24,Medium
Onion,Semi-Ripe,17,30.0,53.94,1.071,0.995,402.0,5.12,Low
Brinjal,Ripe,77,20.25,54.31,0.465,1.459,599.5,3.32,Low
Banana,Ripe,211,23.28,65.19,0.559,0.809,415.8,2.99,Medium
Brinjal,Semi-Ripe,154,33.07,64.18,2.833,0.887,406.6,6.64,Medium
Onion,Ripe,90,25.96,49.3,3.588,1.43,743.9,2.19,Low
Brinjal,Ripe,151,30.36,75.8,2.027,3.857,545.4,6.97,Medium
Mango,Semi-Ripe,111,27.95,76.15,2.518,2.157,612.1,3.36,Low
Tomato,Ripe,213,26.58,80.65,2.343,2.535,559.4,5.24,Medium
Onion,Ripe,134,32.46,62.8,1.477,1.449,519.4,6.92,Low
Tomato,Unripe,107,26.05,67.53,1.259,3.197,651.7,1.35,Low
Banana,Semi-Ripe,150,19.88,67.63,1.459,4.563,728.6,2.41,Medium
Tomato,Unripe,45,23.79,88.26,1.674,1.524,300.0,2.45,Low
Onion,Semi-Ripe,185,29.2,33.99,0.595,4.397,495.8,4.47,Medium
Tomato,Ripe,48,28.58,56.52,1.669,2.901,494.8,7.83,Low
Brinjal,Unripe,5,20.73,68.07,2.776,2.519,448.5,0.96,Low
Brinjal,Semi-Ripe,12,24.1,54.97,0.865,2.94,617.7,0.3,Low
Brinjal,Semi-Ripe,15,24.67,64.9,0.803,2.93,530.8,1.0,Low
Banana,Unripe,24,25.54,66.49,1.396,4.543,731.1,3.21,Low
Banana,Ripe,12,21.5,60.11,0.635,3.072,632.0,3.53,Low
Banana,Ripe,72,24.49,68.77,0.398,3.095,663.8,2.09,Low
Brinjal,Unripe,231,24.09,75.54,2.233,2.036,356.1,5.31,Medium
Tomato,Unripe,24,30.09,65.16,0.729,3.423,403.3,6.29,Low
Onion,Unripe,162,30.24,62.56,1.013,1.447,413.2,4.51,Medium
Brinjal,Semi-Ripe,209,26.42,66.01,0.652,2.62,658.8,5.59,Medium
Onion,Ripe,195,25.43,67.91,2.444,5.672,383.9,8.24,Medium
Tomato,Ripe,87,27.56,47.12,1.817,0.1,387.4,2.29,Low
Mango,Semi-Ripe,12,23.73,73.54,0.845,2.756,365.4,1.27,Low
Mango,Unripe,88,22.41,62.59,0.438,2.799,830.4,2.71,Low
Banana,Unripe,144,23.24,83.14,0.784,2.249,482.9,3.28,Low
Onion,Unripe,182,24.46,75.09,1.49,2.275,563.6,1.41,Low
Brinjal,Semi-Ripe,34,22.35,82.04,1.141,2.601,363.1,3.16,Low
Brinjal,Semi-Ripe,72,27.65,55.87,1.079,2.223,615.1,3.75,Low
Mango,Unripe,144,29.92,63.54,1.16,2.744,300.0,3.89,Low
Tomato,Ripe,172,20.65,53.09,1.701,1.964,382.5,5.01,Low
Brinjal,Ripe,74,27.1,59.54,0.971,4.725,412.2,3.85,Low
Tomato,Unripe,198,26.12,83.03,1.37,2.223,526.3,2.51,Medium
Mango,Ripe,193,28.37,85.85,0.501,3.127,404.8,5.34,Low
Banana,Semi-Ripe,86,26.95,54.22,5.976,1.764,682.9,4.54,Low
Brinjal,Ripe,129,21.19,62.5,0.82,3.526,560.4,1.17,Low
Brinjal,Semi-Ripe,115,21.95,67.09,1.153,3.307,417.2,6.51,Low
Tomato,Semi-Ripe,161,27.12,75.03,1.487,2.961,619.7,2.21,Medium
Mango,Ripe,77,31.12,46.88,0.75,1.37,452.8,1.38,Low
Onion,Unripe,79,18.14,48.76,1.005,1.672,429.1,3.81,Low
Banana,Ripe,101,28.38,73.88,0.997,4.355,607.5,4.67,Medium
Brinjal,Ripe,52,31.76,44.61,0.527,1.66,300.0,4.52,Low
Mango,Unripe,139,26.39,62.64,1.359,3.205,588.2,5.18,Medium
Onion,Ripe,230,29.2,69.95,0.315,1.461,414.4,4.32,Medium
Banana,Unripe,84,24.19,72.99,3.411,3.609,414.2,3.7,Low
Tomato,Semi-Ripe,207,26.52,66.3,1.742,1.745,735.0,4.41,Medium
Brinjal,Unripe,111,20.52,63.61,1.564,1.44,436.3,4.15,Low
Mango,Semi-Ripe,39,17.62,78.13,0.297,1.716,614.7,3.09,Low
Onion,Unripe,119,30.77,71.42,0.574,1.891,533.5,3.02,Low
Brinjal,Ripe,120,23.06,60.24,2.645,2.945,546.0,3.32,Low
Tomato,Unripe,5,25.18,68.45,15.0,2.576,469.9,0.0,Low
Tomato,Semi-Ripe,115,21.45,72.6,2.308,1.295,463.7,5.37,Low
Tomato,Ripe,39,21.36,88.62,2.067,2.469,683.4,3.5,Low
Mango,Unripe,191,26.3,77.44,1.444,1.242,611.7,0.64,Low
Tomato,Ripe,130,24.08,82.57,0.553,3.208,440.0,5.49,Low
Brinjal,Semi-Ripe,73,28.51,60.67,2.007,3.41,374.5,3.28,Low
Tomato,Unripe,0,28.81,61.71,0.463,2.474,429.9,0.81,Low
Banana,Ripe,137,28.28,65.18,0.429,2.799,617.8,2.3,Low
Mango,Ripe,169,27.95,66.28,0.41,4.427,641.4,3.29,Medium
Brinjal,Ripe,102,33.31,55.9,1.98,2.327,566.6,2.05,Low
Tomato,Semi-Ripe,218,22.73,83.19,0.961,1.461,306.0,3.68,Medium
Banana,Unripe,47,26.78,78.6,1.073,3.137,590.5,6.13,Low
Onion,Ripe,181,31.53,64.33,0.989,1.254,656.4,5.34,Medium
Mango,Ripe,119,32.06,75.7,0.455,2.268,520.8,7.59,Low
Onion,Ripe,75,21.31,70.67,0.625,1.841,737.6,3.81,Low
Tomato,Ripe,69,25.75,76.64,0.648,1.728,341.5,4.37,Low
Brinjal,Unripe,108,32.43,51.87,0.374,2.225,582.2,2.21,Low
Mango,Semi-Ripe,19,29.03,66.25,0.703,3.49,377.6,2.43,Low
Mango,Semi-Ripe,156,27.78,67.3,0.469,3.716,627.0,4.22,Medium
Banana,Ripe,98,26.13,75.48,1.498,3.519,573.5,4.79,Low
Brinjal,Unripe,163,25.46,60.46,1.588,2.87,716.2,4.37,Medium
Banana,Unripe,124,28.15,38.0,0.404,2.217,560.0,4.62,Low
Banana,Ripe,235,25.99,55.02,0.812,0.1,451.5,5.89,Medium
Mango,Ripe,19,26.83,67.27,3.667,2.904,441.1,2.18,Low
Brinjal,Unripe,118,27.31,68.77,0.503,0.1,470.0,3.19,Low
Tomato,Unripe,129,24.29,88.2,1.348,0.384,438.7,2.84,Low
Tomato,Semi-Ripe,60,29.13,74.99,1.077,2.322,661.7,5.17,Medium
Tomato,Unripe,162,38.66,68.98,2.149,2.791,653.1,3.9,Medium
Onion,Unripe,87,19.89,67.61,1.23,2.004,320.4,4.14,Low
Brinjal,Semi-Ripe,184,28.3,81.25,0.739,4.189,504.6,4.43,Medium
Mango,Semi-Ripe,222,23.96,60.92,1.048,3.008,507.5,7.08,Medium
Brinjal,Unripe,205,29.31,66.32,1.059,2.226,406.2,1.38,Low
Mango,Semi-Ripe,152,27.19,54.93,0.938,4.025,552.6,4.87,Medium
Brinjal,Ripe,173,30.05,85.03,0.397,4.222,675.3,2.32,Medium
Mango,Ripe,208,31.7,72.71,2.387,3.064,607.0,5.7,High
Brinjal,Ripe,236,27.77,59.51,2.11,1.647,661.6,5.07,Medium
Mango,Unripe,174,31.53,66.63,0.481,1.895,413.8,1.93,Low
Tomato,Semi-Ripe,220,17.62,74.12,0.81,0.909,504.4,5.75,Medium
Onion,Unripe,232,33.36,64.99,0.854,2.453,408.1,5.69,Medium
Brinjal,Semi-Ripe,42,28.5,61.59,0.445,1.345,528.7,2.59,Low
Brinjal,Unripe,120,31.31,60.15,0.271,2.138,539.5,3.75,Low
Brinjal,Semi-Ripe,86,22.12,72.07,0.625,2.787,615.2,3.82,Low
Onion,Unripe,228,23.68,63.7,0.779,0.318,657.6,7.36,Low
Tomato,Ripe,179,27.58,62.55,0.365,1.11,582.7,4.08,Medium
Onion,Unripe,213,26.93,51.97,1.132,1.942,396.8,6.88,Medium
Banana,Unripe,84,28.13,68.93,2.257,2.442,337.7,3.44,Low
Banana,Semi-Ripe,203,31.34,65.83,1.803,1.957,562.4,7.27,Medium
Onion,Semi-Ripe,19,19.94,64.14,0.915,2.202,680.1,2.3,Low
Onion,Semi-Ripe,226,30.9,70.39,0.276,1.723,497.0,4.01,Medium
Mango,Ripe,55,27.03,76.98,1.65,0.906,316.7,1.18,Low
Onion,Ripe,126,26.18,76.42,1.108,1.912,750.2,3.95,Medium
Tomato,Semi-Ripe,172,21.12,74.63,1.346,2.266,558.7,3.14,Medium
Tomato,Semi-Ripe,179,29.01,65.11,3.878,2.159,520.5,7.18,Medium
Mango,Semi-Ripe,51,17.34,61.2,0.561,2.623,359.8,1.54,Low
Mango,Unripe,133,29.59,55.47,0.134,2.961,501.9,2.85,Low
Brinjal,Semi-Ripe,127,21.03,60.88,0.478,3.25,582.4,5.07,Low
Banana,Ripe,187,27.21,68.24,1.405,1.803,560.4,6.88,Medium
Onion,Ripe,77,26.52,58.56,1.019,0.767,418.4,4.74,Low
Brinjal,Unripe,184,31.68,69.15,0.427,3.899,493.2,6.61,Medium
Brinjal,Unripe,148,26.29,56.41,0.37,2.924,426.1,4.13,Low
Brinjal,Ripe,182,24.22,48.07,0.78,1.45,699.7,4.56,Medium
Banana,Ripe,210,24.97,77.83,0.418,2.805,607.4,8.64,Medium
Mango,Semi-Ripe,103,32.09,62.31,1.44,3.675,437.1,6.78,Low
Tomato,Ripe,104,29.15,57.96,0.75,4.402,359.8,5.03,Low
Onion,Unripe,191,25.46,54.87,0.645,2.776,533.3,6.78,Low
Mango,Ripe,188,26.05,73.08,0.588,3.666,440.9,6.3,Medium
Brinjal,Ripe,211,20.73,84.5,1.202,1.169,449.8,2.86,Medium
Brinjal,Semi-Ripe,132,28.55,63.16,1.03,2.461,363.8,4.01,Low
Mango,Semi-Ripe,153,19.96,65.41,1.152,2.131,378.6,7.03,Low
Tomato,Unripe,14,30.01,80.86,1.134,2.877,519.5,3.96,Low
Brinjal,Ripe,109,27.51,46.27,0.951,4.272,468.0,3.69,Low
Mango,Ripe,59,36.55,91.6,0.485,2.775,799.6,5.92,Medium
Onion,Semi-Ripe,205,22.6,95.0,0.6,1.469,571.3,5.62,Medium
Banana,Unripe,29,26.59,35.52,0.759,1.11,361.8,4.21,Low
Mango,Semi-Ripe,187,34.19,66.83,4.245,4.31,315.7,5.42,Medium
Brinjal,Semi-Ripe,201,31.77,59.37,0.389,3.065,547.8,5.89,Medium
Mango,Semi-Ripe,113,24.22,64.82,0.746,2.993,452.4,4.96,Low
Brinjal,Ripe,161,27.9,62.98,1.071,2.122,659.8,6.77,Low
Brinjal,Semi-Ripe,139,27.01,77.74,0.809,2.795,533.8,6.74,Medium
Onion,Unripe,166,28.13,66.65,2.121,1.414,300.0,3.68,Low
Banana,Ripe,165,24.21,57.07,0.806,2.926,377.7,5.12,Medium
Tomato,Ripe,60,26.64,65.93,0.849,1.208,419.0,5.51,Low
Tomato,Unripe,165,20.61,74.18,1.769,2.105,553.0,4.24,Low
Tomato,Ripe,217,27.54,53.8,3.552,1.793,373.7,2.75,Low
Onion,Semi-Ripe,74,28.8,48.25,2.678,0.1,518.3,1.75,Low
Mango,Ripe,73,26.09,91.91,0.909,2.119,339.7,1.86,Low
Mango,Unripe,70,20.54,60.29,0.966,1.511,500.7,2.52,Low
Brinjal,Unripe,219,30.95,66.35,1.033,2.269,544.4,3.78,Medium
Mango,Semi-Ripe,213,28.46,63.23,1.108,2.502,675.4,6.91,Medium
Onion,Unripe,83,24.1,74.58,0.553,4.445,529.5,3.0,Low
Onion,Unripe,225,25.88,89.27,1.926,2.835,402.0,7.47,Medium
Banana,Unripe,183,21.0,74.96,1.156,2.868,679.2,2.66,Medium
Brinjal,Semi-Ripe,96,22.9,49.78,0.969,3.045,478.0,3.02,Low
Mango,Ripe,198,24.85,51.39,0.411,3.459,592.8,5.06,Medium
Banana,Semi-Ripe,220,31.91,63.21,1.045,3.0,426.5,6.6,Medium
Banana,Ripe,209,24.44,64.78,0.266,2.81,510.9,7.07,Medium
Mango,Ripe,113,29.56,47.34,0.666,3.282,403.8,2.89,Low
Banana,Unripe,52,24.85,77.83,0.674,0.1,538.7,4.91,Low
Tomato,Ripe,40,27.99,54.96,1.222,4.798,596.5,0.0,Low
Brinjal,Unripe,199,26.43,85.92,3.728,4.249,440.6,6.46,Medium
Tomato,Unripe,176,30.49,89.85,1.492,2.739,433.9,2.2,Medium
Onion,Semi-Ripe,170,24.86,65.02,2.756,0.946,542.8,5.34,Low
Onion,Semi-Ripe,11,20.71,73.27,1.571,3.831,401.0,4.66,Low
Mango,Unripe,232,21.47,53.22,2.198,1.737,317.8,6.88,Medium
Tomato,Semi-Ripe,27,24.87,75.48,3.669,3.087,542.4,0.0,Low
Banana,Semi-Ripe,139,22.0,62.02,0.599,1.089,487.1,3.36,Low
Tomato,Semi-Ripe,226,28.64,54.95,0.572,4.949,484.5,6.5,Medium
Banana,Ripe,58,25.14,64.53,1.597,0.914,562.5,4.43,Low
Brinjal,Semi-Ripe,124,36.5,62.41,0.997,2.576,579.3,4.48,Low
Mango,Semi-Ripe,202,20.05,64.1,1.167,0.166,480.7,0.96,Medium
Onion,Unripe,64,27.81,79.4,0.84,2.455,365.3,5.42,Low
Tomato,Ripe,24,22.49,58.58,0.659,2.032,423.4,5.27,Low
Brinjal,Semi-Ripe,115,25.03,88.82,3.11,3.751,570.2,4.17,Medium
Banana,Unripe,191,27.57,52.1,0.463,2.032,516.4,5.2,Low
Mango,Unripe,139,17.7,87.39,1.617,3.752,434.0,5.07,Medium
Banana,Ripe,106,27.95,55.8,1.443,1.373,405.9,6.4,Low
Mango,Unripe,153,34.61,67.99,0.331,2.19,574.1,4.79,Medium
Brinjal,Unripe,12,25.19,62.12,0.559,2.212,473.4,2.3,Low
Onion,Ripe,83,28.04,63.88,0.629,3.045,590.3,4.18,Low
Banana,Semi-Ripe,211,31.1,77.62,1.485,2.905,605.5,5.01,Medium
Brinjal,Ripe,93,26.34,86.0,0.773,3.294,462.5,3.62,Low
Brinjal,Semi-Ripe,232,24.68,82.29,0.942,2.794,614.0,2.11,Medium
Onion,Semi-Ripe,132,17.9,63.14,0.36,3.227,516.6,5.03,Low
Banana,Ripe,225,29.56,70.21,5.094,1.512,532.1,7.31,High
Banana,Unripe,151,26.55,58.62,1.051,2.928,300.0,6.15,Low
Tomato,Semi-Ripe,100,22.95,56.1,1.418,4.269,383.5,5.41,Low
Brinjal,Semi-Ripe,222,27.51,54.24,0.685,0.652,390.0,5.07,Medium
Onion,Ripe,65,24.67,62.75,0.633,3.038,461.8,3.54,Low
Onion,Semi-Ripe,94,24.89,71.0,3.815,3.244,513.7,5.77,Low
Brinjal,Ripe,174,29.43,45.06,0.261,4.107,518.6,6.15,Medium
Mango,Ripe,210,21.65,67.44,1.215,3.299,534.3,7.7,Medium
Brinjal,Ripe,46,31.19,86.19,0.428,2.61,417.8,1.84,Low
Mango,Ripe,239,21.41,81.46,0.753,2.973,583.0,4.15,Medium
Onion,Ripe,103,24.35,60.98,0.64,1.691,717.1,3.14,Low
Tomato,Semi-Ripe,81,34.69,51.24,0.501,2.073,457.6,1.77,Low
Onion,Ripe,30,31.51,73.52,1.025,1.031,420.4,0.48,Low
Brinjal,Semi-Ripe,6,27.39,40.19,0.166,4.136,417.8,3.42,Low
Onion,Semi-Ripe,134,23.24,81.32,0.802,2.995,510.3,4.83,Medium
Mango,Unripe,145,24.88,65.44,0.939,1.492,436.9,4.68,Low
Banana,Ripe,22,27.29,89.98,0.386,2.798,300.0,3.4,Low
Mango,Ripe,217,27.15,47.28,2.884,3.775,325.2,2.47,Low
Brinjal,Unripe,131,26.64,79.02,0.66,3.592,622.4,3.21,Low
Brinjal,Semi-Ripe,12,26.88,66.79,0.847,1.48,653.8,2.12,Low
Brinjal,Semi-Ripe,202,26.14,64.03,0.661,0.1,692.0,5.01,Medium
Brinjal,Ripe,47,21.23,51.56,0.945,2.935,527.2,0.44,Low
Tomato,Unripe,162,24.93,75.15,2.499,1.524,381.1,2.77,Low
Banana,Ripe,162,30.66,76.11,5.647,3.185,447.4,3.66,Medium
Mango,Unripe,195,21.53,89.42,1.685,3.545,321.0,6.74,Medium
Onion,Unripe,195,26.24,80.1,2.142,3.725,316.4,5.31,Medium
Banana,Unripe,237,23.72,60.87,3.325,4.419,530.6,7.18,Medium
Tomato,Ripe,20,27.45,55.95,1.19,3.86,564.7,2.52,Low
Mango,Semi-Ripe,87,25.45,51.58,3.002,4.425,735.0,3.55,Low
Banana,Ripe,87,32.91,85.68,1.741,4.017,490.0,4.44,Low
Mango,Semi-Ripe,90,29.03,58.66,1.106,4.113,337.1,3.26,Low
Brinjal,Semi-Ripe,57,21.75,85.76,1.278,2.455,485.4,2.06,Low
Brinjal,Unripe,56,29.68,74.3,0.279,1.082,466.1,0.49,Low
Brinjal,Unripe,232,23.9,71.96,1.227,5.23,441.1,4.21,Medium
Banana,Ripe,216,24.69,64.32,0.339,2.569,541.2,6.6,Medium
Brinjal,Unripe,164,28.26,75.93,0.321,3.852,354.3,6.74,Low
Mango,Ripe,133,25.03,67.81,1.145,1.895,515.7,2.7,Low
Brinjal,Unripe,114,30.57,63.57,0.458,3.56,578.2,0.75,Low
Tomato,Ripe,164,23.9,76.35,0.995,0.1,670.4,6.14,Medium
Brinjal,Semi-Ripe,207,24.52,66.27,1.102,2.049,537.2,5.11,Medium
Mango,Unripe,102,24.37,58.42,1.137,2.392,625.2,1.3,Low
Onion,Unripe,129,24.74,75.2,0.531,3.009,446.7,0.0,Medium
Mango,Ripe,219,31.4,67.23,1.876,3.679,463.5,3.39,Medium
Onion,Ripe,219,29.52,73.87,0.939,1.296,661.7,4.29,Medium
Banana,Semi-Ripe,55,33.84,62.55,1.362,3.226,335.4,1.09,Low
Onion,Semi-Ripe,57,36.07,53.49,0.433,3.849,451.6,4.43,Low
Mango,Ripe,49,22.88,88.82,0.883,5.081,635.4,1.63,Low
Banana,Semi-Ripe,6,27.28,86.56,2.156,3.277,474.7,2.59,Low
Brinjal,Unripe,167,22.3,78.61,1.972,1.995,465.7,8.78,Low
Brinjal,Ripe,103,23.89,63.35,0.572,1.101,468.2,3.95,Low
Mango,Ripe,7,24.48,64.4,0.683,4.512,514.1,2.38,Low
Banana,Semi-Ripe,49,22.77,84.59,0.501,3.311,630.3,2.92,Low
Mango,Unripe,128,22.79,63.75,0.632,2.476,610.9,5.24,Medium
Brinjal,Semi-Ripe,201,26.42,60.41,0.376,0.718,501.4,5.89,Medium
Banana,Ripe,159,22.13,90.47,0.908,1.476,631.1,2.6,Medium
Tomato,Ripe,128,30.37,67.43,1.558,3.194,541.0,3.3,Low
Mango,Ripe,44,23.33,89.22,0.577,2.889,603.1,1.83,Low
Mango,Semi-Ripe,69,38.24,51.22,0.939,0.359,376.6,2.82,Low
Banana,Ripe,188,25.19,74.22,0.857,3.196,708.6,8.04,Medium
Onion,Semi-Ripe,186,27.29,92.85,2.093,0.775,526.4,5.84,Medium
Onion,Unripe,209,21.82,68.36,0.652,3.989,300.0,4.86,Medium
Brinjal,Semi-Ripe,126,33.82,64.83,0.669,2.729,699.1,6.25,Medium
Onion,Unripe,65,31.48,53.99,0.553,1.99,500.6,3.62,Low
Tomato,Ripe,121,28.19,80.99,0.451,3.589,452.5,1.0,Low
Onion,Unripe,215,21.61,58.76,1.448,2.889,427.3,8.08,Medium
Banana,Ripe,43,27.84,66.86,0.91,3.957,552.7,2.73,Low
Mango,Unripe,204,22.51,53.19,1.039,2.589,393.4,0.89,Low
Mango,Semi-Ripe,239,32.85,86.68,2.441,2.653,430.8,2.49,Medium
Mango,Unripe,197,30.24,81.86,2.541,2.186,433.7,6.89,Medium
Onion,Unripe,158,27.38,67.62,0.316,2.789,464.9,1.55,Low
Banana,Ripe,98,17.25,54.15,1.574,4.368,438.2,6.1,Low
Tomato,Ripe,206,23.07,86.43,1.171,1.947,602.3,5.12,Medium
Onion,Ripe,38,29.75,63.61,0.724,3.213,532.5,4.24,Low
Brinjal,Semi-Ripe,183,31.85,54.74,1.258,1.532,547.2,4.23,Medium
Mango,Ripe,96,31.44,46.85,0.299,0.227,573.3,4.59,Low
Brinjal,Ripe,121,20.63,60.25,2.784,2.728,488.8,4.52,Low
Mango,Ripe,111,28.21,50.54,1.434,2.907,377.6,3.76,Low
Banana,Unripe,2,31.06,60.53,0.546,2.379,716.6,0.61,Low
Tomato,Ripe,237,20.37,76.93,0.664,0.854,611.3,5.99,Medium
Mango,Semi-Ripe,160,26.97,63.5,0.304,2.835,693.5,1.15,Low
Mango,Ripe,144,28.1,72.27,0.803,2.793,624.1,5.9,Medium
Brinjal,Ripe,24,25.8,59.32,0.713,1.522,444.8,3.14,Low
Brinjal,Semi-Ripe,187,19.59,68.78,0.396,1.011,300.0,5.58,Low
Brinjal,Ripe,231,25.7,91.05,1.722,2.222,352.5,0.56,Medium
Banana,Ripe,196,25.69,63.82,2.444,3.218,576.4,2.83,Medium
Mango,Unripe,60,26.41,72.61,0.981,2.958,487.8,2.31,Low
Banana,Ripe,43,24.75,49.21,0.807,1.531,449.6,4.23,Low
Mango,Ripe,88,25.23,86.24,1.356,2.651,300.0,1.86,Low
Banana,Unripe,5,26.84,62.27,0.986,3.476,498.4,7.15,Low
Brinjal,Unripe,132,28.77,80.61,0.469,1.21,370.2,3.61,Low
Onion,Semi-Ripe,110,25.78,66.52,0.633,2.569,413.1,1.99,Low
Mango,Semi-Ripe,121,25.36,75.34,0.813,3.974,602.0,3.62,Low
Tomato,Unripe,238,27.37,76.05,1.19,1.098,376.5,3.64,Medium
Mango,Unripe,157,19.32,62.57,1.007,3.771,388.0,2.25,Low
Onion,Semi-Ripe,100,28.91,81.1,1.159,4.281,522.3,5.52,Low
Banana,Unripe,188,27.0,58.89,0.344,2.256,604.7,5.68,Low
Banana,Unripe,89,27.16,77.34,1.593,2.123,451.7,4.5,Low
Banana,Unripe,182,30.84,63.32,1.002,3.636,676.1,6.98,High
Mango,Unripe,224,19.19,72.19,5.971,2.295,346.6,6.06,Low
Onion,Semi-Ripe,218,19.1,62.46,0.762,0.1,325.5,3.19,Medium
Brinjal,Semi-Ripe,125,28.1,68.6,1.254,2.391,315.3,5.28,Low
Onion,Ripe,113,26.97,55.1,7.246,3.017,301.7,1.83,Low
Tomato,Semi-Ripe,95,27.68,70.97,1.146,3.314,540.4,2.78,Medium
Brinjal,Unripe,128,25.15,68.53,0.954,1.531,382.7,3.95,Medium
Tomato,Ripe,225,29.66,61.52,0.501,2.203,330.8,4.94,Medium
Tomato,Semi-Ripe,210,30.73,67.34,2.915,3.575,545.6,1.8,Medium
Onion,Semi-Ripe,146,28.94,69.61,0.444,2.434,598.9,2.51,Low
Mango,Semi-Ripe,68,25.96,60.6,1.348,0.818,626.1,3.28,Low
Mango,Semi-Ripe,90,18.57,66.45,0.718,3.861,605.0,2.48,Low
Tomato,Ripe,59,30.08,55.93,0.876,2.264,389.8,5.24,Low
Tomato,Semi-Ripe,44,31.89,95.0,0.369,3.7,533.1,5.36,Medium
Brinjal,Ripe,2,29.58,80.71,2.56,0.965,559.6,0.51,Low
Banana,Unripe,186,23.48,71.28,0.823,2.367,443.0,4.84,Medium
Banana,Ripe,177,29.7,82.07,0.427,3.061,519.8,7.47,Medium
Tomato,Ripe,43,30.44,44.25,2.403,2.404,349.8,2.77,Low
Onion,Ripe,165,33.24,37.31,0.703,1.199,424.7,3.75,Medium
Tomato,Unripe,39,23.5,63.21,1.264,0.1,544.6,4.52,Low
Banana,Semi-Ripe,66,26.09,51.46,1.802,4.176,680.9,2.8,Low
Banana,Ripe,62,29.99,65.16,1.394,2.773,638.2,5.53,Low
Tomato,Unripe,31,27.23,70.47,0.215,3.783,579.3,1.8,Low
Banana,Semi-Ripe,175,22.53,79.04,1.627,3.522,509.6,3.75,Medium
Banana,Ripe,10,28.66,54.34,0.932,3.157,491.0,4.04,Low
Banana,Ripe,97,29.31,72.8,0.794,2.147,326.3,3.84,Low
Mango,Ripe,117,27.35,68.17,0.926,3.039,399.7,4.1,Low
Onion,Ripe,139,27.88,72.17,0.324,4.076,403.7,0.73,Low
Tomato,Unripe,46,25.97,61.76,1.144,2.591,569.0,2.42,Low
Brinjal,Ripe,113,32.91,84.6,0.385,4.592,613.4,5.41,Medium
Mango,Unripe,191,23.4,66.76,0.819,0.851,588.4,3.38,Low
Mango,Ripe,90,24.65,89.29,1.116,0.732,641.9,4.84,Low
Mango,Semi-Ripe,228,27.04,58.52,2.121,3.587,508.7,5.72,Medium
Brinjal,Ripe,103,30.52,76.91,0.563,1.599,382.0,3.38,Low
Tomato,Unripe,187,21.01,67.28,2.762,4.748,494.0,7.19,Medium
Mango,Unripe,27,21.76,64.07,1.94,3.971,413.0,2.21,Low
Banana,Ripe,205,18.85,75.59,0.74,4.246,578.9,4.47,Medium
Tomato,Ripe,115,27.13,64.41,0.46,3.473,456.9,3.5,Low
Onion,Unripe,238,22.53,36.06,0.364,1.486,488.2,5.5,Medium
Mango,Semi-Ripe,168,25.46,31.25,1.21,0.675,583.2,5.9,Low
Onion,Unripe,178,29.65,83.27,0.597,4.145,411.1,1.99,Low
Brinjal,Semi-Ripe,35,24.43,82.76,2.315,0.85,615.7,4.48,Low
Mango,Unripe,136,27.93,90.65,0.621,4.243,338.3,4.25,Medium
Brinjal,Unripe,177,25.8,67.79,0.532,3.237,536.8,5.62,Medium
Banana,Semi-Ripe,195,29.69,52.49,1.178,2.416,489.1,9.15,Medium
Banana,Ripe,90,28.9,62.96,0.619,2.986,599.3,2.66,Low
Onion,Ripe,135,24.23,68.14,1.006,3.012,335.1,1.92,Low
Brinjal,Ripe,41,26.33,55.92,1.994,2.277,316.3,3.34,Low
Onion,Semi-Ripe,104,31.17,87.78,1.086,4.068,590.0,4.38,Medium
Onion,Unripe,114,28.57,94.87,1.088,4.031,453.1,5.44,Medium
Onion,Unripe,7,21.41,73.74,1.154,2.671,489.1,1.61,Low
Banana,Semi-Ripe,220,29.62,67.87,0.306,1.84,420.8,3.65,Medium
Banana,Ripe,154,22.66,52.46,1.316,3.937,609.5,1.59,Medium
Onion,Unripe,44,32.65,86.56,1.118,0.275,535.9,0.57,Low
Onion,Semi-Ripe,216,31.1,68.92,1.868,2.988,528.9,4.34,Medium
Mango,Unripe,166,28.16,64.53,1.528,3.314,359.6,4.28,Low
Brinjal,Unripe,167,27.63,73.77,0.868,1.589,560.2,8.22,Medium
Banana,Semi-Ripe,224,26.16,60.97,2.06,3.571,380.9,2.14,Medium
Tomato,Unripe,97,29.71,69.76,0.815,2.471,421.0,4.27,Medium
Tomato,Unripe,85,25.52,50.69,1.189,1.9,336.2,2.21,Low
Tomato,Semi-Ripe,148,27.94,81.05,0.804,3.56,481.2,4.68,Medium
Mango,Ripe,214,30.49,66.75,1.382,1.306,627.7,4.07,Medium
Onion,Semi-Ripe,195,24.75,81.91,0.768,3.456,527.2,6.7,Medium
Mango,Semi-Ripe,189,24.54,65.59,3.169,0.319,447.0,6.62,Medium
Onion,Semi-Ripe,184,22.22,66.37,4.105,2.814,513.1,4.5,Medium
Banana,Unripe,8,22.74,53.45,1.844,2.548,512.4,5.19,Low
Banana,Unripe,118,19.69,77.12,2.941,1.906,507.9,5.28,Medium
Mango,Unripe,85,29.92,57.49,0.34,2.929,521.3,6.03,Low
Brinjal,Ripe,87,34.24,62.16,0.37,2.412,375.2,3.47,Low
Banana,Ripe,206,32.7,68.01,0.798,3.66,512.8,6.69,Medium
Mango,Semi-Ripe,95,20.5,69.45,1.029,3.116,300.0,2.26,Low
Brinjal,Ripe,201,29.9,47.53,0.87,2.998,569.1,3.35,Medium
Brinjal,Unripe,218,32.69,65.23,0.317,2.821,367.7,9.04,Low
Brinjal,Unripe,109,25.17,77.54,2.239,1.981,641.3,1.85,Low
Banana,Ripe,40,27.41,63.46,4.517,2.168,300.0,2.2,Low
Brinjal,Ripe,168,18.97,65.3,2.451,2.773,700.9,1.1,Low
Mango,Semi-Ripe,207,28.07,69.95,2.138,2.309,303.3,3.46,Medium
Onion,Ripe,97,22.75,66.49,1.171,3.723,356.0,1.87,Low
Banana,Ripe,47,27.8,55.63,0.554,2.603,535.9,1.86,Low
Mango,Unripe,125,20.76,67.56,1.052,2.914,574.2,4.54,Low
Banana,Semi-Ripe,236,29.17,79.93,4.366,0.957,466.0,6.31,Medium
Onion,Semi-Ripe,124,31.1,55.39,0.782,3.538,607.1,2.18,Low
Onion,Unripe,108,23.87,63.51,0.727,1.861,404.4,2.37,Low
Mango,Unripe,106,22.45,51.42,2.171,1.353,452.0,5.72,Low
Onion,Ripe,176,18.38,79.3,2.274,4.311,463.8,7.68,Medium
Mango,Unripe,82,25.93,66.89,0.552,3.267,435.4,5.74,Low
Tomato,Semi-Ripe,175,24.67,57.8,0.833,3.575,300.0,1.64,Low
Mango,Semi-Ripe,237,20.8,69.11,0.704,3.0,497.0,7.48,Medium
Mango,Semi-Ripe,186,28.81,53.56,1.05,2.398,486.2,8.07,Low
Mango,Semi-Ripe,223,25.2,55.6,2.165,2.192,629.4,2.12,Medium
Mango,Unripe,190,22.7,50.48,0.57,3.357,345.7,6.73,Medium
Mango,Semi-Ripe,203,24.78,55.2,2.144,3.746,423.3,5.34,Low
Tomato,Semi-Ripe,9,31.29,84.29,1.074,2.425,644.4,2.02,Low
Mango,Unripe,85,29.41,59.2,5.095,4.78,535.2,3.71,Low
Banana,Ripe,65,26.48,73.59,1.25,2.283,565.9,4.08,Medium
Banana,Semi-Ripe,208,29.48,57.96,0.934,0.967,554.4,7.08,Medium
Banana,Ripe,55,22.36,77.11,1.495,0.606,554.9,5.15,Low
Mango,Ripe,233,27.13,55.69,0.79,0.643,718.5,2.58,Medium
Tomato,Ripe,168,27.59,68.47,0.285,2.045,511.0,3.35,Low
Onion,Unripe,29,25.12,68.63,0.845,2.245,378.6,3.02,Low
Onion,Ripe,164,28.74,95.0,0.836,3.251,576.7,7.3,Medium
Banana,Unripe,82,23.88,75.57,0.328,2.469,432.0,0.0,Low
Brinjal,Semi-Ripe,71,29.04,60.89,0.95,3.428,486.8,2.25,Low
Tomato,Ripe,239,29.21,76.22,0.235,2.549,544.4,2.62,Medium
Tomato,Semi-Ripe,191,15.33,93.66,0.784,2.515,401.4,2.33,Medium
Banana,Unripe,183,31.76,48.44,1.186,1.865,438.8,6.47,Medium
Brinjal,Unripe,75,15.0,57.89,1.07,4.065,557.1,2.44,Low
Brinjal,Semi-Ripe,159,24.54,65.16,0.75,0.815,434.2,0.21,Low
Mango,Ripe,82,31.1,62.99,0.942,2.831,616.8,3.2,Low
Onion,Ripe,145,25.73,64.01,0.578,2.3,381.7,7.9,Low
Brinjal,Ripe,96,21.14,52.35,1.008,3.36,381.3,0.4,Low
Mango,Semi-Ripe,146,22.63,84.85,1.041,2.477,728.7,5.21,Medium
Banana,Ripe,179,31.11,50.93,0.532,2.51,316.4,7.47,Low
Mango,Ripe,75,19.31,65.6,1.206,2.207,496.8,3.31,Low
Tomato,Semi-Ripe,2,31.52,80.55,1.201,4.033,722.2,5.99,Low
Tomato,Unripe,23,26.78,67.64,0.89,2.503,496.6,1.59,Low
Banana,Unripe,218,22.23,56.25,5.445,4.667,661.6,7.72,Medium
Tomato,Ripe,231,24.67,51.82,0.906,2.799,578.3,7.45,Medium
Onion,Ripe,166,22.93,65.24,0.822,2.524,499.1,4.43,Medium
Onion,Unripe,25,30.46,58.92,0.744,2.34,484.3,0.12,Low
Brinjal,Ripe,141,29.93,70.46,0.507,3.121,300.0,2.39,Low
Brinjal,Unripe,104,20.12,51.18,1.616,1.853,461.7,0.0,Low
Brinjal,Semi-Ripe,57,25.39,77.76,0.619,2.66,527.9,4.25,Low
Brinjal,Semi-Ripe,91,23.55,69.39,0.672,2.509,527.8,4.45,Low
Onion,Unripe,189,32.17,70.28,0.686,2.858,795.9,4.91,Medium
Banana,Ripe,240,21.6,85.29,0.502,2.885,533.7,5.16,Medium
Onion,Ripe,210,33.42,62.75,0.294,2.942,575.6,7.46,Medium
Mango,Unripe,49,26.87,59.29,0.723,2.604,639.8,3.62,Low
Onion,Ripe,120,22.35,61.43,1.843,4.226,564.9,2.94,Low
Brinjal,Ripe,127,24.29,65.69,1.148,2.965,489.7,4.29,Low
Tomato,Ripe,70,23.79,66.91,2.981,5.367,490.3,7.03,Low
Tomato,Semi-Ripe,104,21.9,58.03,1.692,2.555,457.9,4.87,Low
Tomato,Ripe,91,27.38,43.72,1.443,3.555,553.3,2.89,Low
Mango,Semi-Ripe,16,22.09,61.27,3.735,1.701,479.6,2.61,Low
Brinjal,Ripe,100,18.28,72.32,0.934,4.041,575.0,4.53,Low
Onion,Ripe,87,25.48,69.64,1.045,1.725,378.9,2.79,Low
Onion,Semi-Ripe,73,19.79,82.39,0.992,3.001,517.6,2.46,Low
Tomato,Unripe,147,23.99,91.47,2.947,2.209,686.2,4.24,Medium
Banana,Ripe,171,23.36,77.11,1.002,2.997,473.0,7.29,Medium
Onion,Unripe,11,23.52,84.59,0.635,2.242,721.2,4.06,Low
Onion,Semi-Ripe,82,35.0,77.2,1.509,1.632,519.6,2.75,Low
Tomato,Semi-Ripe,7,27.23,88.52,0.565,2.201,493.2,4.15,Low
Brinjal,Unripe,197,27.98,90.21,1.453,4.196,514.0,4.88,Medium
Tomato,Ripe,223,19.89,79.41,1.336,3.014,462.6,5.8,Medium
Tomato,Unripe,111,24.38,76.48,0.876,1.082,300.0,4.29,Low
Onion,Unripe,227,27.86,65.54,1.486,3.705,605.6,1.43,Medium
Onion,Ripe,151,22.9,67.5,0.353,1.519,763.1,0.0,Low
Tomato,Ripe,209,30.63,63.95,1.121,3.318,557.7,5.42,Medium
Onion,Unripe,228,22.19,75.46,0.723,3.108,565.0,3.7,Medium
Onion,Semi-Ripe,141,25.85,59.36,7.416,3.178,478.1,1.24,Low
Banana,Ripe,107,24.66,65.71,1.115,4.539,638.9,2.3,Medium
Tomato,Semi-Ripe,178,27.66,39.74,0.659,1.588,495.3,6.3,Low
Brinjal,Semi-Ripe,41,24.44,88.68,0.381,3.172,532.1,3.64,Low
Banana,Ripe,71,25.92,65.35,2.494,3.886,312.2,4.74,Low
Mango,Semi-Ripe,132,26.06,73.47,0.783,1.792,436.5,4.9,Low
Onion,Unripe,48,24.06,85.49,0.575,1.68,544.1,1.42,Low
Brinjal,Unripe,119,28.94,71.6,1.265,2.184,608.9,5.33,Medium
Mango,Semi-Ripe,206,27.95,85.33,1.576,2.857,612.2,6.03,Medium
Banana,Semi-Ripe,188,26.65,53.1,1.559,0.948,310.5,4.54,Medium
Mango,Semi-Ripe,214,25.28,95.0,1.014,3.107,322.7,5.17,Medium
Banana,Semi-Ripe,207,30.19,81.05,1.118,0.951,570.1,6.41,Medium
Mango,Unripe,80,26.06,70.51,1.176,3.923,410.4,2.11,Low
Brinjal,Ripe,171,25.77,85.1,1.266,3.065,607.4,6.51,Medium
Banana,Semi-Ripe,89,27.42,53.98,1.346,4.604,304.4,4.59,Low
Tomato,Unripe,234,33.79,64.54,2.151,3.236,488.2,5.31,Medium
Tomato,Semi-Ripe,42,21.64,85.33,1.04,2.165,495.9,5.76,Low
Tomato,Semi-Ripe,64,30.08,45.6,0.565,1.621,557.7,0.94,Low
Tomato,Semi-Ripe,226,19.43,74.73,0.904,2.763,376.3,4.38,Medium
Tomato,Ripe,57,27.87,74.39,1.695,2.467,300.0,1.96,Low
Brinjal,Unripe,149,33.3,91.63,0.286,3.805,520.6,4.93,Medium
Banana,Ripe,70,28.95,49.0,0.288,1.479,563.2,5.47,Low
Tomato,Unripe,68,27.68,87.32,1.902,4.723,620.9,1.55,Medium
Banana,Ripe,161,24.76,61.29,2.898,3.902,457.0,10.38,Medium
Mango,Semi-Ripe,191,27.12,62.64,0.412,2.276,593.1,3.6,Low
Banana,Ripe,56,25.99,53.34,1.073,4.478,558.3,3.82,Low
Banana,Unripe,236,23.86,54.95,0.756,1.639,658.7,5.34,Medium
Banana,Semi-Ripe,21,25.84,72.84,0.833,2.726,493.4,2.84,Low
Mango,Unripe,24,27.79,54.65,1.238,1.096,300.0,1.36,Low
Tomato,Semi-Ripe,235,23.93,76.88,0.405,4.531,491.9,7.24,Medium
Brinjal,Unripe,13,23.77,60.04,0.461,0.688,510.6,1.12,Low
Brinjal,Semi-Ripe,75,21.56,53.44,0.81,0.916,562.2,0.22,Low
Onion,Ripe,29,28.56,61.67,0.903,1.802,316.1,0.83,Low
Brinjal,Unripe,53,29.18,72.04,0.455,3.955,462.6,5.74,Low
Mango,Semi-Ripe,17,27.93,64.67,1.738,3.55,604.2,4.95,Low
Brinjal,Unripe,86,30.86,68.41,0.747,2.634,487.5,0.0,Low
Onion,Semi-Ripe,71,27.35,76.35,0.744,3.621,463.3,4.82,Low
Tomato,Semi-Ripe,38,28.57,80.99,1.219,2.373,728.8,0.0,Low
Banana,Unripe,173,28.22,64.28,0.914,2.965,371.6,4.53,Medium
Brinjal,Ripe,8,26.63,55.47,1.797,4.317,648.0,0.42,Low
Onion,Ripe,114,24.88,68.91,0.52,2.229,622.5,5.47,Low
Banana,Semi-Ripe,73,35.86,73.65,0.376,1.657,473.0,4.37,Low
Onion,Ripe,156,25.19,50.47,0.805,3.017,496.1,6.14,Medium
Brinjal,Semi-Ripe,81,24.34,57.31,1.043,3.314,495.6,2.94,Low
Brinjal,Unripe,113,28.74,59.37,0.42,2.621,521.8,3.51,Low
Tomato,Ripe,195,28.01,65.51,0.379,3.604,428.7,2.14,Low
Banana,Semi-Ripe,34,21.38,58.87,1.136,2.279,448.6,1.05,Low
Brinjal,Semi-Ripe,104,31.49,76.48,0.588,2.64,457.4,5.46,Low
Tomato,Unripe,135,26.62,48.74,0.362,2.912,461.2,4.78,Low
Onion,Unripe,177,22.56,49.04,1.965,2.816,462.7,4.81,Medium
Brinjal,Semi-Ripe,129,31.76,63.99,0.643,4.275,300.0,6.32,Low
Onion,Unripe,177,29.5,65.89,2.236,2.907,511.7,2.28,Medium
Brinjal,Semi-Ripe,191,21.94,50.54,1.02,2.166,436.7,6.09,Medium
Onion,Ripe,190,34.11,60.72,1.229,3.081,300.0,2.66,Low
Onion,Semi-Ripe,148,29.64,63.19,0.862,3.61,458.0,6.94,Low
Tomato,Semi-Ripe,221,26.96,63.28,0.156,3.352,454.3,6.13,Medium
Onion,Unripe,5,33.36,69.82,0.451,3.291,653.0,4.3,Low
Banana,Semi-Ripe,120,27.64,60.06,0.916,0.852,435.3,2.68,Low
Banana,Unripe,193,26.89,85.73,1.291,0.1,580.1,8.74,Medium
Mango,Ripe,25,24.36,73.86,0.286,3.903,665.9,6.4,Low
Banana,Semi-Ripe,197,29.33,58.31,0.963,2.983,424.6,5.64,Medium
Banana,Semi-Ripe,9,28.91,69.13,0.456,2.476,494.3,4.72,Low
Banana,Unripe,189,27.06,69.49,1.178,3.264,707.4,4.22,Medium
Brinjal,Semi-Ripe,45,23.84,82.58,0.987,4.62,527.5,0.76,Low
Brinjal,Semi-Ripe,160,27.52,60.8,1.683,4.055,544.8,5.85,Medium
Brinjal,Semi-Ripe,199,26.72,77.21,2.11,3.558,451.1,3.23,Medium
Banana,Ripe,196,21.67,68.5,1.379,1.525,582.4,7.21,Medium
Onion,Unripe,138,21.11,85.9,1.826,1.668,495.2,6.04,Low
Onion,Unripe,218,29.26,83.49,0.783,0.1,300.0,5.54,Medium
Onion,Unripe,33,16.59,70.36,7.215,3.197,457.4,3.22,Low
Brinjal,Semi-Ripe,56,27.82,64.85,0.426,3.719,358.0,4.95,Low
Mango,Semi-Ripe,31,25.09,74.08,0.691,3.809,513.5,3.37,Low
Onion,Semi-Ripe,173,32.23,65.83,1.879,3.243,390.0,3.85,Medium
Onion,Unripe,214,25.03,88.16,1.694,2.331,557.4,2.34,Medium
Mango,Unripe,224,29.64,68.94,1.407,1.879,505.4,6.91,Medium
Onion,Ripe,125,25.41,63.13,1.604,1.592,350.2,4.66,Low
Banana,Semi-Ripe,31,27.45,62.48,0.233,2.32,440.9,7.83,Low
Brinjal,Unripe,41,29.95,53.44,3.042,1.424,574.5,2.82,Low
Mango,Ripe,150,25.15,74.68,0.867,4.432,637.8,4.84,Medium
Mango,Semi-Ripe,216,30.99,58.16,2.392,1.067,391.7,5.68,Medium
Banana,Semi-Ripe,238,23.03,81.18,0.241,2.283,368.3,6.53,Medium
Tomato,Semi-Ripe,173,28.18,52.48,1.197,0.37,734.1,2.84,Medium
Tomato,Unripe,212,30.69,69.53,0.674,2.826,498.8,4.91,Medium
Banana,Ripe,115,29.64,81.8,1.493,2.497,511.0,5.37,Low
Onion,Semi-Ripe,47,34.67,42.17,1.249,2.108,411.3,2.47,Low
Tomato,Unripe,112,23.95,92.22,1.292,1.474,525.8,5.27,Medium
Mango,Unripe,23,21.48,62.9,0.477,2.503,705.8,2.95,Low
Mango,Ripe,162,23.02,69.69,0.961,1.901,530.5,5.17,Medium
Mango,Semi-Ripe,79,29.64,74.86,0.882,2.349,627.8,5.52,Low
Tomato,Semi-Ripe,81,28.99,76.71,1.414,4.653,503.5,3.06,Low
Tomato,Ripe,0,27.41,71.29,1.999,2.689,376.9,0.0,Low
Banana,Unripe,240,22.51,79.97,1.111,3.086,418.0,4.9,Medium
Banana,Unripe,103,30.07,74.23,0.409,1.989,365.9,2.25,Low
Brinjal,Unripe,189,22.1,89.13,1.078,1.637,526.1,0.94,Medium
Onion,Unripe,125,31.64,74.27,6.22,2.475,646.9,3.81,Low
Tomato,Ripe,154,38.43,91.58,3.165,5.254,519.3,4.71,Medium
Mango,Ripe,112,28.47,78.81,0.125,2.184,463.1,5.68,Medium
Onion,Semi-Ripe,165,29.33,46.33,1.045,2.898,405.2,2.43,Low
Mango,Semi-Ripe,48,25.03,95.0,1.92,1.589,542.7,3.24,Low
Tomato,Semi-Ripe,240,19.76,61.11,0.88,0.1,351.4,7.41,Medium
Mango,Semi-Ripe,103,24.59,85.95,0.725,1.631,363.9,2.7,Low
Mango,Unripe,2,22.63,68.32,0.83,5.119,608.0,3.49,Low
Mango,Semi-Ripe,229,21.21,80.73,1.472,3.155,466.7,8.12,Medium
Banana,Semi-Ripe,5,33.89,59.74,0.448,4.305,464.3,0.0,Low
Mango,Ripe,113,28.09,75.51,2.298,2.118,479.7,4.35,Low
Banana,Unripe,189,28.52,64.96,0.962,0.1,587.1,6.86,Medium
Onion,Ripe,89,25.76,86.95,0.52,1.28,519.9,2.94,Low
Mango,Unripe,50,26.31,73.26,2.197,2.937,410.8,5.6,Low
Banana,Unripe,57,30.86,79.23,0.339,2.761,415.1,4.33,Low
Brinjal,Ripe,165,26.87,42.03,0.678,2.489,476.6,7.66,Low
Tomato,Ripe,138,29.12,66.97,0.67,1.917,536.3,5.2,Medium
Mango,Ripe,121,26.22,72.93,4.485,3.534,495.7,7.29,Medium
Brinjal,Unripe,123,25.63,70.68,0.619,1.949,485.1,4.52,Low
Mango,Semi-Ripe,76,21.37,79.53,0.221,2.839,505.6,0.95,Low
Banana,Semi-Ripe,225,19.09,63.61,0.665,2.715,495.7,4.06,Medium
Banana,Unripe,55,25.95,68.59,1.376,2.095,406.4,4.99,Low
Onion,Unripe,201,27.23,82.17,1.731,1.531,632.8,6.71,Medium
Tomato,Semi-Ripe,187,21.86,40.66,4.921,2.03,442.1,4.18,Medium
Brinjal,Unripe,1,26.86,75.07,2.677,4.561,515.5,5.76,Low
Onion,Ripe,41,27.22,63.99,1.141,3.724,300.0,2.35,Low
Onion,Unripe,133,18.38,57.05,0.536,3.622,474.2,4.93,Medium
Banana,Semi-Ripe,38,23.34,72.04,3.117,1.635,368.0,3.74,Low
Mango,Ripe,205,28.63,82.73,0.773,0.919,382.5,2.57,Medium
Tomato,Unripe,106,28.55,80.47,0.631,3.706,790.7,3.57,Low
Mango,Unripe,201,22.39,66.38,0.747,3.495,529.9,9.2,Medium
Brinjal,Semi-Ripe,28,27.63,78.51,0.416,2.651,647.1,1.18,Low
Tomato,Ripe,5,31.09,78.42,0.722,2.092,602.6,3.69,Low
Brinjal,Semi-Ripe,154,30.11,66.95,0.849,0.89,618.0,2.27,Low
Onion,Ripe,193,26.62,59.68,1.668,3.454,476.1,3.14,Medium
Banana,Unripe,239,25.13,60.38,0.762,3.805,692.8,2.82,Medium
Onion,Ripe,189,24.48,78.05,0.412,1.753,601.6,6.46,Medium
Onion,Ripe,180,28.87,67.49,0.325,1.661,505.0,3.09,Low
Brinjal,Ripe,13,27.78,55.45,1.158,3.865,531.6,4.94,Low
Banana,Unripe,145,29.52,47.78,1.052,1.794,483.6,3.28,Low
Banana,Unripe,171,27.53,77.98,0.678,4.457,506.3,4.78,Medium
Mango,Semi-Ripe,95,30.28,61.44,0.721,2.38,494.8,4.38,Low
Tomato,Semi-Ripe,240,27.38,71.96,1.313,2.075,545.8,2.47,Medium
Brinjal,Semi-Ripe,238,30.14,82.88,2.647,2.55,708.8,5.72,High
Banana,Ripe,206,30.48,52.29,0.579,2.075,355.4,5.6,Medium
Onion,Semi-Ripe,212,23.78,67.46,1.064,3.739,637.1,7.1,High
Brinjal,Unripe,136,19.77,65.95,1.956,3.474,455.8,2.4,Low
Mango,Unripe,197,33.17,72.56,0.581,3.697,652.4,3.39,Medium
Onion,Ripe,17,28.03,82.87,0.989,2.703,460.0,3.89,Low
Tomato,Semi-Ripe,55,20.14,52.05,0.974,1.998,549.5,5.7,Low
Tomato,Ripe,160,24.14,74.84,0.399,2.49,480.9,3.35,Medium
Brinjal,Ripe,29,30.09,80.38,1.125,2.032,300.0,0.62,Low
Brinjal,Ripe,195,25.88,65.76,1.022,4.113,708.7,4.27,Medium
Brinjal,Ripe,42,24.95,66.35,1.475,3.603,386.9,1.18,Low
Brinjal,Ripe,84,32.6,73.02,0.436,2.399,510.1,4.22,Low
Mango,Unripe,62,22.81,72.14,1.007,1.481,373.7,1.3,Low
Tomato,Unripe,130,23.81,74.99,2.631,4.195,339.6,5.81,Low
Onion,Unripe,19,27.85,74.74,4.281,2.65,475.4,3.11,Low
Mango,Unripe,195,28.56,56.22,2.45,2.357,428.8,6.65,Medium
Tomato,Ripe,214,28.99,79.88,0.439,4.205,359.7,0.71,Medium
Tomato,Semi-Ripe,180,30.64,82.0,1.371,1.939,495.7,1.5,Medium
Onion,Ripe,44,27.79,70.23,0.713,2.149,322.2,5.35,Low
Onion,Semi-Ripe,70,28.96,50.07,1.22,2.246,515.1,2.04,Low
Onion,Semi-Ripe,54,25.96,66.62,0.582,1.052,484.7,0.51,Low
Onion,Unripe,145,27.25,70.33,0.301,2.847,300.0,3.88,Low
Tomato,Ripe,214,27.43,54.26,0.786,1.661,437.2,5.5,Low
Tomato,Ripe,211,27.86,63.68,1.658,1.872,556.2,4.75,Low
Banana,Unripe,230,30.09,51.09,1.223,1.725,372.4,6.1,Medium
Banana,Unripe,166,29.22,75.29,1.326,1.854,561.4,5.09,Low
Tomato,Ripe,53,27.18,69.99,1.164,1.577,551.9,3.64,Low
Onion,Ripe,95,23.76,48.25,1.327,2.772,377.9,6.07,Low
Brinjal,Semi-Ripe,70,27.27,72.22,1.449,2.329,498.5,3.31,Low
Brinjal,Ripe,15,26.89,67.32,0.825,2.553,599.0,2.6,Low
Banana,Ripe,192,27.77,74.2,1.06,5.089,394.8,6.25,Medium
Onion,Semi-Ripe,139,35.83,63.3,3.388,2.329,475.3,5.16,Low
Brinjal,Semi-Ripe,233,24.9,58.38,1.105,3.165,638.0,3.67,Medium
Banana,Semi-Ripe,202,28.69,58.75,1.03,3.291,397.1,4.76,Medium
Banana,Ripe,156,31.27,61.54,1.075,2.431,555.1,5.16,Medium
Onion,Ripe,10,27.39,68.23,0.859,2.801,370.5,1.56,Low
Mango,Unripe,106,36.35,69.78,0.737,2.523,480.7,2.8,Low
Onion,Unripe,114,25.49,65.71,1.157,2.723,553.6,1.36,Low
Tomato,Unripe,162,28.3,62.92,0.702,1.855,300.0,0.0,Low
Tomato,Unripe,136,23.8,63.78,0.903,1.956,435.9,3.46,Low
Tomato,Semi-Ripe,188,25.59,95.0,0.575,2.519,551.5,4.99,Medium
Mango,Unripe,5,28.0,58.75,1.079,0.331,527.1,0.59,Low
Banana,Ripe,27,30.39,61.3,1.505,4.146,437.3,5.3,Low
Onion,Semi-Ripe,229,28.28,95.0,0.862,4.877,367.5,3.36,Medium
Onion,Ripe,104,32.04,73.05,0.245,2.687,575.4,5.39,Medium
Tomato,Unripe,198,26.62,51.44,1.512,3.232,461.3,5.63,Medium
Brinjal,Semi-Ripe,206,25.67,78.11,1.088,3.689,565.4,8.89,High
Mango,Ripe,29,37.82,57.08,0.499,1.043,545.6,3.82,Low
Mango,Unripe,170,28.58,78.91,1.718,3.521,446.3,1.94,Medium
Onion,Semi-Ripe,41,24.12,65.47,0.376,2.031,628.7,4.89,Low
Onion,Semi-Ripe,37,24.22,62.72,2.079,5.02,428.7,6.0,Low
Brinjal,Unripe,58,23.23,87.31,0.961,2.293,642.9,0.01,Low
Tomato,Semi-Ripe,182,30.75,74.8,0.204,3.499,658.6,5.83,Medium
Tomato,Semi-Ripe,22,25.54,79.68,1.133,2.304,626.0,4.31,Low
Onion,Semi-Ripe,160,27.51,73.22,0.753,4.916,478.3,4.04,Low
Mango,Unripe,91,26.75,62.67,0.677,1.936,805.6,0.0,Low
Mango,Ripe,63,29.93,75.34,0.597,3.782,518.2,2.72,Low
Banana,Ripe,57,23.61,82.51,0.915,3.189,528.9,2.14,Low
Tomato,Unripe,82,22.7,69.62,0.712,2.945,497.4,6.24,Low
Brinjal,Unripe,84,27.9,89.62,0.273,2.752,364.4,3.35,Low
Onion,Semi-Ripe,75,29.4,78.21,2.436,1.766,655.4,2.66,Low
Mango,Unripe,124,28.33,70.54,0.843,0.1,431.3,2.93,Medium
Banana,Unripe,239,23.76,71.02,0.599,3.682,610.4,5.95,Medium
Onion,Semi-Ripe,108,29.71,69.65,0.454,1.962,639.1,3.9,Low
Onion,Unripe,44,24.02,52.99,1.715,3.787,572.4,1.61,Low
Tomato,Semi-Ripe,147,24.91,66.92,0.403,2.887,417.0,4.74,Medium
Brinjal,Unripe,199,23.22,70.65,1.098,3.82,459.1,3.88,Medium
Tomato,Ripe,144,32.2,63.01,0.665,3.382,300.0,0.0,Low
Tomato,Ripe,127,29.53,72.05,0.692,0.1,486.0,5.23,Low
Brinjal,Ripe,161,29.42,68.26,0.462,3.176,596.3,5.46,Medium
Tomato,Unripe,212,31.99,77.28,0.648,2.122,471.5,5.4,Medium
Tomato,Ripe,18,38.25,75.96,1.006,3.782,429.2,1.92,Low
Banana,Unripe,236,20.16,70.01,1.179,3.15,464.3,5.2,Medium
Banana,Ripe,215,24.05,51.59,0.577,3.163,645.8,6.55,Medium
Banana,Semi-Ripe,231,24.54,89.49,0.938,2.201,493.5,4.13,Medium
Onion,Ripe,120,23.6,66.3,1.862,1.496,722.9,5.49,Medium
Banana,Semi-Ripe,205,22.69,67.03,0.312,2.024,431.5,2.31,Medium
Mango,Unripe,19,25.8,63.89,0.996,0.52,526.1,3.03,Low
Mango,Ripe,99,22.13,62.14,0.514,1.851,448.0,3.73,Low
Onion,Semi-Ripe,211,28.34,86.53,0.479,0.889,748.9,6.84,Medium
Mango,Ripe,65,27.21,84.63,1.2,0.918,521.6,1.63,Low
Tomato,Unripe,184,28.92,73.33,0.683,2.628,755.4,3.25,Medium
Banana,Ripe,76,29.03,66.71,0.427,3.087,449.6,0.9,Low
Brinjal,Ripe,141,29.41,75.43,2.527,2.465,683.3,3.17,Medium
Tomato,Unripe,157,25.51,68.89,1.904,1.951,514.2,4.84,Medium
Brinjal,Ripe,211,35.48,65.72,0.259,1.458,600.4,1.8,Medium
Banana,Unripe,82,27.94,72.06,0.356,2.151,353.6,2.69,Low
Brinjal,Unripe,189,19.55,62.71,1.515,1.596,541.8,5.87,Medium
Tomato,Unripe,104,22.99,71.03,0.819,2.431,371.7,3.56,Low
Onion,Unripe,94,20.04,70.45,2.859,0.826,530.9,3.76,Low
Onion,Semi-Ripe,19,27.07,75.24,1.539,3.271,317.8,0.02,Low
Brinjal,Ripe,18,26.51,60.57,1.233,1.876,488.7,2.54,Low
Brinjal,Unripe,185,25.13,76.52,0.489,2.914,631.5,4.77,Medium
Brinjal,Ripe,25,35.04,57.12,1.411,3.476,565.7,2.51,Low
Tomato,Ripe,26,29.2,61.13,0.409,2.861,351.9,3.09,Low
Onion,Semi-Ripe,44,29.9,61.65,2.493,3.379,300.0,2.47,Low
Brinjal,Ripe,81,23.28,55.14,1.344,0.227,559.6,2.65,Low
Brinjal,Unripe,39,23.0,80.19,0.561,1.958,689.7,1.1,Low
Banana,Ripe,142,27.15,56.37,1.756,3.713,384.3,5.96,Low
Tomato,Semi-Ripe,198,27.69,59.61,4.802,3.06,751.7,2.67,Medium
Banana,Semi-Ripe,128,19.57,83.06,0.859,4.533,499.2,4.32,Low
Banana,Semi-Ripe,160,26.28,61.15,1.47,4.375,300.0,7.68,Low
Mango,Ripe,215,27.06,65.74,0.739,2.83,312.7,7.06,Medium
Onion,Semi-Ripe,215,26.14,55.86,1.062,2.223,592.4,6.0,Medium
Mango,Unripe,158,23.75,78.0,0.348,1.446,515.5,4.85,Medium
Onion,Unripe,16,24.84,78.16,1.0,1.977,677.9,2.46,Low
Onion,Ripe,190,26.29,76.87,1.031,2.051,356.2,3.16,Medium
Tomato,Semi-Ripe,182,27.36,74.45,3.523,1.847,514.2,4.23,Medium
Tomato,Semi-Ripe,73,29.42,68.88,0.285,1.49,500.8,4.41,Low
Mango,Semi-Ripe,39,31.32,61.71,0.822,2.942,482.8,3.67,Low
Brinjal,Ripe,31,25.82,58.22,2.464,4.366,454.1,4.29,Low
Tomato,Unripe,66,25.18,83.48,0.844,3.527,456.5,5.49,Low
Mango,Unripe,179,28.75,77.18,0.887,2.145,521.0,4.36,Medium
Onion,Semi-Ripe,227,29.44,59.68,0.558,3.615,536.3,5.57,Medium
Banana,Semi-Ripe,37,25.26,68.48,0.521,2.881,530.3,0.0,Low
Banana,Semi-Ripe,99,30.16,64.4,0.279,2.455,644.7,7.75,Medium
Banana,Unripe,201,30.92,54.46,0.644,2.387,355.8,4.17,Low
Onion,Ripe,20,32.17,70.13,0.5,2.28,300.0,3.91,Low
Tomato,Unripe,227,34.11,63.01,1.086,3.216,622.0,4.48,High
Banana,Semi-Ripe,4,23.53,56.57,0.576,2.654,386.8,1.76,Low
Tomato,Semi-Ripe,68,27.06,50.25,0.715,1.699,454.5,2.89,Low
Tomato,Semi-Ripe,7,27.05,49.23,0.729,1.645,426.5,0.34,Low
Banana,Unripe,183,26.61,63.54,0.967,2.836,424.0,0.23,Low
Onion,Ripe,102,24.4,66.98,0.691,2.972,325.0,5.81,Low
Banana,Unripe,105,21.06,57.5,0.476,2.156,431.7,4.74,Low
Brinjal,Semi-Ripe,131,27.37,75.81,1.062,1.255,577.9,2.42,Low
Onion,Ripe,72,23.93,67.21,2.111,3.876,499.5,4.18,Low
Tomato,Ripe,182,27.34,74.92,1.094,3.642,560.5,6.17,Medium
Brinjal,Unripe,103,23.82,65.81,0.653,0.314,440.5,2.49,Low
Onion,Ripe,191,22.6,58.55,0.917,3.974,608.3,5.53,Medium
Onion,Semi-Ripe,155,27.94,69.37,0.238,2.27,439.0,6.17,Low
Brinjal,Ripe,162,27.6,52.85,0.907,2.709,300.0,1.85,Low
Onion,Unripe,238,29.32,74.47,0.756,3.752,538.0,6.32,Medium
Brinjal,Ripe,122,35.74,56.75,0.52,4.318,592.1,4.62,Medium
Tomato,Ripe,72,28.11,79.02,0.591,3.603,432.9,6.75,Low
Onion,Ripe,175,28.94,63.94,0.75,2.765,643.9,5.6,Medium
Onion,Ripe,170,22.69,80.75,2.003,0.987,397.9,3.8,Low
Tomato,Ripe,116,21.85,54.53,2.148,0.271,580.5,3.36,Low
Onion,Semi-Ripe,80,33.33,59.87,0.522,3.466,709.4,7.1,Medium
Brinjal,Ripe,224,23.31,72.57,0.696,3.976,504.4,4.55,Medium
Banana,Ripe,60,22.82,82.05,0.708,1.604,472.8,4.28,Low
Onion,Ripe,19,26.84,88.0,1.762,2.203,487.3,2.3,Low
Brinjal,Semi-Ripe,152,26.64,68.5,1.107,1.887,695.4,6.27,Low
Brinjal,Ripe,19,23.39,90.05,1.067,1.858,548.3,4.76,Low
Mango,Semi-Ripe,183,25.78,64.52,1.456,3.682,757.3,4.66,Medium
Mango,Semi-Ripe,202,31.92,81.19,0.659,2.74,533.5,4.19,Medium
Tomato,Unripe,172,23.78,56.69,2.598,2.248,421.5,3.79,Medium
Onion,Semi-Ripe,56,21.43,73.04,0.999,5.423,430.0,0.06,Low
Mango,Ripe,227,30.77,39.9,0.549,0.922,507.4,5.41,Low
Tomato,Unripe,21,28.97,54.54,0.852,3.103,300.0,2.9,Low
Tomato,Ripe,25,24.52,73.6,2.369,1.346,443.0,1.33,Low
Mango,Semi-Ripe,73,20.67,52.25,0.743,2.327,445.7,0.07,Low
Banana,Unripe,130,24.02,73.12,1.944,2.664,528.8,4.43,Low
Onion,Unripe,171,26.78,78.88,0.645,3.429,733.0,5.15,Medium
Brinjal,Unripe,70,31.66,61.98,0.585,2.213,506.6,4.05,Low
Onion,Ripe,220,22.85,56.37,1.587,2.096,300.0,3.36,Low
Tomato,Semi-Ripe,196,26.66,62.31,0.542,2.193,390.3,5.57,Medium
Tomato,Unripe,55,29.7,56.41,1.779,1.312,531.5,2.84,Low
Mango,Unripe,14,17.47,66.79,1.279,3.196,511.2,4.22,Low
Mango,Semi-Ripe,169,31.14,69.23,0.543,2.809,694.9,2.77,Medium
Tomato,Semi-Ripe,42,22.27,64.33,0.951,2.979,615.2,5.07,Low
Onion,Ripe,67,28.33,88.09,0.681,2.424,611.6,6.02,Low
Onion,Ripe,186,27.99,59.37,1.277,2.288,473.9,4.94,Medium
Banana,Unripe,45,31.34,84.7,3.749,3.793,631.9,3.77,Medium
Onion,Ripe,85,29.2,55.51,0.771,3.624,392.5,4.93,Low
Tomato,Unripe,223,17.49,68.87,1.453,4.056,616.2,3.33,Medium
Tomato,Semi-Ripe,164,23.86,82.2,1.017,2.91,466.1,3.59,Medium
Onion,Semi-Ripe,149,27.55,81.58,1.017,3.988,326.2,4.62,Low
Onion,Unripe,240,26.22,62.96,0.891,2.042,571.2,9.03,Medium
Brinjal,Semi-Ripe,185,28.91,74.66,0.549,2.279,667.7,2.57,Medium
Onion,Semi-Ripe,110,30.16,73.05,1.264,3.815,451.2,6.77,Medium
Brinjal,Ripe,160,29.43,61.52,0.817,3.428,687.5,4.07,Low
Onion,Ripe,128,26.14,75.39,0.531,2.181,301.3,3.97,Low
Onion,Ripe,87,19.61,90.35,2.034,1.349,356.4,5.74,Low
Onion,Ripe,235,25.18,73.66,1.072,2.276,482.4,8.96,Medium
Onion,Semi-Ripe,142,28.67,74.8,0.852,1.747,455.5,4.97,Medium
Banana,Ripe,179,22.64,76.07,2.555,4.397,419.9,6.74,Medium
Onion,Semi-Ripe,98,29.53,50.47,0.277,3.336,516.0,2.02,Low
Mango,Ripe,47,30.63,73.52,2.438,1.657,436.6,2.11,Low
Mango,Semi-Ripe,29,27.51,55.8,0.54,1.351,456.9,0.41,Low
Onion,Semi-Ripe,193,15.0,60.92,1.16,1.644,533.4,3.89,Low
Mango,Ripe,125,21.89,93.94,0.663,1.885,419.9,5.02,Low
Onion,Unripe,124,34.54,64.96,0.524,2.317,487.3,4.37,Medium
Banana,Ripe,29,24.81,59.12,2.509,3.726,422.5,5.96,Low
Mango,Ripe,189,19.06,81.83,3.667,1.437,355.3,8.47,Medium
Banana,Semi-Ripe,63,31.94,56.63,0.857,5.018,591.6,3.01,Low
Banana,Semi-Ripe,144,27.05,62.63,1.265,1.462,704.9,3.0,Medium
Tomato,Unripe,84,31.42,82.99,1.041,0.95,627.7,5.6,Low
Banana,Ripe,54,28.11,68.51,3.358,4.357,539.8,5.42,Low
Tomato,Unripe,39,28.83,49.26,0.228,3.953,423.0,3.76,Low
Banana,Ripe,196,28.45,74.53,1.302,2.299,465.6,6.12,Medium
Mango,Ripe,22,29.79,63.24,0.601,2.919,626.8,3.75,Low
Brinjal,Unripe,0,36.11,86.48,0.192,2.947,300.0,0.72,Low
Onion,Ripe,73,30.88,60.73,0.777,2.65,456.4,1.18,Low
Tomato,Unripe,214,20.68,80.61,3.646,1.074,588.1,4.98,Medium
Tomato,Semi-Ripe,169,28.79,89.31,0.632,0.1,363.4,4.17,Low
Banana,Ripe,197,31.57,57.79,1.739,1.571,550.8,5.36,Low
Brinjal,Unripe,49,31.81,65.68,2.314,4.498,545.2,2.85,Low
Mango,Semi-Ripe,233,25.29,72.66,0.991,4.541,325.5,2.23,Medium
Brinjal,Semi-Ripe,28,31.66,57.71,1.088,2.212,510.4,0.0,Low
Tomato,Unripe,8,30.71,71.24,0.301,1.446,425.9,3.92,Low
Mango,Semi-Ripe,114,37.29,65.3,0.606,2.806,549.9,2.67,Medium
Banana,Semi-Ripe,105,24.0,65.06,1.887,2.983,580.4,3.34,Low
Brinjal,Ripe,70,24.97,68.59,1.043,3.161,547.9,2.34,Low
Mango,Unripe,40,25.78,68.86,1.293,0.1,508.7,1.34,Low
Onion,Ripe,77,25.04,69.97,1.098,5.974,534.7,1.73,Low
Banana,Semi-Ripe,90,23.44,60.81,4.639,3.746,358.9,5.42,Low
Brinjal,Semi-Ripe,144,15.95,61.34,0.74,2.282,496.3,3.8,Low
Tomato,Semi-Ripe,86,25.26,66.58,3.076,1.71,404.4,4.67,Low
Onion,Ripe,58,28.48,67.46,1.098,3.586,623.8,4.58,Low
Banana,Semi-Ripe,144,25.03,62.73,3.274,3.045,582.0,4.8,Medium
Banana,Semi-Ripe,140,34.74,71.89,0.424,2.601,581.6,5.62,Low
Mango,Ripe,105,27.05,46.22,1.138,3.004,705.6,3.79,Low
Brinjal,Ripe,26,32.16,59.23,0.759,2.376,460.4,5.27,Low
Tomato,Unripe,232,28.05,64.64,1.103,2.942,434.1,6.77,Medium
Banana,Semi-Ripe,125,30.31,57.73,2.353,3.299,457.6,5.72,Low
Brinjal,Ripe,66,28.12,87.55,1.304,2.878,307.7,1.6,Low
Brinjal,Ripe,174,32.48,68.23,2.35,2.82,317.2,5.06,Medium
Brinjal,Ripe,100,27.22,70.12,0.626,4.032,574.5,0.4,Low
Mango,Semi-Ripe,39,28.98,62.2,0.562,0.743,332.6,5.49,Low
Banana,Ripe,168,28.47,67.81,1.011,1.622,371.0,3.39,Low
Tomato,Unripe,22,25.85,53.42,0.973,2.529,487.8,1.89,Low
Brinjal,Ripe,66,28.62,65.96,0.878,1.697,450.5,0.83,Low
Mango,Ripe,159,35.94,56.76,0.511,2.064,606.3,4.34,Medium
Mango,Unripe,174,25.92,64.67,2.314,3.917,507.3,4.11,Medium
Brinjal,Ripe,238,28.68,37.28,0.776,2.336,404.2,8.64,Low
Tomato,Semi-Ripe,170,32.03,54.46,2.714,0.488,616.6,6.09,Medium
Mango,Semi-Ripe,55,31.56,85.57,1.009,2.034,587.5,2.23,Low
Mango,Unripe,171,27.05,77.96,1.574,2.564,330.7,1.55,Low
Onion,Unripe,181,17.47,83.83,1.478,2.544,530.3,0.56,Low
Brinjal,Ripe,162,29.07,84.65,0.562,3.112,414.2,2.6,Low
Mango,Semi-Ripe,179,18.12,76.08,1.293,3.022,411.0,2.25,Medium
Brinjal,Unripe,197,32.88,62.57,3.857,2.347,724.3,5.49,Medium
Mango,Unripe,136,27.68,55.55,1.193,1.188,514.9,3.87,Low
Brinjal,Unripe,239,31.0,81.76,1.879,2.015,473.9,5.4,Medium
Mango,Semi-Ripe,155,23.39,68.77,1.625,1.815,510.2,2.65,Medium
Onion,Ripe,13,20.79,95.0,1.24,2.186,604.9,2.93,Low
Onion,Ripe,41,28.04,63.62,1.139,3.26,415.8,0.44,Low
Mango,Ripe,119,26.87,91.67,1.467,2.945,436.3,3.77,Medium
Banana,Unripe,104,25.03,66.12,1.706,3.406,578.8,5.24,Low
Onion,Semi-Ripe,195,27.34,84.03,0.388,2.078,318.0,4.18,Medium
Tomato,Unripe,162,38.07,88.36,1.189,4.159,618.9,5.24,Medium
Brinjal,Semi-Ripe,0,30.34,55.72,0.879,3.24,307.4,0.0,Low
Banana,Ripe,109,31.2,62.18,0.76,2.623,470.5,0.11,Low
Banana,Ripe,131,30.38,55.6,2.477,3.164,308.1,4.66,Low
Banana,Ripe,236,32.92,53.24,0.599,1.757,373.2,7.22,Low
Banana,Ripe,159,26.24,76.0,0.377,0.18,655.7,3.98,Medium
Mango,Semi-Ripe,43,18.78,65.64,1.745,1.833,625.3,6.88,Low
Banana,Unripe,46,26.25,68.63,0.37,3.322,638.2,0.45,Low
Onion,Ripe,76,30.25,74.67,0.259,2.588,326.1,2.19,Low
Tomato,Unripe,96,23.12,45.71,1.889,2.349,373.9,3.9,Low
Tomato,Unripe,26,26.29,83.44,1.118,1.567,540.8,3.65,Low
Tomato,Ripe,190,24.23,63.81,1.392,0.349,585.8,3.73,Medium
Brinjal,Ripe,16,33.01,74.39,0.734,4.067,404.1,0.79,Low
Mango,Unripe,16,30.0,75.45,0.379,2.271,430.5,3.81,Low
Tomato,Ripe,30,29.61,84.45,0.436,2.028,364.2,3.1,Low
Mango,Ripe,32,29.49,66.74,0.827,1.761,699.0,2.26,Low
Mango,Unripe,135,26.85,42.52,0.41,3.88,443.0,5.02,Low
Tomato,Semi-Ripe,197,27.79,68.69,1.24,3.469,503.8,4.62,Medium
Brinjal,Unripe,227,22.26,70.41,0.723,1.436,510.0,4.97,Low
Tomato,Semi-Ripe,195,18.25,55.59,1.138,3.781,632.7,4.52,Medium
Onion,Unripe,165,27.6,69.77,1.115,2.34,385.7,3.0,Low
Onion,Unripe,142,28.3,63.67,1.311,1.828,640.2,2.54,Medium
Onion,Semi-Ripe,74,31.84,51.89,1.419,2.177,346.6,2.44,Low
Mango,Ripe,100,33.29,76.06,0.786,1.638,639.9,3.76,Low
Mango,Unripe,210,33.28,61.24,1.137,1.047,300.0,1.65,Low
Onion,Semi-Ripe,25,23.01,63.12,1.18,3.354,487.5,4.5,Low
Brinjal,Semi-Ripe,198,25.59,62.45,0.183,2.257,695.1,4.91,Medium
Banana,Ripe,195,28.92,82.83,1.572,3.179,583.7,2.92,Medium
Onion,Semi-Ripe,13,37.13,67.51,1.111,2.816,550.5,5.57,Low
Tomato,Semi-Ripe,58,32.92,68.95,1.484,3.103,374.2,3.27,Low
Banana,Unripe,74,31.48,62.71,0.406,0.249,411.8,0.98,Low
Tomato,Ripe,220,25.45,73.55,0.802,1.547,661.3,7.97,Medium
Brinjal,Semi-Ripe,105,23.47,84.19,0.466,3.126,556.7,6.2,Low
Mango,Unripe,186,30.16,75.77,1.684,1.098,606.8,3.1,Medium
Tomato,Unripe,144,22.6,76.24,0.374,2.91,508.9,3.65,Low
Mango,Unripe,19,26.05,75.27,0.522,0.97,466.2,1.9,Low
Banana,Semi-Ripe,160,26.54,51.44,1.454,2.518,592.0,1.02,Low
Mango,Ripe,153,33.37,57.49,0.644,4.271,531.1,4.92,Low
Onion,Semi-Ripe,209,25.58,65.54,0.522,3.352,479.6,6.53,Medium
Onion,Unripe,221,17.24,59.29,1.886,0.464,330.3,6.33,Low
Onion,Unripe,141,29.02,55.23,1.941,3.433,614.5,4.25,Medium
Mango,Unripe,211,24.2,45.53,1.658,4.504,552.8,6.73,Medium
Mango,Unripe,33,27.17,51.84,1.811,5.577,427.2,0.85,Low
Banana,Unripe,147,26.65,64.92,0.85,3.023,641.5,7.54,Low
Onion,Unripe,139,25.91,67.17,0.867,0.999,529.3,2.78,Low
Banana,Ripe,41,30.16,58.48,0.635,2.978,531.6,1.8,Low
Mango,Ripe,129,20.87,68.95,1.125,4.256,606.1,3.01,Medium
Brinjal,Ripe,163,24.93,62.79,0.691,2.294,580.2,3.29,Medium
Tomato,Unripe,100,29.74,81.09,0.738,3.647,535.2,3.35,Low
Onion,Ripe,160,24.54,66.06,1.522,1.576,477.4,4.0,Low
Brinjal,Semi-Ripe,179,20.56,76.36,2.291,2.91,738.0,4.88,Medium
Banana,Unripe,141,29.67,70.44,1.322,0.1,411.9,2.72,Low
Tomato,Unripe,95,31.49,51.18,3.511,1.455,589.5,3.94,Low
Mango,Unripe,64,26.82,66.91,0.61,2.493,489.9,1.31,Low
Banana,Unripe,159,19.16,53.17,0.276,2.1,554.6,5.73,Low
Onion,Unripe,216,29.82,66.7,1.649,1.069,648.0,6.39,Medium
Banana,Semi-Ripe,111,20.36,59.06,0.583,1.95,462.6,3.82,Low
Onion,Ripe,121,28.24,72.58,0.826,2.863,572.2,2.78,Low
Banana,Unripe,219,23.45,51.89,0.29,2.405,531.9,5.69,Medium
Brinjal,Semi-Ripe,71,22.36,68.18,0.533,2.567,423.0,1.75,Low
Tomato,Unripe,194,25.23,74.87,0.349,3.305,651.0,4.89,Medium
Brinjal,Semi-Ripe,61,26.27,78.89,0.738,2.123,585.3,2.96,Low
Mango,Semi-Ripe,62,24.42,58.83,0.759,3.995,447.9,7.98,Low
Banana,Unripe,67,29.35,68.21,1.065,1.412,632.4,1.1,Low
Mango,Semi-Ripe,12,25.22,70.21,2.382,4.621,400.2,0.0,Low
Banana,Unripe,111,30.92,86.57,1.606,3.724,496.5,2.68,Medium
Brinjal,Semi-Ripe,85,28.12,50.22,0.321,2.108,448.5,0.43,Low
Mango,Ripe,55,24.21,57.07,1.531,2.182,590.2,1.85,Low
Tomato,Unripe,182,23.54,95.0,1.081,2.727,442.4,2.35,Medium
Brinjal,Semi-Ripe,124,20.41,64.72,0.934,3.159,591.0,2.36,Low
Banana,Ripe,47,28.16,45.31,0.984,3.704,571.3,1.15,Low
Onion,Semi-Ripe,46,25.58,61.01,1.154,1.025,455.0,4.79,Low
Brinjal,Ripe,195,17.51,34.77,0.616,2.981,719.6,4.75,Medium
Mango,Semi-Ripe,65,24.86,70.89,0.88,0.172,410.6,5.22,Low
Tomato,Semi-Ripe,95,23.4,77.72,2.29,2.305,330.9,3.71,Low
Banana,Unripe,28,33.3,57.06,0.611,4.099,602.7,4.51,Low
Brinjal,Ripe,193,20.19,62.35,0.486,0.941,300.0,4.27,Low
Brinjal,Ripe,86,21.23,79.08,0.958,0.741,679.0,6.4,Medium
Mango,Semi-Ripe,169,31.44,47.0,0.453,2.743,512.2,5.38,Low
Mango,Ripe,97,32.43,52.14,0.299,4.026,328.8,2.26,Low
Tomato,Semi-Ripe,193,24.02,65.26,0.786,2.858,386.2,5.93,Low
Brinjal,Unripe,97,24.47,58.97,2.757,0.405,303.9,3.71,Low
Mango,Unripe,215,29.46,64.47,0.973,0.649,545.9,4.72,Medium
Brinjal,Semi-Ripe,174,17.69,52.83,1.133,2.608,340.8,4.76,Low
Banana,Unripe,115,19.56,70.57,0.225,1.203,560.3,5.23,Low
Tomato,Ripe,116,25.88,66.21,1.359,2.65,463.4,0.08,Low
Brinjal,Semi-Ripe,149,33.2,74.59,1.068,2.716,443.0,3.66,Low
Mango,Semi-Ripe,167,25.26,70.4,0.628,1.961,561.1,5.73,Medium
Onion,Semi-Ripe,170,27.4,70.48,1.134,4.496,574.8,4.99,Medium
Tomato,Ripe,7,31.54,50.64,1.126,3.15,637.5,0.56,Low
Mango,Semi-Ripe,63,35.43,73.91,0.476,3.833,423.9,0.0,Low
Tomato,Ripe,105,24.69,64.03,1.261,3.513,496.4,6.82,Medium
Brinjal,Unripe,129,26.93,66.0,2.312,2.335,423.8,3.71,Low
Banana,Unripe,21,34.29,80.58,0.853,2.286,519.6,5.48,Low
Banana,Unripe,48,20.91,59.37,0.545,2.173,406.6,4.51,Low
Brinjal,Unripe,111,31.11,84.21,0.883,3.249,449.1,2.4,Low
Onion,Unripe,107,22.93,85.33,1.819,1.785,449.7,0.0,Low
Mango,Semi-Ripe,148,27.41,77.03,0.424,4.398,535.2,3.44,Medium
Banana,Unripe,16,26.03,56.23,1.499,1.68,500.4,2.62,Low
Brinjal,Unripe,192,23.17,41.76,0.622,2.736,560.8,5.62,Medium
Onion,Semi-Ripe,72,23.07,80.95,1.185,2.248,487.2,1.36,Low
Tomato,Ripe,132,28.11,69.34,0.674,2.004,430.4,4.4,Low
Banana,Unripe,228,30.98,59.06,0.672,4.89,523.0,5.56,Medium
Onion,Ripe,91,26.48,82.08,2.904,2.017,389.9,5.37,Low
Mango,Semi-Ripe,75,27.28,57.66,0.373,2.165,568.3,2.85,Low
Mango,Unripe,63,29.28,62.91,1.405,1.769,465.7,4.05,Low
Banana,Unripe,157,23.11,74.3,3.36,2.545,524.5,4.9,Medium
Brinjal,Ripe,230,29.96,54.64,1.616,2.389,526.4,6.84,Medium
Brinjal,Semi-Ripe,134,30.28,66.69,0.394,1.269,692.2,2.63,Low
Tomato,Ripe,47,37.41,81.07,0.408,2.033,545.8,0.0,Low
Mango,Semi-Ripe,228,25.5,70.53,0.591,3.171,508.8,4.81,Medium
Onion,Unripe,10,25.17,82.97,1.117,3.63,416.9,2.2,Low
Brinjal,Ripe,98,30.08,81.6,1.171,2.526,596.3,1.59,Low
Banana,Semi-Ripe,30,30.28,68.09,0.411,2.565,467.6,0.15,Low
Banana,Semi-Ripe,8,24.86,39.96,0.543,2.103,316.9,1.56,Low
Onion,Unripe,240,25.39,54.73,0.567,1.947,476.6,5.17,Medium
Onion,Semi-Ripe,20,29.16,77.16,0.881,1.488,523.0,2.91,Low
Banana,Ripe,218,23.69,49.4,4.012,0.788,401.8,1.0,Medium
Mango,Unripe,131,25.36,64.08,0.52,1.727,485.8,0.92,Low
Onion,Semi-Ripe,77,27.36,72.06,0.505,3.494,491.4,5.46,Medium
Mango,Unripe,207,30.98,85.63,0.452,2.033,493.3,4.64,Medium
Banana,Ripe,0,24.58,61.1,1.56,2.119,648.2,2.5,Low
Onion,Ripe,166,19.63,60.28,0.971,2.098,342.6,2.09,Low
Tomato,Ripe,184,19.33,67.37,0.534,3.869,744.1,4.7,Medium
Brinjal,Ripe,87,21.96,72.21,0.776,1.479,496.1,2.87,Low
Brinjal,Ripe,72,21.75,66.15,0.575,2.805,569.6,2.25,Low
Mango,Semi-Ripe,2,26.38,80.59,1.23,2.425,515.3,0.0,Low
Tomato,Ripe,5,22.24,58.41,6.547,2.575,300.0,1.0,Low
Onion,Unripe,10,24.19,69.44,1.471,2.769,373.2,6.17,Low
Brinjal,Unripe,110,23.9,73.34,0.937,2.563,437.1,3.19,Low
Onion,Unripe,127,25.24,63.2,0.628,3.372,619.2,5.45,Low
Mango,Unripe,102,32.29,78.08,0.39,2.468,333.9,3.37,Low
Onion,Unripe,169,29.65,69.79,1.671,4.419,397.3,3.97,Low
Brinjal,Semi-Ripe,87,27.06,77.47,1.609,2.549,519.8,2.4,Low
Mango,Ripe,190,25.16,70.33,0.722,0.626,556.7,7.2,Medium
Banana,Ripe,157,25.27,72.52,2.338,3.202,553.1,5.06,Low
Mango,Semi-Ripe,225,28.31,60.41,1.015,2.931,381.9,3.78,Low
Banana,Unripe,174,29.34,60.43,1.72,2.536,308.2,3.88,Low
Tomato,Unripe,30,23.37,82.69,1.23,2.214,564.7,4.8,Low
Brinjal,Semi-Ripe,134,27.15,75.63,0.883,0.174,672.0,0.0,Low
Banana,Semi-Ripe,158,18.87,55.72,0.513,0.358,458.6,4.95,Low
Brinjal,Ripe,3,27.85,70.17,0.903,4.312,362.6,3.5,Low
Brinjal,Semi-Ripe,10,30.05,39.51,1.803,1.856,448.4,1.27,Low
Brinjal,Unripe,5,25.88,61.11,0.701,3.562,547.3,2.84,Low
Brinjal,Unripe,41,34.27,79.53,1.36,0.737,472.0,3.9,Low
Brinjal,Semi-Ripe,212,23.48,66.5,0.469,1.348,668.9,2.83,Low
Banana,Ripe,57,27.87,69.41,1.726,3.247,611.0,4.7,Medium
Banana,Unripe,44,26.86,31.8,1.245,2.387,522.1,3.56,Low
Brinjal,Unripe,107,26.6,63.29,0.431,3.091,300.0,3.51,Low
Onion,Unripe,95,26.54,72.06,0.855,2.485,416.9,3.83,Low
Banana,Semi-Ripe,239,27.43,73.58,1.919,2.272,434.2,6.64,High
Mango,Unripe,24,30.39,79.55,0.414,1.752,410.4,6.96,Low
Mango,Ripe,202,32.51,65.48,0.473,1.187,522.9,6.02,Medium
Tomato,Ripe,55,26.99,66.01,0.953,4.043,525.4,4.62,Low
Brinjal,Semi-Ripe,74,30.26,52.01,4.452,4.224,300.0,3.74,Low
Brinjal,Unripe,116,24.19,65.55,0.624,1.357,596.6,7.31,Low
Mango,Semi-Ripe,235,30.06,52.86,1.414,1.286,501.9,2.68,Medium
Banana,Semi-Ripe,56,23.95,45.83,1.2,2.117,542.9,0.04,Low
Mango,Ripe,82,31.36,54.98,0.662,2.874,589.4,3.76,Low
Onion,Ripe,158,35.84,86.1,1.119,2.3,408.0,5.58,Medium
Onion,Ripe,161,26.51,64.75,0.731,3.049,651.1,0.0,Low
Onion,Semi-Ripe,88,18.23,70.64,0.778,2.446,483.0,3.55,Low
Onion,Unripe,31,24.81,61.84,0.313,2.374,681.5,2.55,Low
Onion,Semi-Ripe,190,31.93,46.51,0.983,5.154,392.7,6.12,Low
Banana,Ripe,217,29.21,79.23,1.876,1.922,672.6,5.88,Medium
Banana,Semi-Ripe,145,28.0,41.93,1.041,4.304,391.5,0.99,Medium
Mango,Semi-Ripe,210,31.03,61.34,2.145,4.092,805.9,3.08,Medium
Brinjal,Ripe,61,28.94,67.34,1.501,3.055,385.8,1.78,Low
Mango,Semi-Ripe,208,31.87,70.77,0.959,0.381,626.8,6.33,Medium
Mango,Ripe,194,30.68,59.28,0.644,2.534,456.5,5.5,Low
Onion,Semi-Ripe,217,33.09,45.94,0.711,1.934,585.8,3.99,Medium
Tomato,Unripe,224,28.44,58.39,0.357,2.522,495.1,5.45,Medium
Tomato,Semi-Ripe,83,30.62,59.01,0.829,1.331,369.1,1.59,Low
Brinjal,Ripe,28,25.77,58.72,1.108,3.332,300.0,6.53,Low
Brinjal,Ripe,180,24.59,79.64,3.323,3.583,800.9,5.69,Medium
Brinjal,Semi-Ripe,161,33.83,53.44,1.447,3.787,508.8,5.85,Medium
Banana,Unripe,156,27.86,71.61,0.546,2.08,300.0,6.85,Low
Tomato,Semi-Ripe,152,30.22,69.9,0.365,1.335,536.3,6.15,Medium
Mango,Ripe,9,27.49,79.53,0.865,2.887,582.8,2.66,Low
Onion,Semi-Ripe,161,24.65,66.4,1.765,4.432,414.2,4.1,Medium
Brinjal,Semi-Ripe,116,27.04,77.49,0.857,2.576,415.0,6.21,Low
Onion,Ripe,7,32.74,65.93,1.461,2.998,497.6,2.63,Low
Tomato,Semi-Ripe,206,29.22,73.21,0.881,2.242,644.3,3.62,Medium
Mango,Ripe,6,20.15,49.96,1.652,1.946,512.0,6.11,Low
Brinjal,Unripe,56,26.14,36.34,0.327,3.224,675.6,1.49,Low
Tomato,Semi-Ripe,71,34.13,72.53,3.074,2.383,635.7,0.23,Low
Banana,Unripe,188,26.14,73.17,0.459,2.944,472.5,6.54,Medium
Onion,Unripe,19,19.8,73.71,1.743,3.058,311.5,1.41,Low
Tomato,Semi-Ripe,92,34.57,61.7,0.827,2.882,472.8,4.39,Low
Tomato,Semi-Ripe,88,29.73,85.88,0.922,3.114,563.2,6.83,Medium
Brinjal,Unripe,99,26.72,62.48,0.845,1.562,507.2,1.21,Low
Mango,Semi-Ripe,210,25.51,73.05,1.196,1.495,576.1,4.95,Medium
Tomato,Semi-Ripe,78,31.33,75.14,1.377,2.453,603.6,6.11,Low
Banana,Semi-Ripe,85,24.83,88.62,2.098,2.48,563.7,4.75,Low
Brinjal,Ripe,98,31.59,64.2,2.679,1.925,467.0,3.35,Low
Onion,Ripe,94,29.17,60.16,1.261,2.765,562.4,7.93,Low
Tomato,Unripe,229,27.98,50.02,3.319,3.499,768.3,5.08,Medium
Brinjal,Ripe,64,27.58,86.63,1.067,3.806,321.2,3.98,Low
Brinjal,Unripe,27,26.3,73.06,2.126,4.053,558.5,5.79,Low
Brinjal,Ripe,101,31.18,73.44,1.35,1.054,719.8,5.48,Medium
Mango,Semi-Ripe,20,23.54,95.0,0.681,1.221,359.0,5.12,Low
Onion,Ripe,192,20.51,71.9,1.135,2.181,620.1,3.18,Medium
Tomato,Unripe,215,29.46,52.37,1.422,2.588,636.2,7.29,Medium
Brinjal,Semi-Ripe,200,29.52,65.65,0.978,2.238,322.8,5.21,Low
Tomato,Semi-Ripe,193,28.92,56.3,1.335,1.892,585.5,3.47,Low
Brinjal,Unripe,101,28.63,63.25,1.833,2.165,467.4,4.11,Medium
Banana,Semi-Ripe,168,25.72,63.17,0.984,3.032,492.7,4.86,Medium
Tomato,Ripe,95,30.15,60.96,0.127,1.037,461.0,7.0,Low
Tomato,Unripe,205,26.82,51.28,3.237,5.078,657.5,5.65,Medium
Banana,Semi-Ripe,47,25.05,87.11,0.812,2.523,486.5,1.66,Low
Mango,Semi-Ripe,33,25.75,71.59,0.562,3.656,444.4,1.08,Low
Banana,Unripe,235,35.08,65.29,0.455,1.862,446.4,5.23,Medium
Banana,Semi-Ripe,86,20.06,77.09,0.79,3.132,459.1,1.11,Low
Tomato,Unripe,74,29.0,73.65,0.674,2.61,370.5,2.1,Low
Banana,Unripe,161,20.28,71.31,0.597,3.442,443.3,3.99,Medium
Banana,Ripe,82,26.57,76.22,0.62,2.281,514.1,2.72,Low
Mango,Unripe,180,25.27,69.61,1.449,4.207,548.5,5.97,Medium
Mango,Unripe,103,18.66,76.04,4.142,0.859,644.5,2.41,Low
Tomato,Semi-Ripe,188,28.56,77.04,1.776,3.544,528.9,0.31,Medium
Tomato,Ripe,19,25.48,69.95,2.194,2.631,443.1,0.0,Low
Brinjal,Ripe,175,18.6,65.36,0.768,1.38,378.7,4.57,Low
Banana,Semi-Ripe,79,30.36,86.36,1.076,4.647,535.3,2.39,Medium
Onion,Unripe,101,32.74,62.27,1.348,4.534,485.9,1.49,Low
Mango,Unripe,224,32.96,72.7,0.63,0.219,489.9,8.71,Medium
Banana,Ripe,116,28.44,72.97,0.742,2.694,531.5,5.38,Low
Tomato,Ripe,17,27.18,60.69,1.819,3.276,562.3,2.6,Low
Onion,Ripe,110,32.31,58.31,2.145,2.986,532.4,4.24,Low
Brinjal,Ripe,57,33.73,63.75,1.048,4.167,479.5,2.71,Low
Tomato,Semi-Ripe,114,31.53,62.09,0.433,3.938,403.8,1.61,Low
Onion,Unripe,52,23.23,50.5,0.813,2.792,426.5,4.98,Low
Onion,Semi-Ripe,154,27.81,60.18,0.365,5.005,601.8,5.88,Medium
Brinjal,Unripe,56,28.76,71.19,1.054,3.531,449.2,0.0,Low
Onion,Semi-Ripe,112,19.76,83.19,1.196,2.113,338.5,4.25,Low
Tomato,Semi-Ripe,230,28.88,74.65,0.827,1.892,639.1,5.87,Medium
Mango,Ripe,153,36.09,36.81,1.184,3.868,386.9,3.76,Medium
Brinjal,Unripe,170,29.56,75.7,1.339,1.628,504.2,8.32,Medium
Banana,Ripe,186,32.89,61.3,1.197,2.049,558.9,8.31,Medium
Brinjal,Unripe,221,27.73,73.44,0.431,2.236,500.4,4.47,Medium
Onion,Ripe,213,26.71,67.83,0.838,2.891,300.0,4.65,Medium
Mango,Ripe,206,28.53,65.69,1.332,2.287,546.9,4.36,Medium
Onion,Unripe,82,23.74,66.77,3.02,1.051,659.2,2.38,Low
Tomato,Unripe,150,23.14,67.73,0.827,3.778,594.4,2.64,Medium
Banana,Ripe,197,32.07,84.13,1.47,2.055,300.0,5.78,Medium
Banana,Semi-Ripe,134,32.49,67.76,1.849,4.722,755.3,7.64,Medium
Onion,Unripe,30,23.04,81.03,0.871,2.834,340.9,5.65,Low
Banana,Unripe,122,30.87,79.28,2.234,3.894,370.6,5.38,Low
Onion,Semi-Ripe,52,26.65,76.0,2.32,3.194,593.8,0.0,Low
Tomato,Semi-Ripe,166,28.36,46.56,2.628,3.947,554.3,1.14,Low
Onion,Ripe,207,28.84,81.4,1.378,3.127,509.6,6.9,Medium
Tomato,Semi-Ripe,169,30.98,62.51,5.218,2.759,431.7,7.44,Medium
Banana,Semi-Ripe,132,27.33,76.59,0.65,3.703,659.7,5.08,Medium
Banana,Unripe,144,32.64,56.33,4.423,5.235,495.3,3.68,Low
Tomato,Ripe,129,28.24,53.78,1.712,2.203,312.1,6.48,Low
Banana,Ripe,108,29.5,91.72,2.556,3.374,647.9,5.15,Medium
Onion,Semi-Ripe,54,23.67,56.52,0.799,2.494,526.3,5.2,Low
Banana,Ripe,162,35.63,81.75,1.806,3.057,633.8,1.1,Low
Brinjal,Unripe,84,28.88,69.42,2.715,2.546,568.7,4.13,Low
Onion,Semi-Ripe,37,29.85,62.96,0.467,0.126,787.0,6.14,Low
Mango,Ripe,192,20.57,67.46,0.892,2.28,462.8,5.75,Low
Tomato,Ripe,132,23.71,52.39,0.223,3.6,501.9,5.79,Low
Brinjal,Unripe,125,31.95,67.83,0.883,1.658,586.4,4.07,Low
Brinjal,Unripe,125,28.15,55.01,0.565,3.513,463.5,4.19,Low
Tomato,Ripe,18,19.34,63.25,0.859,2.702,596.3,5.24,Low
Mango,Semi-Ripe,128,31.15,79.1,7.741,2.289,300.0,2.83,Low
Mango,Unripe,131,24.82,71.05,3.328,3.496,491.3,2.69,Medium
Brinjal,Ripe,123,32.65,50.21,0.365,3.249,487.6,3.12,Low
Onion,Semi-Ripe,1,26.65,78.22,1.476,2.963,483.3,2.55,Low
Brinjal,Semi-Ripe,180,27.82,67.91,1.749,3.617,394.8,1.76,Low
Mango,Semi-Ripe,147,31.72,61.49,0.789,2.723,608.7,5.58,Medium
Brinjal,Ripe,182,23.41,76.96,1.133,0.691,439.5,4.39,Low
Mango,Semi-Ripe,121,23.03,65.99,1.213,2.084,524.0,5.49,Low
Brinjal,Semi-Ripe,79,26.21,54.01,0.39,0.515,495.5,0.0,Low
Onion,Semi-Ripe,200,30.31,90.17,0.486,3.223,560.0,6.44,Medium
Brinjal,Ripe,84,21.68,67.79,1.128,3.486,671.7,5.91,Medium
Brinjal,Semi-Ripe,109,20.33,67.02,1.072,3.536,523.4,4.6,Low
Brinjal,Unripe,3,30.29,63.14,0.609,3.038,601.0,2.59,Low
Banana,Ripe,39,24.59,82.16,0.573,3.565,517.4,4.53,Low
Tomato,Unripe,27,25.43,61.7,0.939,0.766,439.3,5.11,Low
Onion,Semi-Ripe,102,19.57,49.46,1.859,2.382,483.0,4.67,Low
Mango,Semi-Ripe,63,24.28,59.86,0.948,0.944,466.0,4.33,Low
Onion,Semi-Ripe,80,26.97,83.92,3.114,2.106,568.2,6.44,Low
Onion,Ripe,184,30.72,77.99,0.614,4.278,512.8,6.08,Low
Brinjal,Unripe,164,23.92,64.94,1.145,3.703,404.7,3.03,Medium
Banana,Unripe,192,33.63,84.48,0.78,3.229,473.4,7.08,Medium
Mango,Ripe,196,24.26,76.98,1.509,2.3,316.9,4.63,Low
Tomato,Unripe,59,24.27,64.8,0.579,1.407,477.8,3.27,Low
Onion,Semi-Ripe,148,33.15,66.01,3.854,2.706,500.2,4.47,Low
Onion,Ripe,209,27.85,71.95,0.306,3.722,717.0,6.75,Medium
Brinjal,Ripe,73,24.79,58.02,3.323,2.951,661.8,6.52,Low
Onion,Semi-Ripe,90,26.38,68.05,1.065,0.756,375.9,3.62,Low
Mango,Unripe,128,32.41,71.7,1.472,2.615,524.2,7.15,Low
Banana,Semi-Ripe,192,32.86,47.76,2.545,0.395,526.3,5.1,Low
Tomato,Semi-Ripe,35,23.73,65.73,1.823,3.385,472.3,5.44,Low
Banana,Unripe,112,26.83,64.36,0.6,1.738,480.0,4.2,Low
Onion,Semi-Ripe,58,27.36,80.34,1.522,1.155,457.5,2.31,Low
Mango,Ripe,171,23.06,45.87,3.696,3.4,724.7,8.01,Medium
Banana,Semi-Ripe,58,26.78,63.42,0.537,3.115,450.1,2.14,Low
Banana,Ripe,85,27.02,62.22,4.406,2.756,540.9,2.34,Low
Banana,Ripe,83,31.56,79.52,1.31,4.911,300.0,1.24,Low
Onion,Ripe,17,31.83,67.48,0.738,3.198,598.8,4.99,Low
Banana,Unripe,161,25.68,89.55,0.535,1.791,642.1,7.14,Medium
Mango,Unripe,61,26.14,75.95,0.855,3.071,373.8,3.9,Low
Mango,Ripe,118,29.66,63.08,0.254,2.185,438.6,2.15,Low
Mango,Semi-Ripe,167,24.66,70.88,0.748,3.893,554.2,4.49,Medium
Mango,Ripe,189,29.35,63.75,0.832,2.809,502.3,4.22,Medium
Onion,Semi-Ripe,221,26.65,78.31,0.471,2.918,556.0,3.3,Medium
Banana,Unripe,30,23.12,52.01,1.688,0.913,465.5,1.98,Low
Mango,Ripe,151,23.17,58.12,0.858,2.567,723.6,5.22,Medium
Tomato,Ripe,79,32.79,73.47,0.641,2.438,419.6,2.36,Low
Onion,Ripe,185,26.37,82.71,0.796,1.373,823.0,5.25,Medium
Tomato,Unripe,93,33.56,41.58,1.282,2.256,649.0,0.42,Low
Mango,Ripe,3,24.95,84.49,1.053,2.979,599.9,5.56,Low
Brinjal,Ripe,206,28.16,66.32,0.612,2.495,375.1,4.27,Low
Tomato,Semi-Ripe,183,36.57,45.39,1.092,0.947,609.2,6.26,Medium
Mango,Semi-Ripe,79,22.77,31.98,0.965,2.199,572.5,3.79,Low
Onion,Unripe,201,19.41,49.65,0.45,1.985,300.0,5.64,Low
Tomato,Semi-Ripe,98,32.15,67.76,0.817,2.713,331.4,1.64,Low
Mango,Ripe,99,23.69,67.21,1.5,2.594,542.9,2.32,Low
Tomato,Unripe,72,26.92,75.6,1.493,2.047,484.0,2.04,Low
Brinjal,Semi-Ripe,119,24.66,61.41,0.851,2.004,438.0,3.97,Low
Tomato,Unripe,239,28.07,54.7,1.606,2.574,629.5,7.76,Medium
Tomato,Unripe,12,23.2,63.04,0.504,3.559,393.9,3.42,Low
Banana,Unripe,142,26.28,68.4,0.515,2.807,445.4,2.58,Low
Brinjal,Ripe,42,28.8,70.77,0.839,4.065,422.4,3.16,Low
Onion,Unripe,29,22.97,58.53,2.853,3.747,561.2,2.7,Low
Mango,Unripe,13,24.2,78.82,1.121,4.146,300.0,2.02,Low
Banana,Ripe,65,25.61,60.54,0.825,4.005,440.3,3.25,Low
Onion,Ripe,176,21.28,57.56,2.947,4.219,300.0,5.99,Low
Brinjal,Unripe,177,25.31,61.49,0.818,1.232,462.5,3.33,Medium
Onion,Ripe,192,27.48,80.9,4.779,3.212,586.8,4.18,Medium
Tomato,Semi-Ripe,35,25.4,66.41,0.699,3.84,588.9,4.69,Low
Tomato,Unripe,26,25.91,59.67,0.493,4.039,412.7,3.66,Low
Brinjal,Unripe,236,26.92,79.11,0.89,1.652,564.0,7.63,High
Mango,Ripe,222,24.38,93.71,0.84,3.223,477.8,7.75,Medium
Brinjal,Ripe,168,29.76,70.52,0.568,2.583,663.3,2.07,Medium
Brinjal,Semi-Ripe,202,32.74,82.81,6.18,4.532,484.4,5.44,Medium
Banana,Ripe,193,25.14,80.43,1.25,0.974,300.0,3.9,Medium
Onion,Semi-Ripe,138,28.94,60.73,1.384,1.654,607.4,2.0,Medium
Onion,Unripe,114,26.04,68.32,0.724,0.508,444.9,2.45,Low
Mango,Ripe,235,28.46,52.61,0.667,2.659,467.1,4.78,Medium
Tomato,Unripe,162,33.26,65.54,2.05,4.99,540.3,3.91,Medium
Onion,Ripe,212,29.03,60.49,0.309,2.451,329.0,3.95,Low
Onion,Unripe,49,19.91,63.17,0.449,2.611,509.0,3.06,Low
Onion,Semi-Ripe,53,28.82,59.0,0.841,3.105,564.1,7.54,Low
Tomato,Unripe,151,31.93,64.55,2.575,2.372,543.7,1.21,Low
Brinjal,Ripe,229,26.11,74.39,0.769,2.903,428.1,7.29,Medium
Onion,Unripe,149,30.98,66.57,1.338,2.931,619.0,4.25,Medium
Mango,Semi-Ripe,106,24.24,45.63,1.02,1.57,380.3,2.98,Low
Brinjal,Unripe,5,21.06,59.05,2.478,2.397,424.9,0.0,Low
Banana,Ripe,37,27.56,49.77,0.33,3.316,483.7,4.32,Low
Banana,Semi-Ripe,55,19.97,70.93,1.674,3.521,535.5,0.57,Low
Brinjal,Unripe,48,26.04,74.04,0.87,3.928,461.1,4.57,Low
Banana,Unripe,169,32.15,71.08,1.911,2.869,647.4,7.66,Medium
Brinjal,Semi-Ripe,164,19.36,58.55,0.564,2.891,535.4,2.16,Low
Mango,Ripe,91,21.88,70.96,1.017,3.325,509.1,5.7,Low
Mango,Unripe,238,22.87,62.36,0.931,1.846,531.2,5.4,Medium
Brinjal,Semi-Ripe,94,26.75,54.34,0.496,1.801,587.9,0.0,Low
Banana,Ripe,107,25.54,76.9,0.408,2.363,528.9,1.62,Medium
Mango,Ripe,126,32.6,77.82,0.666,1.097,300.0,4.33,Low
Onion,Ripe,138,30.82,79.39,1.095,2.948,630.7,4.88,Medium
Mango,Ripe,46,28.98,60.7,0.589,3.654,514.4,0.21,Low
Banana,Unripe,72,27.58,82.15,0.794,1.719,582.2,3.42,Low
Mango,Unripe,165,28.57,62.08,0.267,2.979,451.3,5.96,Low
Banana,Semi-Ripe,203,23.55,75.84,0.771,1.808,300.0,6.73,Low
Banana,Ripe,102,30.43,61.87,2.047,1.382,300.0,2.98,Low
Mango,Semi-Ripe,27,22.55,65.31,1.638,4.761,386.7,3.61,Low
Brinjal,Unripe,205,30.34,38.95,0.941,1.398,562.1,6.89,Medium
Tomato,Unripe,140,31.74,64.38,1.186,1.093,655.7,5.71,Medium
Brinjal,Semi-Ripe,105,27.84,69.09,0.56,2.736,536.2,5.36,Low
Tomato,Unripe,141,26.3,63.08,3.118,2.795,373.7,4.4,Low
Mango,Ripe,198,28.6,89.07,4.252,3.234,405.9,4.71,Medium
Banana,Ripe,0,15.55,54.05,1.122,4.701,663.3,2.99,Low
Banana,Ripe,86,28.21,61.24,6.132,1.645,342.7,2.16,Low
Brinjal,Unripe,226,26.55,57.14,0.621,1.864,752.2,7.21,Medium
Onion,Unripe,72,26.8,61.23,0.417,4.27,725.1,0.61,Low
Brinjal,Semi-Ripe,234,29.83,80.38,0.609,3.533,756.2,4.4,Medium
Banana,Ripe,67,26.7,85.74,0.858,3.38,545.7,3.24,Medium
Tomato,Ripe,112,22.44,59.59,5.045,1.851,459.0,4.69,Low
Onion,Unripe,16,26.43,59.32,0.821,3.738,542.8,3.88,Low
Mango,Unripe,174,27.27,54.11,0.548,3.384,609.0,7.27,Low
Brinjal,Unripe,57,27.46,83.68,0.533,2.708,421.9,3.32,Low
Onion,Semi-Ripe,204,27.65,81.45,2.221,1.857,367.9,3.66,Medium
Brinjal,Unripe,31,31.16,66.73,2.01,2.617,465.9,2.61,Low
Tomato,Ripe,28,22.66,51.25,0.712,4.313,407.3,2.26,Low
Mango,Semi-Ripe,113,27.7,52.32,0.269,1.297,648.9,4.79,Low
Onion,Ripe,20,32.16,70.05,0.454,1.62,426.0,0.82,Low
Brinjal,Unripe,79,20.06,74.59,3.336,1.809,511.5,3.13,Low
Brinjal,Unripe,166,27.72,43.21,1.62,2.048,618.0,7.41,Low
Banana,Unripe,121,24.66,64.14,1.047,2.483,653.6,4.28,Low
Onion,Unripe,134,25.52,87.42,3.699,3.554,525.0,2.21,Low
Brinjal,Ripe,21,23.38,65.39,3.939,3.008,546.1,2.14,Low
Brinjal,Ripe,163,26.32,85.88,0.975,2.567,378.0,0.44,Medium
Onion,Ripe,21,34.37,75.79,0.988,2.805,622.8,2.65,Low
Onion,Unripe,137,21.94,54.99,0.665,3.186,651.6,7.11,Medium
Onion,Unripe,190,22.32,64.49,0.819,0.65,300.0,2.64,Low
Brinjal,Semi-Ripe,175,21.79,66.46,0.353,3.679,711.6,1.98,Medium
Mango,Ripe,85,33.91,56.57,0.352,1.591,415.9,2.34,Low
Mango,Unripe,37,25.15,56.36,0.299,2.012,571.4,4.6,Low
Tomato,Unripe,200,26.9,86.08,2.136,2.874,509.3,7.97,Medium
Onion,Ripe,51,25.39,56.27,0.335,2.417,492.8,3.92,Low
Mango,Semi-Ripe,119,23.22,80.94,3.916,3.036,475.2,1.61,Medium
Mango,Semi-Ripe,57,26.06,62.76,0.6,2.656,380.9,3.14,Low
Brinjal,Semi-Ripe,7,36.83,67.69,3.374,2.182,562.9,5.8,Low
Banana,Semi-Ripe,100,32.57,74.74,0.774,4.182,465.7,3.14,Low
Mango,Semi-Ripe,132,23.59,60.82,0.334,3.279,342.9,4.34,Low
Mango,Ripe,183,29.59,74.81,2.456,2.832,375.8,5.13,Medium
Banana,Ripe,174,23.67,43.44,2.668,3.262,344.9,1.81,Low
Brinjal,Unripe,200,19.89,73.28,0.53,1.724,437.0,6.7,Low
Tomato,Unripe,196,31.08,38.38,0.793,4.892,558.2,6.39,Medium
Brinjal,Semi-Ripe,96,31.64,65.28,0.53,1.304,414.7,0.06,Low
Tomato,Ripe,82,31.18,78.25,0.919,2.624,617.1,1.09,Low
Onion,Ripe,145,25.12,75.47,1.078,2.185,485.7,2.49,Medium
Tomato,Ripe,115,26.33,52.42,0.782,2.143,465.3,5.23,Medium
Mango,Semi-Ripe,71,30.0,53.96,0.28,2.0,502.0,2.0,Low
Mango,Unripe,7,28.57,59.74,0.666,1.651,667.4,3.31,Low
Onion,Unripe,114,25.43,70.23,1.636,3.807,335.4,3.54,Low
Mango,Ripe,113,20.52,43.62,0.864,1.175,698.8,3.98,Low
Onion,Ripe,226,27.46,67.84,0.795,3.582,615.2,6.1,High
Mango,Semi-Ripe,195,31.32,71.74,0.521,3.213,497.4,5.33,Medium
Mango,Unripe,64,22.21,64.6,0.652,2.081,642.0,3.23,Low
Banana,Ripe,26,29.56,74.3,2.681,3.086,461.3,3.4,Low
Tomato,Semi-Ripe,189,28.33,70.68,0.45,2.326,534.3,5.16,Low
Tomato,Semi-Ripe,117,30.0,61.5,1.656,1.289,435.0,3.53,Low
Mango,Unripe,10,30.49,44.77,1.033,1.301,616.0,1.84,Low
Brinjal,Semi-Ripe,181,24.22,69.6,1.187,3.221,415.1,8.06,Medium
Tomato,Ripe,83,20.53,56.56,0.599,3.164,493.8,2.7,Low
Onion,Ripe,41,24.87,61.06,0.782,2.766,581.5,5.45,Low
Brinjal,Unripe,158,30.56,73.75,0.996,2.069,625.8,3.16,Low
Mango,Ripe,189,24.83,85.01,0.695,2.291,401.5,6.23,Low
Tomato,Unripe,187,24.22,67.54,1.261,2.142,590.4,7.95,Medium
Banana,Ripe,66,19.71,74.65,1.377,0.578,382.2,2.68,Low
Banana,Semi-Ripe,142,34.01,50.67,4.576,2.567,300.0,3.0,Low
Tomato,Ripe,112,30.3,70.95,1.215,3.075,410.2,3.07,Low
Brinjal,Unripe,209,30.08,67.28,0.262,2.574,600.2,4.97,Medium
Onion,Unripe,45,30.87,82.75,2.257,4.446,498.5,3.62,Low
Banana,Ripe,197,29.31,61.51,0.867,1.395,435.8,4.79,Medium
Banana,Unripe,83,26.02,65.1,4.089,1.773,506.7,2.74,Low
Onion,Semi-Ripe,148,26.34,80.71,2.8,2.646,502.7,7.79,Medium
Mango,Unripe,121,25.29,66.9,0.702,2.768,574.6,3.59,Low
Mango,Semi-Ripe,83,37.54,54.69,1.658,0.409,306.6,2.38,Low
Onion,Unripe,55,29.22,95.0,0.66,3.163,487.7,4.65,Low
Banana,Unripe,87,25.14,55.06,1.002,2.773,514.9,5.07,Medium
Onion,Ripe,146,28.86,67.22,1.605,0.169,336.2,6.79,Low
Onion,Ripe,148,22.96,72.16,2.18,2.372,334.5,7.75,Low
Onion,Semi-Ripe,150,33.02,71.21,1.871,1.611,456.2,4.92,Low
Mango,Semi-Ripe,158,24.36,65.72,1.054,2.001,501.0,3.88,Low
Brinjal,Ripe,12,29.0,65.78,5.688,1.028,501.4,0.0,Low
Banana,Semi-Ripe,95,31.26,65.18,0.775,2.958,433.2,1.95,Low
Brinjal,Unripe,75,28.54,54.61,0.325,4.438,428.3,3.78,Low
Onion,Unripe,95,27.38,93.8,0.371,2.792,452.6,1.51,Medium
Brinjal,Semi-Ripe,92,27.04,65.36,2.806,0.125,535.8,0.75,Low
Banana,Ripe,42,26.77,75.16,0.948,2.814,649.4,3.12,Low
Onion,Semi-Ripe,232,24.69,63.98,1.118,2.286,300.0,6.68,Medium
Onion,Semi-Ripe,0,25.2,63.74,0.684,1.289,574.8,2.06,Low
Mango,Ripe,143,32.92,62.53,0.728,2.889,486.7,5.83,Low
Onion,Unripe,111,26.57,49.4,0.576,3.468,563.1,4.94,Low
Banana,Semi-Ripe,169,23.86,66.07,1.391,1.765,642.3,6.6,Low
Mango,Unripe,200,24.93,63.12,0.934,0.692,409.4,8.81,Medium
Mango,Semi-Ripe,156,31.4,82.06,1.356,0.287,613.3,9.08,Medium
Brinjal,Semi-Ripe,184,29.7,53.64,1.268,1.768,349.5,6.03,Medium
Mango,Ripe,66,29.24,61.07,0.742,2.329,515.3,2.46,Low
Brinjal,Unripe,239,25.97,57.22,0.36,1.932,470.9,5.48,Medium
Banana,Ripe,21,29.29,85.31,0.339,1.748,505.6,5.58,Low
Onion,Semi-Ripe,161,24.43,57.57,8.32,3.125,381.3,2.82,Medium
Tomato,Semi-Ripe,35,25.96,74.75,2.814,3.009,552.4,5.53,Low
Banana,Unripe,56,30.88,79.64,2.555,2.72,690.4,2.87,Low
Mango,Unripe,198,30.5,66.25,0.624,3.398,383.4,5.28,Medium
Brinjal,Semi-Ripe,163,23.07,51.48,1.007,1.778,522.8,3.0,Low
Onion,Unripe,152,23.58,51.63,0.565,1.296,602.7,1.94,Low
Mango,Ripe,199,27.43,78.32,0.399,1.925,464.4,4.39,Low
Onion,Ripe,67,33.9,52.87,0.662,1.85,663.2,5.65,Low
Brinjal,Semi-Ripe,154,19.34,72.7,2.53,0.244,448.4,3.08,Low
Tomato,Ripe,48,28.11,69.37,1.801,1.9,486.0,5.98,Low
Brinjal,Unripe,116,21.5,72.53,0.507,3.715,380.8,2.86,Low
Banana,Ripe,97,24.46,73.66,0.802,3.381,515.2,1.74,Low
Onion,Semi-Ripe,149,25.54,56.8,1.689,3.078,500.4,4.74,Medium
Banana,Ripe,15,25.32,56.29,0.671,2.645,576.3,3.9,Low
Mango,Ripe,6,24.86,76.58,1.057,4.094,423.7,2.91,Low
Tomato,Unripe,7,27.03,60.45,1.325,1.334,418.2,2.86,Low
Tomato,Ripe,63,24.86,35.0,1.315,1.439,555.5,6.14,Low
Brinjal,Ripe,138,21.15,75.79,1.195,3.737,667.7,4.33,Medium
Onion,Ripe,38,30.12,55.56,0.633,2.53,575.5,2.11,Low
Brinjal,Unripe,238,30.01,73.61,0.68,1.762,721.7,3.32,Medium
Brinjal,Ripe,99,30.37,84.71,0.452,3.107,566.6,5.98,Low
Tomato,Unripe,73,20.84,68.2,0.335,2.018,562.3,2.61,Low
Tomato,Unripe,215,28.2,79.95,0.923,1.579,581.5,4.49,Medium
Banana,Semi-Ripe,42,29.7,69.85,1.771,1.548,678.6,4.9,Low
Banana,Unripe,45,22.88,87.05,0.381,2.854,648.5,6.74,Low
Banana,Semi-Ripe,91,27.04,55.25,1.211,2.726,369.8,4.04,Low
Onion,Unripe,17,26.53,67.9,1.732,4.168,596.1,2.46,Low
Mango,Ripe,164,34.37,76.08,0.276,2.181,531.8,4.46,Medium
Onion,Unripe,187,34.7,65.72,0.827,2.162,476.7,3.92,Medium
Mango,Ripe,85,20.34,81.83,3.166,4.084,300.0,2.88,Low
Mango,Ripe,209,36.98,62.82,1.472,3.584,315.2,4.38,Medium
Mango,Unripe,1,23.34,92.83,0.27,2.659,456.3,4.15,Low
Brinjal,Unripe,128,30.92,93.47,1.585,0.783,324.2,3.88,Low
Mango,Ripe,175,30.88,71.38,0.592,1.607,458.7,7.05,Medium
Banana,Semi-Ripe,90,23.02,74.63,1.622,1.34,585.7,3.37,Low
Tomato,Semi-Ripe,228,28.97,82.3,0.617,2.54,430.3,4.58,Medium
Mango,Unripe,103,26.57,53.75,0.964,1.941,510.0,6.04,Low
Tomato,Semi-Ripe,221,29.22,52.26,0.686,4.263,371.6,5.19,Medium
Brinjal,Ripe,158,27.92,83.08,1.002,0.771,535.9,4.17,Medium
Onion,Ripe,55,31.79,71.29,0.672,1.223,561.0,3.22,Low
Mango,Ripe,200,27.3,65.28,0.855,2.769,329.2,7.54,Medium
Onion,Unripe,7,26.33,68.13,0.439,3.074,409.8,3.13,Low
Banana,Ripe,45,31.38,39.37,1.41,0.1,347.9,5.29,Low
Onion,Semi-Ripe,187,29.32,65.71,1.131,0.591,561.1,4.32,Medium
Mango,Semi-Ripe,217,29.93,58.96,0.323,2.21,519.7,7.06,Medium
Onion,Unripe,93,24.34,79.02,2.004,3.992,494.0,4.04,Low
Tomato,Ripe,158,22.82,79.94,0.884,4.577,484.6,5.98,Low
Mango,Unripe,168,24.73,74.92,1.12,2.044,538.7,6.26,Medium
Mango,Ripe,177,24.52,72.75,1.708,2.312,541.1,2.93,Medium
Tomato,Ripe,218,30.14,50.03,1.258,1.579,440.5,5.25,Medium
Onion,Semi-Ripe,20,30.9,75.09,2.261,3.197,423.7,4.46,Low
Mango,Unripe,46,26.38,75.55,0.814,4.181,492.9,5.06,Low
Banana,Semi-Ripe,221,32.72,82.94,2.063,3.882,477.2,7.41,Medium
Tomato,Unripe,131,32.47,93.42,1.09,2.468,747.3,4.26,Medium
Brinjal,Semi-Ripe,127,27.97,47.69,1.427,1.578,453.9,6.8,Medium
Tomato,Unripe,97,23.71,63.34,1.326,2.509,534.8,2.48,Low
Mango,Ripe,87,33.3,59.09,2.383,4.019,555.9,0.85,Low
Onion,Semi-Ripe,59,26.76,70.07,1.657,2.059,668.1,2.71,Low
Onion,Ripe,96,27.5,68.16,0.733,0.503,402.7,5.8,Low
Tomato,Ripe,17,25.64,65.19,0.638,2.104,660.8,0.75,Low
Brinjal,Unripe,70,23.44,80.33,0.966,2.193,482.3,0.69,Low
Brinjal,Ripe,239,21.13,54.78,0.587,0.497,800.2,2.27,Medium
Onion,Unripe,39,29.53,55.51,0.479,2.755,543.5,4.29,Low
Mango,Unripe,176,23.87,55.71,0.225,3.057,352.5,2.01,Low
Mango,Unripe,8,39.24,63.68,0.338,4.546,476.3,3.58,Low
Mango,Ripe,176,22.66,53.26,4.014,1.034,660.4,4.02,Medium
Banana,Ripe,63,21.97,67.42,0.632,3.304,509.8,1.87,Low
Brinjal,Ripe,169,29.04,66.01,3.79,3.564,492.8,2.73,Medium
Tomato,Semi-Ripe,119,33.12,58.56,1.326,3.072,586.3,4.3,Low
Tomato,Unripe,186,27.26,78.49,0.966,1.393,458.6,3.37,Medium
Tomato,Ripe,160,29.29,67.29,0.35,1.329,474.7,4.41,Medium
Mango,Semi-Ripe,134,19.63,80.75,1.003,2.607,386.6,4.83,Low
Banana,Semi-Ripe,176,24.29,65.66,3.76,2.599,707.5,5.71,Medium
Mango,Semi-Ripe,232,22.71,67.71,2.975,1.885,353.3,6.97,Medium
Onion,Unripe,143,19.42,61.25,1.212,3.921,520.3,4.51,Medium
Brinjal,Unripe,41,27.47,67.92,0.448,2.059,557.6,1.1,Low
Tomato,Semi-Ripe,27,18.03,76.55,0.512,0.417,498.4,3.66,Low
Onion,Semi-Ripe,131,21.71,63.06,0.551,2.254,349.5,5.25,Low
Brinjal,Unripe,104,24.85,74.22,2.447,3.028,380.1,3.42,Low
Onion,Semi-Ripe,146,23.67,58.25,3.134,2.876,562.7,3.73,Low
Brinjal,Semi-Ripe,160,28.59,77.11,1.147,2.868,406.4,8.88,Medium
Brinjal,Semi-Ripe,45,28.22,61.04,0.809,4.143,300.0,0.71,Low
Banana,Semi-Ripe,179,30.58,78.22,2.957,1.274,546.4,5.54,Medium
Brinjal,Unripe,238,30.01,68.73,0.504,2.034,395.3,7.24,Medium
Brinjal,Semi-Ripe,78,31.56,86.25,1.037,4.2,575.7,2.82,Medium
Onion,Ripe,223,26.99,54.15,1.383,0.336,475.8,4.87,Low
Banana,Semi-Ripe,223,28.21,50.29,0.547,2.441,470.0,4.45,Medium
Brinjal,Semi-Ripe,100,29.05,60.61,0.641,3.852,506.3,3.7,Low
Onion,Semi-Ripe,191,27.57,51.38,0.607,3.835,363.4,6.41,Low
Brinjal,Unripe,224,25.41,51.41,2.696,3.226,400.9,4.83,Medium
Brinjal,Ripe,205,25.67,75.46,3.819,3.254,468.8,10.56,Medium
Tomato,Ripe,93,23.73,67.95,1.084,1.355,362.7,2.8,Low
Onion,Unripe,160,28.69,62.24,0.829,4.01,585.7,6.9,Low
Onion,Semi-Ripe,142,26.62,63.36,0.657,1.18,463.1,5.18,Low
Mango,Ripe,99,24.35,60.83,1.001,1.246,326.1,3.88,Low
Onion,Semi-Ripe,154,24.35,87.8,0.68,2.927,432.9,7.0,Medium
Onion,Semi-Ripe,225,22.16,59.17,0.934,1.958,512.1,2.32,Medium
Mango,Ripe,6,30.92,52.13,1.335,2.727,446.5,3.34,Low
Onion,Semi-Ripe,217,27.31,77.55,0.753,2.974,548.0,3.81,Medium
Banana,Ripe,88,23.55,65.41,0.876,4.456,568.9,2.77,Low
Tomato,Unripe,199,30.23,92.47,0.878,2.977,788.2,4.02,Medium
Tomato,Semi-Ripe,25,24.76,61.69,0.801,1.82,638.1,1.07,Low
Banana,Unripe,214,21.37,78.15,0.734,3.244,303.6,2.09,Medium
Banana,Unripe,107,31.08,80.99,1.705,1.585,456.8,4.48,Low
Onion,Ripe,220,24.85,61.74,0.29,3.504,468.0,5.02,Medium
Banana,Ripe,103,25.36,59.08,3.01,2.571,569.0,3.19,Low
Mango,Ripe,179,27.16,76.9,1.1,2.941,388.0,6.01,Medium
Mango,Ripe,143,31.57,74.9,1.533,0.541,436.2,5.03,Low
Banana,Semi-Ripe,48,27.08,51.07,1.661,0.1,350.7,2.6,Low
Mango,Semi-Ripe,60,22.2,54.46,0.609,0.848,427.7,8.71,Low
Brinjal,Unripe,129,29.18,37.56,0.527,4.42,432.2,5.88,Low
Tomato,Ripe,117,25.06,75.14,0.485,1.237,462.4,8.3,Low
Onion,Ripe,148,34.55,64.86,0.841,3.306,357.6,3.53,Low
Mango,Unripe,194,27.0,66.05,1.631,1.794,617.8,5.28,Medium
Tomato,Ripe,186,18.06,47.7,0.665,2.236,556.7,2.5,Low
Onion,Unripe,14,28.43,54.82,1.53,2.451,326.1,2.07,Low
Mango,Ripe,119,34.78,62.26,0.191,4.308,503.1,2.88,Low
Brinjal,Unripe,35,33.3,59.93,0.763,3.143,312.2,8.31,Low
Mango,Unripe,123,34.32,69.41,2.264,2.924,661.1,2.73,Low
Onion,Semi-Ripe,129,22.92,75.0,0.887,3.926,693.7,3.63,Low
Tomato,Semi-Ripe,239,30.65,95.0,0.56,1.803,493.3,2.75,Medium
Banana,Unripe,93,24.11,67.76,0.631,3.675,397.7,4.58,Low
Tomato,Ripe,108,27.9,81.38,0.12,3.491,420.3,2.18,Low
Banana,Ripe,123,21.91,58.04,0.492,3.479,445.6,5.63,Low
Brinjal,Unripe,31,24.42,47.9,2.096,2.329,487.2,0.0,Low
Banana,Semi-Ripe,14,24.3,63.77,0.665,2.019,664.5,2.45,Low
Onion,Unripe,171,30.59,48.83,0.722,1.543,614.7,1.23,Medium
Brinjal,Ripe,72,30.2,68.18,0.195,1.612,616.5,2.48,Low
Onion,Ripe,87,28.11,58.63,0.319,1.491,520.5,3.03,Low
Onion,Ripe,239,21.6,44.55,2.3,2.904,361.6,4.29,Low
Onion,Semi-Ripe,59,25.75,88.83,1.54,2.249,407.6,2.31,Low
Banana,Unripe,217,24.02,61.55,0.403,2.975,507.3,6.85,Medium
Onion,Unripe,151,30.48,48.35,0.643,3.037,355.9,8.23,Low
Brinjal,Ripe,63,31.71,78.78,0.98,1.334,536.5,3.87,Low
Tomato,Semi-Ripe,230,31.23,59.26,0.433,1.301,596.6,3.71,Medium
Tomato,Semi-Ripe,149,23.98,81.08,0.246,2.248,565.4,4.4,Low
Mango,Ripe,75,16.04,59.2,0.895,1.647,560.6,2.76,Low
Banana,Semi-Ripe,108,19.93,61.51,1.493,1.532,300.0,5.4,Low
Tomato,Ripe,89,32.69,72.14,1.513,4.365,660.0,4.09,Medium
Banana,Ripe,203,25.39,75.12,1.845,0.813,311.9,2.1,Low
Brinjal,Unripe,112,24.0,77.22,0.337,4.725,481.7,5.82,Low
Brinjal,Ripe,8,33.57,66.92,1.041,2.818,574.2,4.34,Low
Onion,Ripe,165,32.06,74.34,0.829,3.585,543.0,7.17,Medium
Mango,Ripe,182,27.1,76.95,0.941,3.455,346.7,3.75,Low
Tomato,Semi-Ripe,95,25.83,70.41,0.862,3.179,368.2,4.18,Low
Onion,Ripe,222,26.47,66.29,0.63,4.328,534.4,3.03,Medium
Banana,Unripe,102,27.91,50.66,0.121,1.309,561.3,3.63,Low
Brinjal,Unripe,63,33.4,75.19,2.255,2.328,367.1,3.97,Low
Banana,Unripe,168,28.69,68.51,1.26,1.562,547.1,3.37,Medium
Banana,Unripe,30,29.9,63.04,0.354,0.634,318.2,3.48,Low
Tomato,Ripe,237,31.68,83.33,1.393,1.773,574.9,5.65,Medium
Banana,Unripe,164,22.32,50.87,0.731,4.56,393.9,3.66,Low
Onion,Unripe,76,30.02,87.73,0.746,2.309,509.7,5.93,Low
Tomato,Ripe,19,25.82,67.73,0.584,4.682,489.5,2.31,Low
Mango,Unripe,141,16.94,71.81,1.456,4.794,639.3,4.43,Medium
Onion,Semi-Ripe,141,18.49,63.26,0.571,5.795,529.1,1.55,Low
Banana,Ripe,191,22.93,48.0,0.464,4.596,428.1,5.73,Low
Tomato,Semi-Ripe,68,29.12,66.32,2.208,5.094,543.2,2.46,Medium
Onion,Ripe,51,27.46,72.02,0.882,2.858,757.1,4.83,Low
Tomato,Unripe,99,27.74,76.11,0.902,2.751,588.8,1.33,Low
Mango,Unripe,197,34.8,65.62,1.624,2.824,492.9,5.64,Medium
Banana,Semi-Ripe,218,21.92,41.69,0.627,2.5,400.0,1.19,Medium
Mango,Ripe,85,26.89,49.5,0.721,2.665,426.0,4.63,Low
Banana,Semi-Ripe,11,28.22,92.62,1.239,3.327,581.6,2.32,Low
Brinjal,Ripe,26,24.05,54.89,0.34,1.988,393.7,3.53,Low
Banana,Ripe,131,27.11,85.12,1.167,0.985,500.3,2.99,Medium
Banana,Ripe,6,20.6,56.79,0.589,2.9,672.5,0.86,Low
Brinjal,Semi-Ripe,174,32.64,65.81,1.82,1.738,518.0,3.81,Medium
Brinjal,Ripe,7,24.27,75.5,1.466,1.852,370.5,2.93,Low
Brinjal,Ripe,102,35.13,58.16,1.337,2.343,761.3,4.76,Medium
Banana,Unripe,192,26.87,87.11,0.325,2.091,711.5,5.35,Medium
Banana,Unripe,112,31.11,68.91,0.93,3.721,560.1,2.16,Low
Mango,Ripe,162,26.79,73.53,0.439,2.317,653.1,7.75,Medium
Banana,Unripe,80,26.88,64.79,0.975,3.776,468.0,4.06,Low
Tomato,Semi-Ripe,191,24.66,75.9,0.198,2.727,586.9,3.67,Medium
Tomato,Ripe,102,27.48,86.95,0.34,2.403,449.2,4.49,Medium
Onion,Semi-Ripe,181,28.27,66.42,2.299,2.674,337.4,5.13,Low
Onion,Unripe,229,23.86,88.76,1.295,1.079,811.0,4.93,Medium
Mango,Unripe,91,26.5,60.66,0.781,2.872,331.2,3.06,Low
Banana,Semi-Ripe,55,24.56,77.17,0.529,3.434,535.7,4.93,Low
Onion,Semi-Ripe,224,36.2,73.87,0.468,3.59,534.3,8.3,Medium
Banana,Ripe,164,26.64,55.18,1.15,1.013,561.9,0.8,Low
Tomato,Unripe,211,33.18,70.57,0.786,0.829,489.2,7.25,Medium
Banana,Semi-Ripe,91,26.22,68.09,2.953,1.909,490.5,3.63,Low
Onion,Semi-Ripe,83,28.04,57.76,0.879,4.023,516.6,3.92,Low
Mango,Ripe,29,21.71,72.3,1.042,2.743,557.6,5.28,Low
Onion,Unripe,186,25.21,69.76,0.378,1.648,499.8,0.0,Low
Brinjal,Ripe,203,27.84,67.13,0.777,0.902,491.8,6.4,Medium
Tomato,Ripe,197,33.34,67.18,1.132,1.748,341.5,7.17,Medium
Onion,Semi-Ripe,70,27.89,66.92,0.77,1.673,741.6,2.1,Low
Brinjal,Unripe,117,32.53,63.59,0.712,3.529,564.3,1.39,Low
Mango,Unripe,118,29.56,69.68,1.257,3.614,525.1,6.87,Medium
Brinjal,Semi-Ripe,29,33.51,60.27,2.887,1.345,425.1,0.0,Low
Onion,Semi-Ripe,0,26.76,95.0,1.107,3.328,379.6,3.25,Low
Brinjal,Semi-Ripe,80,36.56,51.09,2.228,3.216,603.2,5.3,Low
Onion,Ripe,122,25.06,60.98,1.545,1.202,480.8,4.68,Low
Onion,Semi-Ripe,238,23.93,61.93,2.136,2.408,574.5,6.37,Medium
Mango,Unripe,210,22.16,92.49,0.653,2.875,337.7,4.54,Medium
Tomato,Ripe,172,36.32,52.16,0.865,2.68,685.6,5.4,Medium
Onion,Ripe,232,30.28,73.11,0.868,0.618,608.2,4.01,Medium
Onion,Semi-Ripe,186,25.66,70.98,1.466,2.644,490.3,3.69,Medium
Mango,Semi-Ripe,126,32.0,72.0,1.741,3.2,556.1,4.08,Low
Banana,Ripe,219,29.75,82.84,1.091,4.238,588.9,2.36,Medium
Banana,Unripe,221,34.86,82.59,1.847,1.764,339.6,6.19,Medium
Mango,Semi-Ripe,48,20.81,62.59,0.674,1.9,701.3,0.0,Low
Banana,Unripe,68,25.94,70.33,1.858,2.27,558.0,3.97,Low
Banana,Ripe,233,25.15,45.63,2.036,2.82,415.5,6.12,Medium
Onion,Semi-Ripe,1,19.11,69.19,1.607,2.607,368.4,1.08,Low
Mango,Ripe,124,31.24,58.47,1.098,3.165,618.5,1.77,Low
Tomato,Unripe,92,25.92,65.76,1.648,1.262,525.3,2.87,Low
Banana,Semi-Ripe,179,29.96,47.78,0.535,2.937,557.9,5.8,Medium
Tomato,Unripe,230,36.44,72.86,1.149,1.684,503.2,5.88,High
Tomato,Ripe,76,25.59,47.64,1.234,2.342,379.7,1.41,Low
Brinjal,Semi-Ripe,53,25.32,69.78,0.394,4.379,561.0,3.33,Low
Onion,Unripe,79,27.47,53.28,1.394,0.962,476.3,3.92,Low
Tomato,Semi-Ripe,172,30.95,57.8,0.417,2.193,497.4,4.96,Low
Mango,Ripe,86,24.73,81.86,0.741,1.098,785.2,1.76,Low
Tomato,Unripe,154,24.48,75.06,1.028,2.668,604.3,4.63,Medium
Banana,Semi-Ripe,83,31.23,81.79,0.6,3.653,611.2,5.15,Medium
Banana,Semi-Ripe,178,28.51,86.72,1.059,2.687,826.5,5.6,Medium
Onion,Unripe,15,18.82,58.73,1.048,2.372,546.1,3.42,Low
Onion,Unripe,82,22.1,85.99,0.563,3.961,514.4,6.44,Low
Onion,Semi-Ripe,74,33.0,50.41,1.488,2.864,418.5,3.69,Low
Banana,Ripe,144,28.61,76.95,0.586,3.402,445.7,2.71,Low
Brinjal,Unripe,156,23.95,62.08,4.961,3.287,300.0,2.86,Low
Mango,Semi-Ripe,175,26.32,56.84,0.926,0.1,594.9,4.92,Medium
Tomato,Ripe,217,27.05,75.37,0.44,2.416,348.0,2.52,Low
Onion,Ripe,191,29.94,79.34,0.502,1.314,608.3,4.23,Medium
Onion,Ripe,10,21.57,78.98,2.233,1.588,494.8,3.46,Low
Tomato,Ripe,163,23.64,70.58,0.751,4.122,515.4,6.56,Medium
Tomato,Semi-Ripe,4,28.09,69.58,0.385,2.088,494.9,0.0,Low
Onion,Unripe,99,26.6,74.32,1.818,4.582,666.3,3.87,Medium
Banana,Unripe,142,29.29,71.65,0.748,0.952,645.1,4.08,Low
Brinjal,Semi-Ripe,76,22.08,74.5,1.58,1.308,496.5,3.48,Low
Onion,Ripe,168,28.43,70.45,1.925,3.339,392.1,4.77,Low
Banana,Unripe,191,31.37,78.11,1.212,2.124,610.9,4.73,Medium
Tomato,Ripe,146,28.95,48.47,5.35,2.838,383.1,6.76,Medium
Brinjal,Semi-Ripe,126,27.56,66.42,0.299,2.376,313.4,6.25,Medium
Tomato,Ripe,234,26.62,51.39,0.564,2.343,559.8,9.17,Medium
Brinjal,Unripe,157,23.66,71.32,0.836,2.165,646.2,4.36,Medium
Banana,Semi-Ripe,55,26.71,87.7,4.869,2.697,451.4,2.42,Low
Banana,Semi-Ripe,158,32.04,62.31,3.52,3.206,548.5,2.65,Medium
Banana,Semi-Ripe,115,26.52,69.53,2.465,4.276,450.1,2.95,Low
Onion,Ripe,5,23.44,77.08,0.574,2.277,586.6,3.85,Low
Mango,Semi-Ripe,220,25.03,43.19,0.622,2.067,631.4,6.7,Medium
Onion,Ripe,191,27.8,61.73,0.56,1.925,468.5,6.01,Medium
Onion,Ripe,148,25.51,72.37,0.578,4.117,376.7,3.08,Low
Onion,Semi-Ripe,162,28.94,33.24,2.843,3.259,325.2,3.26,Low
Onion,Unripe,139,29.09,56.28,0.843,0.411,611.1,7.69,Low
Brinjal,Unripe,82,30.56,81.21,0.925,0.363,363.6,1.99,Low
Onion,Unripe,224,32.69,80.04,1.72,1.587,544.6,7.74,Medium
Brinjal,Semi-Ripe,133,30.98,72.49,0.312,2.753,593.3,4.82,Low
Tomato,Unripe,81,23.26,78.59,1.038,2.463,439.8,2.15,Low
Tomato,Ripe,165,23.39,70.58,0.464,3.066,480.1,2.35,Low
Brinjal,Semi-Ripe,37,26.7,74.66,0.814,2.307,619.9,1.7,Low
Banana,Unripe,77,25.2,64.21,0.663,4.037,403.0,4.18,Low
Onion,Semi-Ripe,31,22.45,69.39,0.64,3.349,390.8,1.23,Low
Banana,Unripe,20,25.23,60.41,1.171,2.585,471.9,5.54,Low
Mango,Ripe,198,25.1,83.16,1.167,3.76,653.3,4.5,Medium
Onion,Semi-Ripe,105,24.31,86.26,0.857,0.686,693.3,5.02,Medium
Banana,Ripe,206,25.74,84.56,1.296,2.406,488.1,6.09,Medium
Onion,Ripe,153,31.71,63.1,0.544,2.651,414.5,7.26,Low
Tomato,Unripe,56,27.8,56.55,1.611,3.162,627.7,2.38,Low
Tomato,Ripe,50,36.89,83.32,0.866,0.613,300.0,3.29,Low
Tomato,Unripe,110,27.68,74.53,0.713,2.214,529.7,1.3,Low
Onion,Ripe,22,25.84,71.94,0.573,2.941,494.7,2.95,Low
Tomato,Semi-Ripe,140,27.02,60.4,0.845,3.025,655.3,6.23,Low
Brinjal,Semi-Ripe,110,28.03,73.11,3.704,3.805,667.4,4.22,Medium
Brinjal,Ripe,33,28.74,54.98,0.957,3.338,386.9,7.06,Low
Onion,Unripe,126,35.31,75.61,0.449,2.433,520.1,4.95,Low
Brinjal,Ripe,204,23.62,84.55,1.903,3.242,431.5,3.98,Medium
Tomato,Unripe,218,30.44,87.57,0.719,2.279,464.8,5.94,Medium
Tomato,Unripe,100,27.83,76.5,1.22,2.661,574.1,1.07,Low
Tomato,Semi-Ripe,17,20.72,51.42,0.654,3.374,459.8,1.27,Low
Banana,Unripe,208,30.08,70.37,2.451,2.45,523.3,2.81,Medium
Banana,Ripe,132,32.07,93.68,0.661,2.898,614.9,4.11,Medium
Tomato,Ripe,183,23.57,57.58,2.66,3.557,681.8,4.59,Low
Tomato,Semi-Ripe,10,26.96,67.29,0.48,3.283,534.6,4.79,Low
Mango,Semi-Ripe,71,20.1,84.96,0.815,3.857,514.1,3.17,Low
Banana,Semi-Ripe,68,21.96,75.41,2.664,5.061,367.1,1.51,Low
Onion,Semi-Ripe,172,31.19,95.0,1.125,3.273,690.3,7.37,Medium
Onion,Semi-Ripe,164,25.13,59.21,4.904,1.993,559.5,0.0,Medium
Banana,Unripe,178,22.56,56.12,0.828,3.063,516.3,4.71,Medium
Mango,Ripe,95,27.92,82.69,1.197,3.016,510.2,4.03,Low
Brinjal,Unripe,75,24.91,53.65,3.795,3.175,543.3,3.38,Low
Onion,Unripe,45,25.12,65.64,0.347,4.145,592.6,3.94,Low
Mango,Unripe,61,29.96,67.21,0.318,0.647,607.5,3.43,Low
Banana,Semi-Ripe,39,22.35,80.43,0.573,4.165,693.3,3.87,Low
Tomato,Ripe,198,23.38,75.37,1.767,4.535,529.1,3.79,Medium
Tomato,Semi-Ripe,163,27.62,73.48,0.324,3.125,710.5,1.83,Medium
Onion,Ripe,163,30.88,63.17,1.519,3.151,626.9,4.37,Low
Mango,Semi-Ripe,213,31.95,82.58,1.446,2.234,492.8,3.21,Medium
Tomato,Semi-Ripe,178,24.34,95.0,4.096,2.507,300.0,3.32,Medium
Mango,Ripe,77,30.75,76.3,2.079,3.268,510.3,5.51,Low
Mango,Semi-Ripe,75,23.86,69.2,1.29,3.197,687.0,6.2,Medium
Mango,Unripe,30,34.3,52.43,2.589,3.293,407.0,4.92,Low
Brinjal,Unripe,174,22.46,60.35,1.458,3.189,509.9,6.31,Low
Banana,Ripe,210,32.31,65.44,0.725,3.488,519.8,5.13,Medium
Banana,Unripe,172,24.37,61.58,0.449,3.365,613.1,6.39,Low
Onion,Unripe,113,35.05,67.81,0.671,1.373,453.5,4.5,Medium
Onion,Unripe,80,29.37,89.34,0.972,3.415,395.7,6.97,Low
Mango,Ripe,105,22.94,82.97,1.13,4.544,568.4,2.11,Medium
Onion,Unripe,65,24.91,66.09,0.224,2.471,410.8,4.49,Low
Brinjal,Unripe,39,30.12,53.5,0.858,4.149,300.0,0.69,Low
Tomato,Ripe,103,31.21,84.05,1.02,1.491,720.8,4.96,Medium
Mango,Unripe,57,26.72,67.41,1.467,2.467,611.2,0.09,Low
Mango,Unripe,178,27.18,47.28,3.123,1.795,726.0,2.45,Medium
Brinjal,Ripe,218,30.03,76.55,1.139,4.017,604.9,2.81,Medium
Brinjal,Unripe,46,27.53,80.31,0.529,4.305,581.6,3.51,Low
Brinjal,Unripe,1,21.83,38.89,0.28,2.391,544.3,3.15,Low
Tomato,Ripe,210,23.75,58.11,1.618,3.788,477.7,9.43,Medium
Banana,Unripe,70,27.94,66.67,0.544,4.316,561.5,3.18,Low
Banana,Semi-Ripe,61,31.86,76.81,1.835,2.464,433.6,4.62,Low
Brinjal,Unripe,206,33.46,61.81,2.66,2.643,371.7,5.26,Medium
Mango,Unripe,202,30.12,58.01,0.339,3.307,460.1,6.16,Medium
Tomato,Semi-Ripe,139,28.15,76.73,1.474,1.573,655.0,4.43,Low
Onion,Unripe,37,30.0,62.38,2.472,2.621,352.1,4.92,Low
Banana,Ripe,170,24.33,74.5,2.041,4.857,354.0,2.65,Low
Onion,Unripe,178,26.39,54.66,0.231,1.95,571.0,0.23,Low
Banana,Semi-Ripe,106,23.7,51.77,0.55,3.439,450.2,4.52,Low
Mango,Unripe,135,22.01,77.06,0.408,3.076,558.3,0.87,Low
Banana,Unripe,129,28.33,71.03,1.443,2.32,618.8,6.41,Medium
Tomato,Ripe,159,27.74,79.07,1.336,2.744,555.4,3.42,Medium
Banana,Semi-Ripe,124,29.75,61.61,0.151,4.428,424.1,2.12,Low
Onion,Semi-Ripe,234,29.18,58.46,0.81,3.109,654.0,10.17,Medium
Mango,Unripe,8,27.97,84.33,1.752,3.281,589.1,2.56,Low
Tomato,Unripe,12,29.23,49.72,1.109,4.261,503.2,2.27,Low
Tomato,Ripe,36,26.83,83.02,1.108,2.182,497.4,4.28,Low
Tomato,Ripe,35,28.65,83.85,0.775,1.348,544.9,4.39,Low
Mango,Semi-Ripe,120,24.1,78.32,0.477,4.445,462.6,5.99,Low
Mango,Unripe,19,28.48,59.75,0.988,2.65,304.3,0.33,Low
Brinjal,Ripe,46,29.67,58.2,1.037,3.483,590.0,4.02,Low
Mango,Semi-Ripe,125,24.32,65.48,1.538,1.661,582.9,3.47,Medium
Mango,Unripe,216,27.21,52.46,1.628,2.927,300.0,3.43,Medium
Tomato,Unripe,193,24.51,56.46,1.062,1.293,561.3,4.9,Medium
Banana,Ripe,52,24.89,75.74,2.152,2.57,710.8,0.0,Low
Mango,Unripe,13,22.5,75.79,0.769,1.787,364.7,4.32,Low
Brinjal,Semi-Ripe,178,32.06,55.41,0.364,1.535,491.2,4.11,Low
Tomato,Semi-Ripe,187,31.26,76.11,1.396,2.167,478.2,3.88,Medium
Brinjal,Unripe,223,29.15,73.45,1.092,0.1,699.2,4.93,Medium
Onion,Unripe,104,34.89,86.12,1.416,1.224,634.5,3.45,Low
Brinjal,Semi-Ripe,14,26.24,74.83,0.413,3.361,394.6,4.72,Low
Mango,Unripe,226,39.13,80.7,3.503,2.882,541.1,3.24,Medium
Brinjal,Ripe,69,26.09,73.72,1.644,1.318,776.3,2.64,Low
Onion,Semi-Ripe,92,28.02,79.76,0.817,3.103,425.0,3.21,Low
Banana,Ripe,99,25.41,52.55,0.52,1.534,498.7,1.77,Low
Brinjal,Ripe,237,28.49,66.54,2.126,3.294,561.6,5.63,Medium
Onion,Ripe,87,30.34,67.53,0.462,2.373,426.8,2.24,Low
Banana,Semi-Ripe,134,26.54,65.08,4.869,2.142,711.6,1.58,Low
Tomato,Unripe,121,34.11,73.33,0.651,2.4,443.3,4.9,Low
Onion,Unripe,238,27.96,75.61,3.335,5.315,333.3,8.14,Medium
Mango,Semi-Ripe,229,28.08,72.71,0.879,1.665,437.0,5.34,Medium
Mango,Unripe,152,23.36,65.88,3.024,2.749,578.4,4.14,Medium
Brinjal,Ripe,25,28.67,59.17,0.598,3.36,404.2,2.58,Low
Tomato,Semi-Ripe,83,26.46,81.17,1.013,1.441,536.3,2.57,Low
Mango,Ripe,160,24.57,72.2,1.757,0.746,567.5,6.53,Medium
Banana,Unripe,193,23.89,55.78,1.59,1.839,354.9,4.99,Low
Brinjal,Ripe,181,37.69,65.68,2.161,3.335,432.4,0.75,Medium
Tomato,Semi-Ripe,117,25.95,47.08,0.711,2.124,541.9,6.06,Low
Onion,Ripe,161,21.17,68.42,1.061,2.246,584.3,6.15,Medium
Mango,Semi-Ripe,74,24.21,65.62,2.396,3.502,435.3,4.47,Low
Onion,Unripe,153,26.79,61.11,0.61,1.613,518.2,0.0,Low
Onion,Ripe,115,29.19,87.02,1.493,2.402,465.9,3.87,Medium
Brinjal,Unripe,164,29.22,54.13,0.858,0.835,587.3,6.08,Medium
Onion,Ripe,210,29.71,76.48,1.155,2.853,562.3,5.7,Medium
Tomato,Ripe,197,24.42,94.24,1.061,2.752,455.2,5.23,Medium
Banana,Unripe,176,28.36,80.93,0.576,3.375,557.4,6.22,Medium
Tomato,Semi-Ripe,185,23.5,67.62,0.833,1.24,450.5,4.97,Medium
Banana,Ripe,41,24.52,54.39,1.107,2.289,554.9,5.16,Low
Banana,Ripe,44,23.33,51.66,0.931,1.094,556.6,3.32,Low
Banana,Semi-Ripe,202,22.25,63.06,3.007,2.229,784.5,5.07,Medium
Tomato,Semi-Ripe,130,31.26,59.76,2.028,4.13,459.6,5.67,Medium
Tomato,Ripe,103,29.75,59.37,1.225,2.147,483.0,3.02,Low
Onion,Semi-Ripe,160,30.91,64.08,0.586,0.997,422.3,2.44,Low
Mango,Semi-Ripe,19,27.16,66.77,0.562,1.752,376.1,2.73,Low
Banana,Unripe,39,30.11,73.82,3.982,0.728,445.2,4.03,Low
Banana,Ripe,35,19.95,53.15,0.493,1.075,579.8,4.59,Low
Tomato,Semi-Ripe,136,30.45,59.81,1.083,3.238,588.5,5.81,Medium
Mango,Semi-Ripe,15,27.71,66.08,1.287,0.909,535.5,2.56,Low
Brinjal,Ripe,10,29.51,65.65,0.804,2.844,464.5,2.31,Low
Mango,Ripe,163,28.52,90.04,0.496,2.528,440.8,3.39,Medium
Brinjal,Semi-Ripe,177,23.05,70.79,0.577,1.915,390.0,5.07,Low
Brinjal,Semi-Ripe,62,21.01,48.64,0.682,2.75,433.2,0.29,Low
Onion,Ripe,166,24.15,73.02,0.609,1.469,344.6,4.53,Low
Banana,Semi-Ripe,23,29.26,74.55,2.533,3.425,662.9,7.91,Medium
Onion,Unripe,98,29.76,66.5,0.994,1.732,720.5,0.97,Low
Mango,Semi-Ripe,88,21.53,53.44,0.693,2.075,300.0,3.84,Low
Brinjal,Semi-Ripe,83,23.08,89.1,1.078,1.944,534.7,4.18,Medium
Onion,Unripe,208,24.11,55.16,1.596,3.258,532.7,5.91,Low
Onion,Unripe,18,25.57,75.93,0.786,3.099,525.1,0.98,Low
Brinjal,Semi-Ripe,151,21.55,70.4,1.88,0.1,428.9,5.24,Low
Banana,Semi-Ripe,65,21.31,75.21,0.411,2.78,622.7,2.32,Low
Banana,Unripe,117,23.71,88.48,2.27,0.581,549.3,1.33,Low
Banana,Semi-Ripe,48,27.35,74.74,0.994,2.125,624.1,4.79,Low
Mango,Unripe,176,22.28,61.3,0.967,2.381,411.5,5.81,Low
Mango,Ripe,14,26.54,81.27,0.616,2.113,334.0,0.93,Low
Brinjal,Semi-Ripe,18,31.23,60.43,0.423,3.051,552.2,1.74,Low
Brinjal,Unripe,79,21.79,69.96,0.311,3.292,384.4,2.4,Low
Brinjal,Semi-Ripe,212,26.17,52.48,0.586,1.649,626.6,2.09,Medium
Brinjal,Ripe,5,31.1,55.6,1.509,1.609,300.0,3.93,Low
Banana,Unripe,42,25.33,68.62,0.51,2.46,443.8,4.44,Low
Banana,Semi-Ripe,118,24.71,72.42,0.338,0.802,426.1,3.32,Low
Brinjal,Unripe,5,31.65,47.57,0.529,1.975,460.1,2.51,Low
Mango,Ripe,128,25.78,73.97,0.764,3.983,531.3,4.24,Low
Tomato,Semi-Ripe,87,31.42,58.17,0.785,0.843,547.5,3.98,Low
Brinjal,Semi-Ripe,155,28.72,83.36,0.914,2.126,576.8,1.93,Low
Mango,Ripe,14,25.63,63.78,2.06,1.848,590.6,3.55,Low
Brinjal,Unripe,42,28.92,54.52,2.398,4.706,479.4,0.89,Low
Onion,Semi-Ripe,40,28.28,68.91,4.071,1.908,753.0,4.21,Low
Mango,Unripe,177,31.08,57.01,0.321,1.972,666.5,2.71,Medium
Tomato,Ripe,178,24.81,83.23,0.549,1.366,462.6,2.3,Medium
Tomato,Semi-Ripe,28,27.16,68.01,1.631,2.51,483.6,2.79,Low
Banana,Semi-Ripe,97,26.75,66.18,0.728,2.797,460.0,3.57,Low
Onion,Unripe,169,29.82,75.1,1.827,1.526,543.6,4.71,Medium
Onion,Unripe,1,22.9,55.94,1.156,3.588,383.4,0.91,Low
Onion,Ripe,24,31.07,52.53,3.021,2.798,405.3,3.15,Low
Tomato,Unripe,155,28.87,72.9,2.075,3.437,300.0,4.89,Low
Tomato,Unripe,136,21.73,54.8,2.102,2.139,452.2,6.23,Low
Onion,Semi-Ripe,170,31.83,54.8,0.75,2.768,627.8,4.87,Medium
Brinjal,Semi-Ripe,112,35.94,78.04,0.934,2.266,481.7,2.77,Medium
Onion,Ripe,217,31.01,74.3,0.808,4.103,488.5,2.68,Medium
Onion,Unripe,30,32.71,52.95,0.348,2.628,533.4,0.11,Low
Brinjal,Unripe,37,27.34,60.57,2.802,2.51,379.7,3.53,Low
Banana,Unripe,153,20.35,57.16,1.685,1.996,503.0,5.76,Low
Brinjal,Semi-Ripe,206,19.62,89.32,0.785,1.932,606.8,3.37,Medium
Brinjal,Unripe,5,28.02,78.87,2.492,2.761,536.8,3.02,Low
Onion,Ripe,170,24.63,62.95,0.643,3.402,617.4,4.23,Medium
Onion,Ripe,234,23.34,74.91,0.276,1.747,651.7,6.6,Medium
Tomato,Ripe,135,26.75,51.73,2.024,2.639,579.5,5.68,Low
Onion,Ripe,200,29.46,59.93,0.409,2.703,414.4,0.82,Low
Brinjal,Semi-Ripe,63,21.19,69.26,0.872,2.894,458.7,5.11,Low
Brinjal,Ripe,193,25.2,73.43,1.155,0.622,731.8,5.27,Medium
Mango,Semi-Ripe,110,33.04,66.83,1.31,1.483,537.7,2.86,Low
Banana,Ripe,71,22.7,70.98,1.811,0.998,521.7,2.45,Low
Onion,Ripe,47,30.48,68.94,1.502,2.536,396.8,3.12,Low
Tomato,Unripe,205,25.06,66.04,1.47,1.509,489.0,4.05,Medium
Banana,Semi-Ripe,172,29.18,64.45,0.575,1.954,586.0,2.88,Low
Onion,Ripe,190,31.39,62.88,1.229,1.186,501.8,3.51,Medium
Brinjal,Unripe,169,29.97,70.78,0.349,2.056,437.7,2.66,Low
Tomato,Semi-Ripe,61,30.64,72.93,2.985,1.263,465.5,5.66,Low
Tomato,Ripe,46,22.39,70.38,0.375,3.334,643.0,3.15,Low
Banana,Ripe,156,31.45,53.86,0.785,3.027,580.1,8.43,Medium
Mango,Ripe,60,23.59,56.01,0.397,2.665,564.1,3.89,Low
Onion,Semi-Ripe,156,28.04,72.79,0.6,2.168,552.9,5.43,Low
Onion,Ripe,217,28.03,85.66,1.009,0.259,358.0,3.19,Medium
Onion,Semi-Ripe,180,28.94,69.83,0.691,1.996,532.7,4.27,Medium
Mango,Semi-Ripe,113,28.35,63.06,2.228,1.662,628.2,3.99,Low
Mango,Unripe,219,23.62,70.69,1.172,2.772,468.7,3.98,Medium
Banana,Ripe,132,21.6,54.36,0.723,3.182,617.3,3.25,Medium
Tomato,Unripe,113,30.49,83.71,0.911,2.857,565.4,4.61,Low
Brinjal,Unripe,231,27.74,70.24,2.349,3.889,599.3,6.06,Medium
Onion,Ripe,80,31.6,59.97,1.889,1.875,506.1,1.05,Low
Tomato,Ripe,49,26.82,66.0,0.451,1.829,606.4,3.6,Low
Tomato,Ripe,33,21.38,61.68,0.621,3.642,324.2,3.89,Low
Mango,Ripe,151,30.86,83.74,1.394,2.683,504.0,3.25,Low
Onion,Ripe,122,25.52,65.57,1.281,2.228,585.6,2.72,Low
Mango,Semi-Ripe,186,28.37,69.86,0.479,4.531,535.6,5.53,Low
Brinjal,Unripe,35,24.41,74.88,1.689,3.136,631.5,0.0,Low
Onion,Unripe,76,33.58,59.11,0.536,2.29,481.1,3.42,Low
Banana,Unripe,29,23.49,70.32,2.491,1.745,434.3,5.79,Low
Tomato,Ripe,74,25.65,71.29,1.449,3.959,303.3,0.0,Low
Onion,Semi-Ripe,231,27.43,49.35,0.453,2.728,467.2,6.75,Medium
Mango,Semi-Ripe,216,22.63,71.03,0.69,2.527,562.0,6.07,Medium
Banana,Ripe,119,28.32,67.45,0.682,3.244,591.3,1.34,Low
Onion,Ripe,23,33.45,69.56,1.118,3.468,332.1,3.71,Low
Onion,Unripe,239,25.04,68.43,0.867,3.105,641.0,7.17,Medium
Onion,Ripe,37,28.58,71.11,0.449,3.472,383.1,0.83,Low
Mango,Semi-Ripe,24,16.0,84.05,0.377,2.997,485.5,1.51,Low
Brinjal,Ripe,99,26.84,53.85,1.469,3.11,431.7,3.73,Low
Mango,Ripe,226,25.75,63.89,1.222,1.695,550.1,6.97,Medium
Banana,Semi-Ripe,192,23.73,76.0,1.077,4.491,511.3,3.83,Medium
Mango,Ripe,86,31.33,73.77,1.209,1.143,581.4,3.46,Low
Onion,Ripe,109,25.7,73.51,0.648,2.84,721.3,2.61,Medium
Brinjal,Semi-Ripe,14,26.29,95.0,1.137,1.03,547.7,2.71,Low
Onion,Ripe,65,25.49,75.37,5.912,2.392,430.8,5.16,Low
Mango,Ripe,161,19.33,81.57,2.275,1.872,555.3,4.62,Medium
Onion,Semi-Ripe,101,22.47,64.32,0.817,2.649,733.4,3.07,Low
Mango,Ripe,235,30.84,56.09,0.693,2.876,578.8,5.26,Medium
Brinjal,Unripe,107,18.56,64.23,0.135,1.448,613.5,2.34,Low
Tomato,Unripe,204,23.93,76.54,2.113,2.468,308.8,3.16,Medium
Brinjal,Ripe,175,25.4,72.88,1.734,4.033,546.4,6.77,Low
Brinjal,Semi-Ripe,122,33.97,72.84,0.683,1.057,467.8,6.91,Low
Brinjal,Unripe,209,30.07,65.43,0.367,1.561,418.4,1.78,Medium
Mango,Semi-Ripe,209,24.77,63.51,0.445,3.447,497.3,6.06,Medium
Onion,Unripe,77,32.22,65.84,1.365,2.585,513.0,4.97,Low
Tomato,Unripe,67,24.04,76.69,0.939,2.666,425.1,1.12,Low
Brinjal,Unripe,170,31.04,78.09,1.623,3.625,522.6,3.69,Medium
Banana,Ripe,6,21.56,55.93,1.062,1.627,479.2,1.53,Low
Tomato,Unripe,169,31.29,77.15,1.967,1.929,584.3,7.95,Medium
Onion,Ripe,104,25.38,60.19,1.295,1.793,527.3,6.72,Low
Brinjal,Semi-Ripe,184,22.89,73.63,1.786,2.117,545.1,3.05,Medium
Tomato,Unripe,31,26.13,65.7,0.232,3.973,617.5,0.25,Low
Mango,Unripe,138,28.11,86.79,0.421,0.629,566.6,5.55,Low
Brinjal,Unripe,129,25.02,62.98,0.775,1.186,499.3,5.03,Low
Tomato,Semi-Ripe,3,29.22,70.14,2.129,0.998,300.0,4.78,Low
Banana,Semi-Ripe,126,24.67,75.28,3.73,4.042,561.6,2.11,Low
Tomato,Ripe,158,29.48,57.51,0.891,1.824,390.6,5.7,Low
Tomato,Unripe,97,28.77,67.13,0.652,2.141,489.7,2.35,Low
Mango,Semi-Ripe,147,26.76,64.8,0.254,0.724,544.5,5.39,Low
Brinjal,Unripe,78,25.23,61.83,1.83,2.211,660.0,3.37,Low
Banana,Semi-Ripe,147,27.61,62.72,0.68,3.453,721.1,7.69,Medium
Mango,Unripe,58,29.2,81.34,7.931,2.778,389.5,4.0,Low
Mango,Unripe,67,35.25,60.82,0.596,2.381,342.1,2.74,Low
Onion,Semi-Ripe,17,30.76,74.8,4.365,0.779,539.1,2.95,Low
Brinjal,Semi-Ripe,23,30.9,71.78,1.689,2.139,529.1,2.6,Low
Onion,Unripe,32,39.35,51.24,0.487,2.662,355.8,0.81,Low
Onion,Semi-Ripe,45,29.06,74.23,1.176,1.409,498.0,6.5,Low
Brinjal,Semi-Ripe,173,28.94,51.04,1.716,3.22,571.7,7.45,Medium
Tomato,Ripe,52,29.82,75.54,0.854,3.474,352.4,2.81,Low
Onion,Semi-Ripe,85,22.96,61.91,1.798,1.918,380.6,4.78,Low
Tomato,Ripe,41,25.22,68.1,1.77,3.298,422.7,6.68,Low
Brinjal,Unripe,102,24.98,52.47,1.518,2.379,474.5,5.95,Low
Mango,Semi-Ripe,58,29.59,69.47,0.989,3.762,583.3,2.64,Low
Brinjal,Ripe,79,26.3,79.12,0.439,4.738,460.8,3.29,Low
Onion,Unripe,16,27.55,58.32,0.948,1.297,506.6,0.0,Low
Brinjal,Unripe,121,31.35,60.71,1.131,3.346,769.5,5.35,Medium
Mango,Ripe,64,30.45,73.46,0.269,3.935,385.2,5.51,Low
Brinjal,Unripe,156,26.35,73.76,1.126,1.432,421.6,6.62,Medium
Tomato,Ripe,240,24.32,38.79,0.934,1.867,581.4,6.64,Medium
Onion,Ripe,116,31.54,92.18,0.403,1.855,618.6,4.53,Low
Tomato,Ripe,123,30.1,74.34,0.792,2.354,549.8,2.18,Low
Onion,Ripe,200,20.57,76.36,0.804,2.108,717.1,5.48,Medium
Tomato,Ripe,83,25.75,66.28,3.862,2.282,538.1,2.36,Low
Mango,Ripe,33,27.66,45.74,1.167,3.422,300.0,3.84,Low
Brinjal,Unripe,173,30.12,76.1,2.065,0.415,511.6,3.2,Low
Onion,Unripe,156,30.64,61.22,0.921,1.429,431.5,5.31,Low
Brinjal,Ripe,113,28.14,74.53,0.269,3.237,666.1,6.24,Medium
Mango,Semi-Ripe,93,29.34,65.37,1.601,3.108,615.8,4.29,Medium
Mango,Unripe,7,27.26,70.86,0.631,1.336,309.2,3.18,Low
Brinjal,Semi-Ripe,134,24.3,58.7,0.791,3.116,662.0,5.75,Low
Banana,Unripe,131,25.95,78.37,0.479,3.96,612.7,7.26,Medium
Mango,Semi-Ripe,124,27.08,53.74,1.052,2.446,461.1,3.79,Low
Brinjal,Ripe,73,26.86,94.95,2.108,1.391,490.6,4.31,Low
Banana,Unripe,36,19.46,94.86,1.921,3.462,667.1,5.65,Low
Onion,Unripe,137,25.41,87.59,3.035,4.395,300.0,5.35,Medium
Tomato,Ripe,149,27.22,83.31,3.352,1.525,553.4,0.68,Low
Brinjal,Semi-Ripe,41,25.87,66.99,0.239,2.543,631.2,1.7,Low
Brinjal,Unripe,29,26.01,82.0,0.434,3.699,489.4,4.2,Low
Onion,Unripe,116,28.95,66.85,0.282,2.627,577.7,3.17,Medium
Brinjal,Semi-Ripe,11,22.68,49.36,1.556,0.578,512.4,5.22,Low
Onion,Unripe,46,20.49,86.04,0.616,2.988,405.9,6.4,Low
Mango,Unripe,153,25.61,81.55,0.71,1.423,402.9,3.27,Low
Mango,Unripe,72,30.06,67.62,0.859,1.102,585.4,1.51,Medium
Onion,Ripe,110,33.75,53.3,1.307,0.599,423.7,3.17,Low
Tomato,Semi-Ripe,165,30.13,60.97,0.354,3.809,317.1,3.73,Medium
Onion,Ripe,42,21.13,46.15,0.414,1.582,514.7,5.77,Low
Brinjal,Unripe,54,26.07,79.34,1.001,2.867,438.4,1.28,Low
Banana,Unripe,71,28.03,48.76,2.314,3.137,356.1,4.69,Low
Tomato,Semi-Ripe,100,27.71,71.44,0.982,2.678,508.6,6.2,Medium
Brinjal,Ripe,134,29.16,57.88,0.575,2.826,592.1,5.58,Medium
Banana,Semi-Ripe,17,23.33,50.88,0.222,2.919,502.4,3.49,Low
Tomato,Unripe,114,27.26,70.86,1.948,2.652,372.1,3.58,Low
Brinjal,Unripe,165,28.68,63.99,0.597,1.664,557.8,7.81,Low
Onion,Unripe,205,30.3,78.06,0.448,1.566,624.2,4.52,Medium
Banana,Ripe,129,23.78,52.79,0.301,2.385,765.6,5.75,Medium
Tomato,Unripe,150,25.62,58.91,0.365,2.361,673.0,4.01,Medium
Mango,Unripe,196,16.18,39.35,0.51,2.972,379.4,1.54,Low
Banana,Semi-Ripe,175,24.51,41.79,0.846,3.712,603.0,4.11,Medium
Banana,Ripe,128,24.9,89.58,0.429,2.878,530.8,3.75,Medium
Banana,Semi-Ripe,136,22.92,93.0,1.139,1.608,361.7,3.87,Medium
Mango,Ripe,239,27.66,69.11,0.842,0.101,534.1,4.18,Medium
Brinjal,Semi-Ripe,182,26.78,58.11,4.737,1.654,730.2,5.81,Medium
Tomato,Ripe,58,17.96,64.42,0.303,1.021,643.5,4.52,Low
Onion,Unripe,109,27.86,78.48,1.12,1.697,378.4,3.26,Low
Banana,Semi-Ripe,178,23.29,61.83,1.13,2.767,501.6,4.07,Low
Onion,Semi-Ripe,125,28.94,70.85,0.486,2.593,559.0,2.11,Low
Tomato,Ripe,104,21.87,67.85,1.069,4.544,300.0,4.21,Low
Brinjal,Unripe,146,27.12,61.17,1.714,3.031,300.0,6.73,Low
Onion,Unripe,90,25.87,61.69,1.07,4.6,518.6,6.06,Low
Onion,Unripe,163,28.21,71.52,2.636,3.287,520.1,3.38,Medium
Banana,Ripe,176,27.5,56.28,0.218,3.694,300.0,8.2,Medium
Mango,Ripe,216,25.98,73.42,0.555,2.105,546.6,4.44,Medium
Onion,Unripe,230,20.85,62.34,2.808,1.318,630.4,3.43,Medium
Brinjal,Semi-Ripe,171,21.09,69.53,1.893,2.006,473.8,2.1,Low
Onion,Semi-Ripe,182,24.66,84.61,1.46,2.487,507.2,2.75,Low
Mango,Ripe,186,26.97,65.98,2.371,1.809,568.6,5.33,Medium
Banana,Semi-Ripe,79,24.57,79.04,0.261,1.399,552.7,2.98,Low
Mango,Ripe,220,29.5,46.5,1.745,2.959,300.0,4.0,Medium
Banana,Ripe,122,25.88,62.36,2.107,1.394,391.4,2.44,Low
Onion,Semi-Ripe,209,23.14,68.33,0.631,0.813,452.5,3.05,Medium
Onion,Ripe,52,25.89,91.08,6.299,1.266,396.7,1.52,Low
Banana,Unripe,74,27.9,44.48,1.147,2.242,676.0,5.22,Low
Tomato,Unripe,149,28.3,66.85,0.215,1.41,576.1,7.53,Medium
Banana,Ripe,139,34.51,85.48,1.306,2.249,366.8,7.53,Low
Banana,Unripe,97,24.32,58.58,0.604,3.16,474.3,4.9,Low
Brinjal,Semi-Ripe,53,26.71,65.45,2.26,3.132,635.6,2.25,Low
Mango,Ripe,54,28.7,71.98,1.468,1.773,422.5,1.95,Low
Banana,Semi-Ripe,175,26.91,70.21,0.658,1.066,602.2,5.96,Medium
Brinjal,Ripe,5,25.0,86.79,2.863,1.867,666.0,2.12,Low
Banana,Ripe,28,20.8,73.38,1.93,3.221,645.9,3.58,Low
Onion,Unripe,223,24.96,83.93,0.56,3.478,521.6,8.65,High
Mango,Semi-Ripe,235,22.71,63.68,0.899,2.888,650.1,5.71,Medium
Brinjal,Ripe,18,20.09,59.11,1.436,3.822,437.3,6.82,Low
Banana,Ripe,34,23.82,65.29,0.775,4.402,798.3,0.88,Low
Banana,Semi-Ripe,79,22.81,54.09,0.791,1.968,528.9,4.25,Low
Banana,Semi-Ripe,141,29.34,73.8,1.026,4.135,637.6,4.76,Medium
Banana,Unripe,45,29.4,63.37,0.474,2.213,456.6,1.27,Low
Banana,Semi-Ripe,236,23.38,59.94,0.21,3.622,559.9,6.77,Medium
Banana,Unripe,119,25.96,73.98,1.182,3.279,565.2,6.68,Low
Onion,Ripe,129,19.57,54.28,0.249,0.325,388.5,8.01,Low
Brinjal,Ripe,46,25.02,77.25,0.499,1.437,385.0,3.79,Low
Banana,Unripe,74,28.6,62.26,0.289,1.157,475.5,0.0,Low
Onion,Unripe,177,30.3,81.91,0.315,0.54,632.6,5.48,Medium
Mango,Semi-Ripe,152,24.15,63.29,1.348,3.467,300.0,5.66,Medium
Mango,Ripe,54,31.21,75.58,0.856,4.776,456.5,2.72,Low
Tomato,Ripe,106,20.94,70.15,0.835,2.217,657.2,4.16,Low
Mango,Unripe,44,22.01,76.93,0.398,3.44,352.1,2.16,Low
Tomato,Semi-Ripe,98,29.84,69.32,0.632,4.133,650.5,3.44,Low
Tomato,Semi-Ripe,52,33.68,48.04,1.302,2.729,364.7,4.96,Low
Brinjal,Semi-Ripe,236,28.97,80.11,0.964,2.472,390.0,7.83,Medium
Brinjal,Unripe,71,26.84,66.95,1.779,2.23,482.3,1.06,Low
Brinjal,Ripe,114,18.22,77.47,1.965,3.091,724.8,2.95,Low
Onion,Ripe,154,18.91,76.28,0.838,3.462,423.2,1.49,Low
Onion,Ripe,9,27.52,58.72,0.273,3.008,300.0,5.92,Low
Mango,Unripe,50,25.57,57.02,0.589,2.97,331.8,4.67,Low
Tomato,Ripe,238,22.58,75.86,0.934,2.444,611.8,1.75,Medium
Banana,Semi-Ripe,167,27.26,64.36,0.581,0.748,337.4,4.39,Low
Onion,Ripe,58,27.46,79.24,0.478,3.487,642.6,2.69,Medium
Onion,Semi-Ripe,103,30.78,65.86,1.05,1.087,508.4,2.38,Low
Mango,Semi-Ripe,206,27.55,80.28,5.481,3.181,496.1,6.84,Medium
Tomato,Semi-Ripe,47,31.91,73.08,0.711,3.331,535.7,4.89,Low
Brinjal,Unripe,72,27.03,71.46,0.998,1.246,403.9,3.85,Low
Onion,Semi-Ripe,57,26.54,63.51,0.399,1.831,516.5,2.03,Low
Onion,Ripe,160,31.26,70.79,2.388,4.834,356.8,3.28,Medium
Onion,Unripe,127,23.09,82.31,1.845,2.413,661.9,4.1,Medium
Mango,Unripe,120,38.26,67.35,1.758,1.158,376.7,3.12,Low
Brinjal,Unripe,91,28.5,74.37,2.591,3.381,552.7,3.58,Low
Brinjal,Semi-Ripe,79,28.52,68.56,0.741,1.65,375.8,4.45,Low
Mango,Unripe,123,29.1,69.5,0.809,0.387,436.0,1.22,Low
Tomato,Semi-Ripe,192,34.51,88.68,3.31,3.072,455.1,3.44,Medium
Brinjal,Unripe,195,30.17,82.42,1.557,1.492,857.8,4.78,Medium
Mango,Unripe,189,20.58,68.95,0.212,2.853,498.3,7.59,Medium
Mango,Unripe,11,32.61,70.57,1.375,1.606,401.4,4.15,Low
Tomato,Semi-Ripe,118,25.64,59.58,0.666,3.278,446.7,3.91,Low
Tomato,Unripe,94,27.43,65.92,1.875,2.702,319.4,4.35,Low
Tomato,Semi-Ripe,225,21.88,71.71,1.331,0.1,480.5,5.02,Medium
Tomato,Semi-Ripe,100,29.1,78.21,0.296,2.92,722.1,5.64,Medium
Onion,Unripe,59,24.39,76.99,1.207,2.181,540.3,3.99,Low
Tomato,Unripe,60,27.4,54.69,1.159,4.058,608.4,5.52,Low
Mango,Ripe,46,25.86,79.72,1.29,2.935,390.8,0.61,Low
Onion,Semi-Ripe,106,34.7,66.93,1.496,3.332,475.6,2.32,Low
Tomato,Semi-Ripe,63,34.93,56.16,2.85,1.718,524.5,3.75,Low
Brinjal,Ripe,136,27.19,84.04,1.336,1.631,413.0,5.02,Medium
Mango,Unripe,55,27.26,85.56,1.016,2.472,548.0,7.48,Low
Mango,Ripe,140,25.51,71.16,2.234,2.103,573.9,0.93,Low
Banana,Unripe,148,31.42,76.51,4.806,3.972,565.1,4.22,Medium
Banana,Semi-Ripe,161,25.68,77.21,1.898,2.331,481.9,4.29,Low
Brinjal,Unripe,212,25.31,84.75,1.155,1.153,630.9,5.47,Medium
Brinjal,Unripe,18,30.91,76.74,1.354,1.59,469.1,5.84,Low
Tomato,Semi-Ripe,12,24.85,52.07,1.196,3.562,458.1,4.22,Low
Tomato,Semi-Ripe,110,26.85,92.12,1.013,2.316,673.0,0.93,Medium
Brinjal,Unripe,124,20.67,80.79,4.552,2.257,367.2,6.75,Low
Mango,Unripe,182,29.82,61.89,0.592,3.666,300.0,7.39,Medium
Tomato,Unripe,54,34.76,55.64,2.244,1.494,395.9,3.62,Low
Banana,Semi-Ripe,109,29.88,74.06,0.916,0.1,546.5,0.9,Low
Mango,Semi-Ripe,147,32.85,64.66,0.355,1.562,654.0,3.99,Medium
Onion,Ripe,158,23.62,71.96,0.876,2.766,420.7,5.24,Low
Onion,Semi-Ripe,130,27.95,76.92,0.682,2.226,717.8,5.85,Low
Tomato,Semi-Ripe,142,23.23,61.2,1.498,0.784,503.3,1.02,Low
Brinjal,Ripe,39,26.09,54.61,1.066,3.618,486.1,1.58,Low
Onion,Ripe,111,30.09,72.63,0.489,2.68,398.0,5.81,Low
Brinjal,Semi-Ripe,130,27.41,61.6,2.8,2.928,734.2,6.76,Medium
Brinjal,Unripe,19,21.35,69.75,2.145,2.962,482.0,3.5,Low
Banana,Semi-Ripe,233,21.74,51.88,3.035,1.072,340.2,7.36,Low
Banana,Unripe,152,21.48,64.97,1.18,2.833,794.9,5.14,Low
Tomato,Semi-Ripe,172,28.97,76.58,0.975,3.498,547.2,6.3,Medium
Tomato,Unripe,128,35.26,75.27,1.636,3.754,595.9,4.3,Medium
Brinjal,Semi-Ripe,224,32.45,58.54,0.667,3.293,701.8,6.05,Medium
Banana,Unripe,1,19.42,53.98,1.095,3.064,573.7,0.31,Low
Tomato,Ripe,230,32.68,68.19,0.884,0.589,617.0,6.56,Medium
Mango,Unripe,49,30.75,74.73,0.36,2.484,506.5,0.83,Low
Brinjal,Ripe,213,20.82,72.86,1.093,1.448,588.0,6.35,Medium
Tomato,Ripe,14,25.79,61.85,0.734,3.91,495.9,1.88,Low
Mango,Ripe,75,31.38,71.57,0.844,3.743,497.6,4.07,Low
Onion,Semi-Ripe,137,29.2,86.03,1.29,1.454,514.4,2.43,Low
Banana,Ripe,158,21.76,70.46,2.437,2.449,452.4,3.49,Medium
Banana,Ripe,3,29.44,48.4,0.552,2.773,560.5,3.2,Low
Tomato,Ripe,86,18.45,70.44,0.79,3.491,560.2,4.89,Low
Tomato,Ripe,203,26.11,92.53,0.585,0.657,598.3,6.9,Medium
Brinjal,Semi-Ripe,44,31.55,52.55,0.559,0.1,576.8,0.96,Low
Mango,Ripe,228,27.07,68.36,0.66,2.542,740.0,2.53,Medium
Mango,Unripe,171,25.0,65.28,0.872,0.1,626.3,2.8,Low
Tomato,Ripe,235,30.56,69.15,1.507,2.674,475.1,3.4,Low
Brinjal,Semi-Ripe,217,30.9,70.33,1.251,3.151,554.4,7.92,Medium
Onion,Unripe,54,32.24,81.68,0.477,3.86,669.5,5.56,Medium
Mango,Unripe,226,30.5,69.02,2.474,1.815,386.0,3.42,Low
Mango,Ripe,119,31.33,83.33,1.937,2.677,741.7,7.01,Medium
Brinjal,Unripe,62,29.93,66.59,0.532,3.217,407.0,5.55,Low
Banana,Ripe,214,28.06,63.8,2.356,1.207,608.0,2.13,Medium
Brinjal,Unripe,113,27.36,59.97,1.257,3.507,500.8,2.0,Low
Brinjal,Semi-Ripe,165,26.05,46.19,0.896,2.802,493.9,1.49,Low
Brinjal,Semi-Ripe,147,22.15,71.31,1.285,1.834,343.7,4.11,Low
Tomato,Semi-Ripe,71,23.18,92.65,0.982,2.656,608.9,3.38,Low
Banana,Unripe,236,25.87,73.5,1.465,2.347,345.4,5.36,Low
Banana,Ripe,200,27.97,76.24,1.14,3.358,326.9,1.25,Medium
Onion,Ripe,127,32.76,63.04,0.79,2.103,639.2,1.45,Low
Brinjal,Ripe,138,26.83,65.07,0.242,2.75,714.8,4.62,Medium
Brinjal,Semi-Ripe,16,31.01,79.82,1.446,1.817,419.9,3.81,Low
Onion,Unripe,175,31.32,92.1,0.77,1.468,620.4,0.96,Medium
Brinjal,Semi-Ripe,219,26.07,85.86,1.724,2.689,595.6,2.82,High
Brinjal,Unripe,233,29.38,77.66,1.401,1.514,489.0,7.14,Medium
Banana,Ripe,134,26.03,68.42,0.784,3.381,660.3,1.9,Low
Tomato,Unripe,240,32.29,70.52,2.046,3.151,480.4,5.35,Medium
Brinjal,Unripe,192,29.54,58.96,1.154,1.658,562.1,2.43,Low
Mango,Ripe,121,22.24,50.62,1.121,2.735,349.5,5.45,Low
Tomato,Semi-Ripe,192,27.65,54.48,0.908,1.653,354.7,1.17,Low
Mango,Unripe,37,33.59,68.6,3.249,0.735,640.3,2.4,Low
Mango,Ripe,162,26.28,64.5,0.607,1.843,566.1,6.14,Low
Mango,Semi-Ripe,149,28.79,50.37,0.798,2.445,482.9,5.39,Low
Mango,Unripe,118,29.18,67.55,0.421,3.074,728.9,3.08,Medium
Onion,Semi-Ripe,155,22.85,64.18,1.663,2.664,727.7,3.1,Medium
Onion,Semi-Ripe,205,29.04,53.93,0.665,3.498,552.7,4.54,Low
Tomato,Ripe,137,21.42,63.56,0.72,1.421,325.3,1.82,Low
Banana,Semi-Ripe,91,24.5,64.15,0.696,2.086,486.6,3.41,Low
Mango,Ripe,101,31.3,60.6,1.045,4.309,400.1,3.56,Low
Onion,Unripe,136,28.43,79.12,0.417,0.376,510.7,3.38,Medium
Banana,Semi-Ripe,140,25.78,45.17,0.208,2.003,387.6,5.98,Low
Brinjal,Unripe,75,28.79,44.17,1.378,1.321,356.5,1.47,Low
Tomato,Semi-Ripe,128,26.76,68.04,0.228,2.285,300.0,0.97,Low
Brinjal,Semi-Ripe,69,27.05,69.15,1.818,2.022,520.1,2.38,Low
Banana,Ripe,227,29.63,72.85,2.977,3.162,300.0,5.45,Medium
Onion,Unripe,128,24.09,61.53,0.891,2.781,461.6,3.84,Low
Tomato,Unripe,201,27.16,56.98,2.483,1.064,583.3,4.64,Medium
Mango,Ripe,91,25.75,67.91,0.983,1.853,413.3,1.56,Low
Onion,Semi-Ripe,94,20.66,62.7,3.063,2.5,369.8,1.86,Low
Mango,Ripe,69,23.32,86.61,0.727,3.313,491.9,2.45,Medium
Mango,Ripe,137,33.27,64.11,0.191,5.176,400.6,3.12,Low
Mango,Unripe,148,28.54,67.36,0.946,3.273,522.3,6.25,Low
Banana,Semi-Ripe,136,21.71,95.0,3.305,1.386,376.1,4.61,Low
Tomato,Unripe,201,20.84,65.66,1.454,2.397,487.5,3.95,Medium
Brinjal,Ripe,123,26.55,74.67,0.697,2.699,458.4,5.95,Medium
Onion,Semi-Ripe,197,33.24,75.76,1.259,1.929,498.6,5.67,Medium
Mango,Semi-Ripe,13,26.25,76.78,1.973,3.017,696.2,0.21,Low
Tomato,Unripe,86,32.23,71.47,0.942,0.1,524.0,0.0,Low
Mango,Semi-Ripe,171,28.41,70.33,6.287,3.108,560.5,2.16,Low
Brinjal,Semi-Ripe,92,28.89,69.2,0.696,1.976,425.0,4.67,Low
Banana,Ripe,176,21.66,61.09,2.017,2.379,526.8,6.22,Medium
Brinjal,Unripe,142,30.75,71.91,1.705,4.112,467.0,1.22,Low
Onion,Ripe,116,25.66,92.34,0.613,1.112,503.6,5.08,Medium
Onion,Ripe,134,30.45,82.53,0.743,2.8,577.9,5.23,Medium
Banana,Ripe,217,23.74,71.65,2.039,3.373,440.0,7.62,Medium
Brinjal,Semi-Ripe,163,27.71,78.27,1.107,2.687,452.2,6.17,Medium
Banana,Ripe,237,28.41,57.57,1.267,0.724,441.6,7.78,Medium
Tomato,Unripe,23,26.38,64.87,0.318,3.985,439.3,3.66,Low
Banana,Unripe,195,28.62,79.37,1.583,2.268,520.8,5.66,Medium
Onion,Ripe,214,25.93,85.85,1.223,1.92,456.3,4.46,Medium
Banana,Unripe,223,24.4,58.75,0.956,2.158,679.8,6.65,Medium
Banana,Ripe,129,33.42,62.2,1.287,2.08,821.5,1.65,Medium
Brinjal,Ripe,117,31.2,94.18,0.751,1.191,431.8,3.65,Medium
Onion,Ripe,140,23.96,69.16,0.661,2.681,535.3,5.15,Low
Tomato,Ripe,220,29.27,89.88,0.844,1.843,624.6,7.67,Medium
Tomato,Unripe,208,24.03,70.48,0.723,3.238,468.1,4.14,Medium
Banana,Ripe,225,22.26,70.95,4.601,3.069,380.7,6.94,Medium
Tomato,Ripe,233,31.14,64.33,1.893,4.288,708.6,4.94,High
Onion,Unripe,150,20.18,79.31,0.508,2.267,582.3,6.08,Medium
Brinjal,Unripe,62,30.71,84.29,4.16,1.616,538.2,1.8,Low
Brinjal,Semi-Ripe,36,25.99,55.58,0.739,0.883,674.1,4.24,Low
Banana,Ripe,216,26.15,63.77,1.021,4.913,592.4,4.92,Medium
Banana,Semi-Ripe,36,28.64,78.98,1.874,3.228,494.2,0.8,Low
Tomato,Unripe,16,29.32,66.45,0.252,1.738,382.8,2.42,Low
Brinjal,Semi-Ripe,113,23.69,62.08,0.847,4.362,440.8,6.24,Low
Banana,Semi-Ripe,179,29.87,80.11,0.669,3.992,644.6,2.81,Medium
Mango,Semi-Ripe,177,27.45,81.24,1.154,1.014,581.9,1.95,Low
Banana,Semi-Ripe,61,21.98,62.6,1.296,1.671,477.6,3.95,Low
Banana,Ripe,120,26.32,70.55,0.947,2.354,712.0,0.92,Low
Onion,Ripe,215,32.53,53.5,0.917,1.323,481.1,7.89,Medium
Tomato,Semi-Ripe,192,33.71,57.25,2.108,2.394,618.5,7.57,Medium
Tomato,Unripe,220,29.87,69.49,1.235,3.283,526.4,7.01,Medium
Tomato,Unripe,185,22.24,68.38,1.029,0.989,732.0,4.7,Medium
Brinjal,Unripe,21,28.96,56.4,1.109,2.822,590.4,5.75,Low
Tomato,Semi-Ripe,49,30.4,59.41,3.615,3.785,505.5,5.51,Low
Brinjal,Unripe,40,29.9,55.22,1.128,2.94,478.5,2.02,Low
Brinjal,Unripe,31,30.14,73.46,0.698,2.417,498.2,5.46,Low
Brinjal,Unripe,206,28.45,44.39,0.263,1.765,413.0,3.33,Low
Banana,Ripe,170,26.71,55.86,0.367,3.414,336.0,4.19,Low
Banana,Unripe,220,24.57,45.64,0.721,1.205,537.0,1.91,Low
Onion,Ripe,77,19.41,73.03,0.927,2.767,436.0,3.69,Low
Onion,Semi-Ripe,236,28.36,46.37,0.678,2.528,435.7,4.8,Low
Tomato,Ripe,224,27.74,68.38,1.279,3.738,489.3,4.37,Medium
Mango,Semi-Ripe,25,29.23,87.67,0.672,1.859,506.3,2.5,Low
Mango,Ripe,209,21.65,88.08,0.527,1.952,500.9,3.96,Medium
Banana,Unripe,26,29.58,46.33,1.535,1.134,708.6,2.89,Low
Brinjal,Ripe,108,35.22,71.58,2.608,2.981,579.5,6.11,Medium
Mango,Semi-Ripe,43,27.31,56.13,0.461,2.034,752.9,1.1,Low
Tomato,Semi-Ripe,139,26.75,53.68,1.186,1.552,447.3,5.72,Low
Mango,Ripe,4,28.24,66.64,0.264,1.657,594.0,2.94,Low
Banana,Semi-Ripe,204,35.13,82.74,0.356,3.091,454.0,5.62,Medium
Brinjal,Semi-Ripe,114,22.91,75.2,0.662,1.287,432.7,3.81,Low
Tomato,Semi-Ripe,209,27.81,59.42,2.213,1.384,757.5,3.72,Medium
Brinjal,Unripe,104,23.8,76.46,0.58,3.486,407.8,4.55,Low
Tomato,Semi-Ripe,134,24.81,41.08,0.565,2.317,300.0,5.04,Low
Mango,Ripe,177,26.8,58.96,1.026,3.551,415.0,3.18,Low
Banana,Unripe,234,32.39,58.11,1.026,2.105,300.0,2.9,Low
Tomato,Unripe,90,34.2,68.94,0.577,2.499,385.8,3.73,Low
Banana,Ripe,125,28.79,65.57,4.016,2.672,397.0,5.36,Low
Tomato,Unripe,78,25.49,66.3,0.83,4.026,504.2,5.25,Low
Mango,Unripe,9,36.97,65.9,1.083,3.936,300.0,4.77,Low
Banana,Ripe,210,25.29,68.27,0.755,3.769,643.5,5.69,Medium
Mango,Unripe,135,24.72,74.48,1.361,1.808,300.0,3.65,Low
Banana,Unripe,89,19.9,69.79,2.374,1.414,484.7,3.56,Low
Mango,Semi-Ripe,187,32.58,64.59,3.205,3.337,461.1,2.51,Medium
Banana,Ripe,197,30.87,72.82,0.586,4.014,599.0,3.64,Medium
Tomato,Ripe,237,36.67,77.91,2.161,3.779,542.2,5.25,Medium
Tomato,Unripe,105,21.44,61.33,1.469,2.514,642.4,3.28,Medium
Onion,Unripe,25,32.83,67.29,1.978,3.301,456.6,2.97,Low
Mango,Semi-Ripe,116,27.28,81.94,0.938,3.32,444.2,1.42,Low
Brinjal,Ripe,106,30.22,54.77,0.877,2.664,549.5,1.7,Low
Tomato,Unripe,50,20.41,89.66,1.925,2.712,623.5,4.5,Low
Tomato,Semi-Ripe,141,32.87,51.93,1.951,2.608,599.0,2.69,Low
Brinjal,Unripe,99,30.15,63.86,2.992,1.633,538.6,2.47,Low
Mango,Unripe,212,26.84,56.6,1.149,1.745,527.9,5.22,Medium
Mango,Semi-Ripe,11,29.58,94.26,0.928,1.728,495.6,0.96,Low
Tomato,Unripe,172,23.94,61.96,0.179,0.741,549.2,6.56,Medium
Mango,Ripe,145,24.68,61.99,0.324,2.657,744.2,1.98,Medium
Mango,Unripe,55,25.15,63.55,0.759,2.455,470.9,3.16,Low
Brinjal,Ripe,84,19.59,69.15,0.463,3.338,456.3,2.16,Low
Onion,Semi-Ripe,207,30.45,64.06,1.768,3.887,447.1,5.27,Medium
Tomato,Semi-Ripe,87,31.77,66.41,0.4,3.957,546.7,2.65,Low
Tomato,Semi-Ripe,160,24.19,30.0,0.704,4.06,300.0,4.38,Low
Brinjal,Semi-Ripe,123,28.39,68.69,0.724,1.667,483.8,6.17,Low
Onion,Semi-Ripe,215,25.94,68.21,2.324,0.925,605.7,3.84,Medium
Mango,Unripe,159,28.31,80.46,0.653,3.524,436.9,3.16,Medium
Onion,Unripe,201,24.49,83.71,1.373,4.02,522.4,4.34,Medium
Tomato,Unripe,217,23.47,65.75,1.147,4.212,753.1,7.76,Medium
Brinjal,Unripe,31,31.21,77.79,1.882,3.033,539.8,2.71,Low
Onion,Unripe,200,26.74,54.78,1.813,0.304,300.0,7.12,Low
Banana,Unripe,231,35.09,77.21,0.977,2.902,330.8,4.95,Medium
Banana,Unripe,8,27.19,61.13,0.305,3.111,469.9,4.74,Low
Mango,Ripe,109,23.3,53.78,0.85,3.877,403.5,4.54,Medium
Brinjal,Semi-Ripe,61,31.91,65.77,0.986,4.073,512.4,4.23,Low
Onion,Semi-Ripe,236,29.52,84.81,1.222,3.501,464.7,2.75,Medium
Onion,Ripe,84,29.91,70.17,0.597,1.854,639.9,0.66,Low
Onion,Semi-Ripe,45,31.76,85.96,2.222,1.368,369.0,4.97,Low
Tomato,Unripe,23,24.39,59.02,1.01,3.087,475.1,4.68,Low
Banana,Ripe,191,26.49,80.57,0.525,1.628,526.1,9.15,Medium
Banana,Ripe,14,26.31,60.17,0.726,4.123,540.9,0.0,Low
Tomato,Unripe,73,21.84,70.7,3.857,0.625,517.6,4.25,Low
Onion,Ripe,133,25.95,70.6,1.592,3.124,300.0,2.25,Low
Tomato,Unripe,10,32.35,75.94,2.083,2.851,510.0,1.29,Low
Banana,Ripe,42,27.95,71.01,0.482,2.273,481.9,2.1,Low
Tomato,Semi-Ripe,239,21.62,59.13,0.617,1.482,603.7,6.06,Medium
Brinjal,Unripe,110,20.78,78.56,0.621,0.232,586.8,2.62,Low
Tomato,Ripe,73,33.66,88.78,1.138,1.915,528.9,3.44,Low
Banana,Semi-Ripe,209,26.64,60.99,0.885,1.935,537.6,6.51,Medium
Banana,Ripe,19,24.41,45.98,0.71,3.723,662.3,4.76,Low
Tomato,Unripe,63,25.9,73.99,0.775,1.639,638.0,4.5,Low
Onion,Unripe,207,21.09,64.03,0.574,2.998,533.0,5.8,Medium
Tomato,Semi-Ripe,181,32.69,66.43,0.882,1.079,757.5,4.42,Medium
Brinjal,Unripe,104,25.43,74.67,2.18,3.028,424.6,2.72,Low
Tomato,Semi-Ripe,236,32.47,62.52,0.347,0.1,357.7,6.3,Medium
Brinjal,Semi-Ripe,138,27.21,64.77,1.274,4.805,498.7,2.26,Low
Mango,Ripe,179,32.72,66.8,2.628,2.345,455.1,4.86,Medium
Brinjal,Unripe,237,28.03,85.64,0.88,0.1,300.0,3.41,Low
Banana,Unripe,121,30.41,68.36,0.691,1.71,421.7,3.88,Medium
Brinjal,Ripe,115,29.88,53.17,1.91,1.537,541.2,1.98,Low
Onion,Ripe,159,29.49,53.65,0.502,1.779,493.0,3.69,Low
Banana,Unripe,16,28.39,69.67,0.984,2.099,406.8,1.48,Low
Brinjal,Ripe,103,26.07,54.45,0.483,1.771,505.1,2.3,Low
Onion,Unripe,166,34.66,49.25,0.27,1.602,514.8,4.33,Low
Mango,Ripe,91,23.37,75.63,0.899,1.225,585.8,0.0,Low
Mango,Unripe,171,27.02,76.21,0.413,3.404,423.0,1.31,Medium
Brinjal,Unripe,97,27.06,63.58,0.992,3.821,604.9,5.11,Low
Onion,Ripe,46,28.61,71.52,2.183,2.22,369.1,3.32,Low
Tomato,Unripe,35,25.28,70.26,3.662,2.481,439.6,1.62,Low
Tomato,Semi-Ripe,131,28.26,75.23,1.068,1.261,703.9,5.83,Medium
Tomato,Semi-Ripe,46,26.32,75.26,2.041,2.578,377.1,1.9,Low
Brinjal,Unripe,88,20.67,36.73,1.322,2.753,420.9,2.51,Low
Banana,Unripe,125,27.04,65.11,0.765,2.259,349.6,2.59,Low
Banana,Semi-Ripe,12,22.6,74.21,0.26,2.936,400.7,6.08,Low
Mango,Semi-Ripe,101,20.06,63.07,3.122,2.84,516.6,4.14,Low
Banana,Unripe,75,27.55,68.43,0.48,1.34,584.8,3.75,Low
Brinjal,Ripe,75,28.95,77.01,2.633,3.812,497.8,4.24,Low
Banana,Unripe,219,29.11,68.97,1.456,2.272,461.0,1.79,Medium
Mango,Semi-Ripe,222,29.27,86.1,0.505,4.343,350.9,4.09,Medium
Tomato,Ripe,72,19.27,81.52,1.244,2.962,412.7,4.18,Low
Mango,Semi-Ripe,212,21.56,66.58,4.451,4.668,314.5,5.04,Medium
Brinjal,Ripe,53,34.89,65.62,2.93,3.793,588.4,7.11,Low
Tomato,Semi-Ripe,83,22.81,33.8,0.698,2.75,596.7,2.53,Low
Mango,Semi-Ripe,226,29.44,64.08,0.608,1.705,495.1,6.91,Medium
Mango,Ripe,24,24.25,51.76,1.073,1.728,553.0,4.24,Low
Banana,Semi-Ripe,92,27.32,70.65,0.891,3.086,605.1,3.86,Medium
Onion,Semi-Ripe,194,24.47,69.83,2.316,2.657,512.1,5.41,Low
Onion,Semi-Ripe,226,29.25,76.35,1.678,1.852,667.2,4.69,High
Mango,Unripe,228,27.55,84.76,0.306,3.416,377.1,1.68,Medium
Banana,Ripe,212,25.21,67.68,1.379,2.543,458.2,5.67,Low
Onion,Semi-Ripe,232,22.8,95.0,0.882,3.423,443.9,6.06,Medium
Onion,Unripe,113,28.07,70.79,1.026,1.427,577.7,4.91,Low
Brinjal,Unripe,77,22.15,52.28,1.19,3.599,327.9,3.54,Low
Tomato,Ripe,92,28.71,61.26,2.314,3.051,673.8,5.35,Low
Mango,Semi-Ripe,29,37.51,63.53,1.983,3.817,567.4,1.29,Low
Mango,Semi-Ripe,33,32.4,75.11,0.592,3.575,710.0,5.54,Low
Brinjal,Semi-Ripe,234,29.87,56.63,0.96,2.407,495.1,3.53,Medium
Mango,Unripe,45,26.66,64.42,0.731,2.318,434.0,2.85,Low
Tomato,Unripe,148,19.24,66.07,0.308,4.461,578.9,5.5,Medium
Onion,Unripe,56,21.71,62.62,0.926,2.18,623.7,2.25,Low
Tomato,Ripe,160,32.13,77.74,3.638,3.323,414.3,5.77,Medium
Brinjal,Ripe,113,23.84,75.7,0.302,2.08,300.0,3.24,Low
Onion,Unripe,25,24.2,82.0,0.983,0.452,300.0,3.01,Low
Onion,Ripe,89,26.34,64.03,0.961,1.15,531.4,3.24,Low
Banana,Ripe,176,22.75,82.43,1.223,2.947,684.8,3.57,Medium
Banana,Unripe,192,22.09,51.63,0.51,3.271,343.9,8.86,Low
Brinjal,Semi-Ripe,69,26.8,51.34,0.369,2.95,467.3,1.82,Low
Mango,Unripe,71,23.43,53.43,0.381,3.761,458.2,0.0,Low
Banana,Ripe,175,24.04,68.11,2.539,2.93,730.5,3.15,Medium
Mango,Ripe,102,23.88,82.43,0.503,1.647,771.0,3.96,Low
Mango,Unripe,16,29.09,60.77,0.705,3.154,550.9,2.01,Low
Banana,Ripe,29,26.07,62.28,4.363,2.687,607.8,4.68,Low
Banana,Unripe,90,26.29,65.41,0.598,1.867,604.4,5.35,Low
Tomato,Semi-Ripe,65,29.39,74.87,1.271,3.02,346.4,2.71,Low
Tomato,Unripe,28,26.43,62.27,2.106,2.587,583.8,0.0,Low
Brinjal,Ripe,188,25.89,61.6,2.036,1.834,377.6,2.45,Low
Banana,Unripe,110,28.88,51.86,0.394,2.304,479.4,3.76,Low
Onion,Ripe,170,29.67,61.14,0.607,4.055,636.8,1.72,Medium
Tomato,Ripe,0,26.41,82.13,1.236,4.019,509.7,1.84,Low
Mango,Unripe,96,27.32,69.09,3.859,2.707,632.3,6.21,Medium
Mango,Unripe,115,23.87,59.12,0.587,2.563,655.9,4.5,Low
Brinjal,Unripe,139,23.56,82.83,0.708,0.924,300.0,4.25,Medium
Banana,Ripe,233,30.08,60.98,1.341,4.391,300.0,3.42,Medium
Banana,Unripe,110,28.78,85.04,1.543,3.64,639.5,4.15,Medium
Onion,Semi-Ripe,117,28.82,84.84,1.61,3.327,644.3,3.44,Low
Tomato,Ripe,215,28.12,68.67,0.553,0.1,530.8,5.51,Medium
Onion,Unripe,96,27.18,50.02,0.689,2.545,547.1,4.96,Low
Mango,Semi-Ripe,95,29.79,95.0,1.163,2.36,607.2,5.26,Low
Tomato,Unripe,38,30.74,72.65,2.42,3.251,604.9,3.19,Medium
Banana,Ripe,174,30.64,64.11,0.846,2.004,463.5,5.51,Medium
Mango,Semi-Ripe,4,26.6,79.47,0.985,2.245,614.7,1.63,Low
Brinjal,Ripe,52,32.55,76.43,0.488,3.181,458.4,5.16,Low
Brinjal,Unripe,100,27.91,83.73,3.685,1.649,529.2,2.1,Low
Banana,Ripe,104,29.53,60.05,1.114,1.869,524.0,3.37,Low
Brinjal,Semi-Ripe,9,28.13,71.82,2.126,2.713,396.9,4.83,Low
Tomato,Unripe,127,27.99,53.77,1.021,3.972,410.8,3.16,Low
Mango,Semi-Ripe,234,24.06,76.0,1.062,3.389,768.1,2.89,Medium
Tomato,Unripe,25,29.81,67.72,0.35,3.683,393.0,2.06,Low
Brinjal,Ripe,118,38.38,71.37,0.222,2.57,544.4,6.42,Medium
Brinjal,Ripe,141,25.5,66.24,2.402,4.145,569.6,0.1,Low
Brinjal,Ripe,78,27.28,64.99,1.056,0.585,493.5,3.62,Low
Mango,Semi-Ripe,138,25.22,57.58,1.155,4.724,580.6,3.01,Medium
Onion,Ripe,82,25.05,77.49,0.417,4.867,539.5,3.18,Low
Brinjal,Ripe,38,33.18,85.88,0.531,3.002,395.6,2.33,Low
Banana,Semi-Ripe,202,24.31,61.32,2.104,3.415,564.4,6.65,Medium
Mango,Unripe,240,25.1,74.64,3.381,2.458,434.6,5.48,Medium
Onion,Unripe,93,20.65,73.19,0.647,2.269,708.9,5.43,Low
Brinjal,Semi-Ripe,22,23.97,68.1,1.6,1.828,551.5,5.08,Low
Onion,Semi-Ripe,39,20.17,49.68,1.142,2.446,416.0,3.02,Low
Mango,Semi-Ripe,215,29.53,52.38,0.919,3.112,541.1,4.43,Medium
Banana,Ripe,212,38.2,58.63,3.656,2.962,389.0,5.72,Medium
Tomato,Unripe,118,25.53,42.33,0.728,4.685,530.9,4.94,Medium
Banana,Unripe,210,20.33,84.9,2.383,2.61,472.9,2.94,Medium
Banana,Semi-Ripe,53,30.6,72.41,1.306,0.862,400.8,3.56,Low
Onion,Ripe,96,24.09,67.64,0.988,4.309,399.3,3.2,Low
Brinjal,Ripe,27,32.2,41.72,2.613,1.157,792.2,2.07,Low
Onion,Ripe,131,25.87,46.11,1.225,1.885,511.0,2.83,Low
Onion,Semi-Ripe,168,24.47,67.97,0.935,2.799,448.2,3.39,Low
Tomato,Semi-Ripe,231,26.29,91.65,2.626,2.959,427.4,7.53,Medium
Onion,Semi-Ripe,181,30.03,59.62,2.398,0.91,556.5,4.02,Medium
Tomato,Unripe,160,26.09,78.37,2.32,1.679,423.4,6.48,Medium
Banana,Ripe,162,25.01,62.24,0.066,0.871,368.6,4.68,Medium
Onion,Ripe,151,26.2,68.66,1.361,3.184,496.1,2.27,Low
Brinjal,Ripe,101,21.91,82.58,1.16,3.802,495.2,4.06,Medium
Onion,Semi-Ripe,120,28.59,63.85,0.976,1.156,450.0,1.8,Low
Banana,Ripe,41,19.85,59.72,1.532,3.595,393.0,4.08,Low
Brinjal,Unripe,4,25.22,85.02,1.2,3.524,453.1,2.17,Low
Banana,Semi-Ripe,190,30.04,68.55,1.607,1.775,443.6,6.32,Medium
Onion,Unripe,119,28.21,81.09,0.829,0.319,427.0,6.51,Low
Tomato,Semi-Ripe,209,29.36,59.78,2.854,1.322,533.2,1.88,Medium
Mango,Ripe,29,26.74,84.88,1.725,1.845,767.1,2.02,Low
Brinjal,Semi-Ripe,94,31.68,71.28,1.462,4.196,659.8,1.45,Low
Banana,Ripe,62,30.7,73.22,1.413,2.37,733.0,7.13,Low
Onion,Ripe,202,28.78,69.58,2.248,1.392,431.9,4.13,Low
Banana,Unripe,90,30.71,61.93,2.045,2.663,701.0,1.21,Low
Tomato,Ripe,153,30.0,67.98,0.924,1.075,527.3,8.37,Medium
Brinjal,Unripe,20,25.24,62.69,2.0,3.066,618.4,1.43,Low
Mango,Semi-Ripe,127,21.62,79.51,1.13,1.425,554.9,1.1,Low
Banana,Semi-Ripe,106,28.68,65.56,3.826,1.584,458.8,1.69,Low
Tomato,Unripe,147,29.18,50.04,2.156,2.913,586.3,4.52,Medium
Onion,Semi-Ripe,141,31.36,47.85,0.645,4.425,558.2,4.27,Medium
Banana,Ripe,25,23.25,47.28,5.112,4.918,300.0,1.3,Low
Onion,Unripe,12,23.37,75.42,0.23,1.356,485.1,1.77,Low
Banana,Unripe,30,28.84,54.18,1.562,1.844,604.7,2.96,Low
Onion,Semi-Ripe,52,26.72,71.6,0.614,3.067,533.3,5.51,Low
Mango,Unripe,175,19.46,69.64,3.734,3.786,556.3,5.2,Medium
Tomato,Unripe,64,28.5,67.22,1.194,0.12,409.8,2.25,Low
Banana,Semi-Ripe,233,19.59,73.26,0.574,2.596,530.7,4.88,Medium
Tomato,Semi-Ripe,20,23.22,69.9,0.83,1.964,488.4,4.13,Low
Onion,Ripe,122,32.41,35.48,0.607,0.384,475.6,6.99,Low
Onion,Semi-Ripe,172,34.3,64.12,0.807,1.029,418.5,2.58,Low
Mango,Unripe,13,22.14,73.1,0.794,1.875,609.8,4.66,Low
Tomato,Semi-Ripe,123,25.68,87.68,0.591,2.565,541.5,3.41,Low
Brinjal,Unripe,16,27.17,88.24,1.208,3.609,529.3,0.0,Low
Brinjal,Unripe,190,34.12,51.64,1.315,2.89,746.1,1.5,Medium
Brinjal,Ripe,112,25.03,63.8,0.498,3.542,556.9,6.25,Medium
Banana,Semi-Ripe,208,25.09,49.21,0.313,2.529,644.1,7.61,Medium
Banana,Semi-Ripe,158,33.19,86.24,1.243,1.725,532.8,3.37,Medium
Mango,Semi-Ripe,76,25.5,80.15,1.451,2.298,457.6,3.03,Low
Mango,Unripe,37,29.89,72.21,1.667,3.265,372.9,0.0,Low
Brinjal,Ripe,38,21.09,69.99,1.471,3.636,529.0,4.33,Low
Onion,Unripe,7,26.32,84.57,3.007,2.337,300.0,2.53,Low
Mango,Ripe,72,20.36,82.54,2.01,1.478,532.7,0.57,Low
Mango,Ripe,175,22.78,81.9,6.527,2.869,537.8,4.97,Medium
Banana,Unripe,85,30.36,73.48,8.762,3.026,473.9,1.02,Low
Tomato,Unripe,35,26.8,63.81,0.292,3.856,488.9,3.92,Low
Brinjal,Ripe,19,25.72,77.21,0.215,1.753,349.9,0.78,Low
Tomato,Unripe,105,24.01,77.79,0.995,1.765,666.3,4.37,Low
Brinjal,Unripe,50,26.12,65.71,1.423,3.332,459.5,1.92,Medium
Onion,Ripe,176,28.2,63.79,0.948,2.052,383.3,0.35,Medium
Onion,Unripe,81,30.93,81.6,1.636,2.005,565.4,5.27,Low
Tomato,Semi-Ripe,30,16.5,87.97,0.828,3.88,513.3,4.75,Low
Banana,Semi-Ripe,65,23.67,59.01,0.615,0.992,457.0,2.34,Low
Banana,Semi-Ripe,106,27.64,64.84,0.684,4.762,444.3,4.27,Low
Banana,Unripe,9,26.6,72.21,0.869,1.826,499.3,3.4,Low
Brinjal,Semi-Ripe,26,28.61,73.84,1.805,3.453,661.5,3.66,Low
Onion,Semi-Ripe,231,28.07,61.73,0.711,2.38,556.3,8.38,Medium
Banana,Ripe,83,25.78,90.6,0.817,2.798,495.9,4.25,Medium
Banana,Ripe,180,24.89,73.07,1.491,2.211,602.3,4.02,Medium
Brinjal,Semi-Ripe,219,26.02,74.38,0.87,3.442,503.3,5.9,Medium
Banana,Unripe,27,31.59,89.11,2.185,2.118,548.2,2.05,Low
Mango,Semi-Ripe,165,24.07,62.61,0.525,1.87,518.1,2.56,Low
Onion,Semi-Ripe,200,26.75,66.94,0.451,4.495,570.8,7.1,High
Brinjal,Ripe,5,27.73,52.96,1.238,2.532,446.7,3.52,Low
Banana,Ripe,74,33.24,65.93,1.327,1.757,363.3,0.04,Low
Tomato,Unripe,32,25.8,50.13,0.546,0.861,608.8,1.65,Low
Mango,Unripe,7,30.84,76.97,2.561,4.552,680.6,3.95,Low
Mango,Semi-Ripe,70,31.93,73.04,3.848,1.893,369.0,0.53,Low
Brinjal,Ripe,44,26.74,64.68,0.644,4.768,521.5,1.67,Low
Tomato,Unripe,215,26.16,66.79,2.832,2.939,446.1,9.87,Medium
Mango,Semi-Ripe,57,25.68,77.14,0.189,2.657,606.0,2.59,Low
Banana,Ripe,180,25.98,54.37,2.124,2.687,529.6,6.61,Medium
Brinjal,Ripe,12,30.42,70.45,0.549,4.938,899.3,5.34,Low
Tomato,Ripe,148,27.92,76.39,1.98,0.1,463.8,2.64,Low
Brinjal,Ripe,167,27.94,46.61,0.51,2.736,684.5,4.98,Medium
Banana,Ripe,36,22.5,76.22,0.953,2.208,696.2,6.64,Low
Brinjal,Unripe,103,23.13,47.91,0.567,2.266,564.0,4.56,Low
Tomato,Semi-Ripe,223,35.57,66.59,0.861,2.664,504.4,9.43,Medium
Banana,Ripe,147,26.29,54.04,3.6,2.207,511.4,3.12,Low
Banana,Semi-Ripe,194,23.9,85.17,0.927,2.707,501.2,8.06,Medium
Mango,Unripe,102,32.72,54.11,4.381,2.474,636.0,3.75,Low
Tomato,Ripe,57,28.13,48.2,0.763,1.055,395.3,2.59,Low
Mango,Unripe,113,29.31,69.6,2.841,2.92,480.7,5.01,Low
Banana,Unripe,97,26.45,63.04,0.32,3.288,466.1,3.46,Low
Tomato,Ripe,236,25.73,49.94,0.818,1.904,300.0,5.18,Medium
Onion,Ripe,103,26.32,74.31,0.687,4.555,603.1,4.61,Low
Brinjal,Unripe,151,21.47,44.1,2.934,3.969,627.6,1.06,Low
Mango,Semi-Ripe,141,26.65,55.57,1.138,3.428,423.9,2.75,Low
Tomato,Unripe,89,28.18,61.1,0.232,3.415,623.6,4.87,Low
Brinjal,Semi-Ripe,90,34.4,77.63,0.4,2.533,310.0,5.36,Low
Tomato,Ripe,203,27.34,83.55,0.492,3.756,502.9,5.58,Medium
Banana,Ripe,50,17.66,81.23,1.923,4.228,484.8,3.6,Low
Mango,Unripe,100,26.62,66.16,1.757,3.389,510.5,4.42,Medium
Mango,Ripe,160,37.96,38.87,0.81,1.873,509.9,6.14,Low
Brinjal,Unripe,13,30.47,72.69,0.681,2.456,490.8,0.09,Low
Mango,Semi-Ripe,163,23.76,85.65,1.651,3.131,453.5,3.54,Low
Mango,Semi-Ripe,200,29.36,82.81,0.454,3.422,487.0,4.77,Medium
Mango,Semi-Ripe,106,24.03,73.56,1.378,2.415,663.6,4.12,Medium
Tomato,Ripe,140,21.58,53.73,1.298,1.877,430.6,0.38,Low
Brinjal,Semi-Ripe,117,25.61,61.7,0.825,4.243,770.6,1.64,Low
Banana,Ripe,160,27.37,91.21,1.321,1.32,423.8,4.39,Medium
Mango,Semi-Ripe,12,19.51,51.0,1.074,1.465,528.8,4.47,Low
Mango,Semi-Ripe,148,22.4,54.23,1.417,1.04,568.5,3.52,Low
Onion,Semi-Ripe,109,27.04,79.31,0.393,1.462,465.0,2.61,Low
Banana,Unripe,8,25.37,62.83,1.537,3.872,665.9,3.55,Low
Brinjal,Ripe,192,28.58,53.82,2.052,3.909,565.4,4.21,Medium
Onion,Unripe,36,22.14,86.34,1.252,2.419,475.4,4.52,Low
Banana,Unripe,142,29.86,73.53,1.523,3.046,664.6,3.81,Low
Mango,Semi-Ripe,204,22.26,63.42,0.926,2.488,378.1,2.94,Medium
Onion,Ripe,221,33.57,54.25,1.866,1.189,432.1,7.71,Medium
Banana,Semi-Ripe,151,20.14,92.57,1.047,4.94,567.5,6.54,Medium
Mango,Unripe,172,22.63,67.71,0.448,4.012,596.2,2.84,Medium
Onion,Unripe,140,28.67,84.77,1.776,2.89,538.7,4.89,Medium
Brinjal,Ripe,187,33.66,78.72,0.319,1.559,484.7,4.16,Medium
Banana,Ripe,235,28.26,61.75,1.219,2.253,469.8,6.43,Medium
Mango,Unripe,110,29.25,61.84,0.764,1.738,635.8,2.24,Low
Brinjal,Ripe,99,27.07,85.36,0.731,2.607,528.8,5.26,Medium
Banana,Semi-Ripe,41,22.89,85.55,1.128,2.841,395.3,5.14,Low
Mango,Unripe,236,25.04,45.48,0.609,2.125,388.4,3.63,Medium
Tomato,Unripe,219,22.15,74.6,1.431,0.9,681.6,5.25,Medium
Onion,Ripe,170,21.89,66.55,1.041,4.845,413.7,6.73,Medium
Onion,Unripe,158,28.61,55.6,0.649,2.761,532.7,2.59,Low
Onion,Ripe,49,22.51,71.14,2.552,3.002,662.1,1.88,Low
Mango,Semi-Ripe,219,28.28,51.8,1.154,2.035,565.1,6.32,Medium
Brinjal,Ripe,13,21.79,62.4,1.555,0.782,409.1,2.37,Low
Banana,Semi-Ripe,148,28.19,58.42,2.696,2.408,378.1,1.44,Low
Mango,Unripe,61,25.05,62.0,2.665,2.144,724.4,2.66,Low
Onion,Semi-Ripe,109,32.63,67.14,1.501,3.28,375.1,6.95,Low
Mango,Ripe,22,28.29,55.81,0.809,3.497,433.6,6.48,Low
Tomato,Ripe,32,31.94,86.88,0.368,3.342,544.7,1.74,Low
Tomato,Semi-Ripe,90,23.98,73.92,1.156,3.587,473.7,1.94,Low
Onion,Unripe,95,27.22,89.53,2.152,4.484,568.9,2.82,Low
Tomato,Unripe,212,23.08,66.08,1.281,2.929,323.9,8.29,Medium
Banana,Semi-Ripe,144,25.35,61.41,0.09,3.709,474.8,5.74,Medium
Banana,Ripe,7,25.95,89.1,1.839,3.043,581.3,5.22,Low
Brinjal,Semi-Ripe,224,24.1,61.06,1.919,0.41,581.7,6.99,Medium
Onion,Semi-Ripe,147,22.14,65.86,0.81,2.33,431.3,1.89,Low
Banana,Ripe,199,21.35,76.64,1.997,1.546,377.4,3.18,Low
Brinjal,Unripe,222,17.64,53.15,1.552,2.755,525.6,3.91,Medium
Onion,Unripe,123,22.77,76.54,0.619,1.63,342.5,3.04,Low
Onion,Ripe,43,29.51,75.0,2.435,3.166,654.1,1.8,Low
Onion,Semi-Ripe,107,20.61,83.23,0.412,3.579,518.9,2.77,Low
Brinjal,Semi-Ripe,165,21.53,78.68,0.961,3.824,416.4,5.63,Medium
Mango,Ripe,8,34.16,83.6,0.896,4.281,373.5,2.84,Low
Banana,Ripe,227,24.45,66.67,0.561,0.656,424.0,7.42,Medium
Brinjal,Semi-Ripe,84,28.28,57.65,1.237,1.181,312.6,3.96,Low
Mango,Unripe,158,29.57,93.32,2.502,5.721,559.4,3.18,Medium
Onion,Ripe,236,29.65,49.68,2.395,3.61,403.7,5.67,Medium
Banana,Unripe,208,20.91,50.88,1.66,2.747,548.0,2.28,Medium
Brinjal,Unripe,178,26.08,74.78,0.305,2.535,564.5,0.47,Medium
Banana,Unripe,72,20.53,87.5,0.393,2.437,615.9,4.52,Low
Onion,Unripe,126,36.79,70.27,1.123,0.373,530.2,5.84,Medium
Brinjal,Ripe,120,20.62,79.99,0.976,1.65,635.0,4.07,Medium
Brinjal,Semi-Ripe,207,22.81,44.05,0.706,2.377,666.3,4.28,Low
Brinjal,Ripe,9,22.84,62.01,3.795,1.713,531.0,0.19,Low
Mango,Unripe,5,21.01,45.51,1.077,1.856,538.2,4.66,Low
Mango,Ripe,28,32.41,77.36,1.462,5.315,433.1,3.72,Low
Onion,Semi-Ripe,230,36.69,49.43,1.997,2.223,381.5,5.78,Medium
Banana,Semi-Ripe,130,25.1,52.67,1.039,2.806,653.8,4.05,Medium
Brinjal,Unripe,168,21.72,74.17,6.133,2.767,572.7,3.67,Medium
Banana,Ripe,22,18.05,80.74,0.518,3.148,582.4,0.76,Low
Tomato,Semi-Ripe,3,26.02,66.09,0.654,1.975,429.1,2.99,Low
Banana,Ripe,156,25.73,74.84,0.517,3.872,694.9,3.4,Low
Tomato,Ripe,170,24.39,74.45,2.986,2.988,472.6,3.78,Medium
Tomato,Unripe,102,27.89,65.41,1.753,1.084,403.8,6.82,Low
Mango,Ripe,20,28.58,54.86,0.683,2.382,431.2,2.65,Low
Mango,Semi-Ripe,118,28.29,74.78,0.546,2.311,688.5,0.0,Low
Brinjal,Unripe,154,25.74,75.36,2.636,2.26,366.7,3.38,Low
Mango,Ripe,51,22.59,78.73,1.288,3.06,409.9,1.31,Low
Brinjal,Unripe,72,29.66,71.74,2.684,3.198,847.8,3.11,Low
Mango,Ripe,179,27.05,53.98,0.959,3.068,612.9,2.08,Medium
Onion,Ripe,51,30.55,76.28,1.431,2.873,412.0,3.89,Low
Banana,Unripe,23,30.16,67.98,1.234,2.594,370.2,2.24,Low
Tomato,Semi-Ripe,151,21.31,62.21,0.646,0.134,300.0,3.46,Low
Tomato,Ripe,5,21.26,64.46,0.904,3.356,511.7,2.83,Low
Tomato,Semi-Ripe,104,23.98,59.72,0.436,3.037,587.4,3.61,Low
Banana,Ripe,137,22.77,78.67,1.413,1.417,682.3,3.9,Medium
Mango,Ripe,15,30.02,50.98,1.704,2.809,300.0,2.28,Low
Tomato,Unripe,157,28.41,56.08,2.0,3.213,341.0,4.35,Low
Brinjal,Semi-Ripe,198,31.4,64.05,1.595,3.788,485.7,5.49,Medium
Onion,Ripe,234,28.59,87.37,0.914,3.061,834.5,5.7,Medium
Onion,Semi-Ripe,64,27.83,80.65,2.964,2.854,606.3,5.3,Low
Tomato,Semi-Ripe,78,31.8,48.31,1.868,3.541,544.7,2.45,Low
Onion,Ripe,148,28.88,84.22,2.643,2.163,353.0,4.7,Medium
Banana,Unripe,144,27.27,84.19,2.762,2.953,300.0,8.63,Medium
Mango,Semi-Ripe,146,32.92,53.91,0.916,1.817,504.7,4.18,Medium
Tomato,Semi-Ripe,75,27.46,37.74,1.312,3.721,488.1,3.4,Low
Brinjal,Ripe,13,25.78,67.13,1.72,0.729,467.9,0.38,Low
Mango,Ripe,6,23.65,81.47,0.447,3.398,454.3,1.29,Low
Brinjal,Ripe,240,29.81,87.1,0.454,2.519,410.2,5.19,Medium
Banana,Semi-Ripe,97,31.95,57.55,0.403,3.562,382.7,4.62,Low
Onion,Semi-Ripe,107,26.8,89.02,0.927,1.641,666.7,4.95,Medium
Brinjal,Unripe,150,32.23,41.26,0.792,2.599,393.6,4.89,Low
Brinjal,Ripe,49,19.12,63.58,0.366,2.567,466.9,4.54,Low
Banana,Unripe,92,26.78,62.99,1.11,2.977,495.3,1.81,Low
Banana,Unripe,105,26.84,81.83,0.935,1.348,584.8,4.64,Medium
Tomato,Semi-Ripe,22,24.09,83.58,2.288,3.2,397.8,2.79,Low
Brinjal,Ripe,145,36.54,79.45,4.092,0.47,617.4,4.46,Medium
Brinjal,Ripe,46,26.74,51.79,1.376,1.765,430.4,2.4,Low
Mango,Unripe,0,25.37,78.35,0.614,0.781,480.6,0.78,Low
Tomato,Semi-Ripe,149,27.1,74.11,1.573,3.411,697.2,2.1,Low
Brinjal,Unripe,72,18.99,47.95,1.007,2.94,383.7,3.94,Low
Brinjal,Semi-Ripe,172,23.96,43.2,0.845,3.002,586.5,5.46,Medium
Brinjal,Ripe,129,30.93,80.46,0.547,4.121,620.6,3.81,Medium
Tomato,Semi-Ripe,7,24.48,65.84,0.723,2.152,537.2,2.56,Low
Onion,Ripe,167,23.68,52.58,0.883,3.171,485.9,3.21,Low
Mango,Semi-Ripe,9,32.24,65.5,1.756,2.573,755.1,3.51,Low
Mango,Ripe,75,32.36,72.37,1.43,2.405,498.3,3.51,Low
Banana,Semi-Ripe,165,29.07,67.01,3.589,3.937,524.5,3.82,Medium
Onion,Ripe,97,25.18,49.38,1.603,4.79,459.6,5.22,Medium
Onion,Ripe,92,26.04,90.63,1.346,2.025,518.1,4.77,Low
Tomato,Ripe,53,23.78,80.05,0.807,3.417,615.7,0.37,Low
Onion,Semi-Ripe,106,23.02,63.98,0.484,2.851,467.0,3.86,Low
Brinjal,Semi-Ripe,70,22.82,64.46,0.671,2.864,300.0,1.62,Low
Onion,Ripe,228,24.53,72.31,0.613,2.772,561.6,5.49,Medium
Onion,Ripe,165,22.86,54.44,0.167,2.134,370.6,0.0,Low
Banana,Unripe,219,20.75,71.87,0.494,0.1,589.0,5.48,Low
Tomato,Unripe,81,27.88,52.03,3.07,4.188,499.8,4.75,Low
Tomato,Unripe,228,27.94,67.15,1.294,1.736,613.2,5.04,Medium
Brinjal,Unripe,67,33.8,53.98,0.768,2.234,386.2,1.21,Low
Tomato,Unripe,74,24.33,54.58,1.322,2.258,435.8,6.91,Low
Brinjal,Unripe,71,28.18,87.75,0.255,1.638,459.2,5.43,Low
Tomato,Unripe,142,28.25,68.71,1.218,2.764,322.1,3.25,Low
Onion,Ripe,147,25.98,70.49,2.445,2.451,633.4,3.79,Low
Mango,Ripe,15,29.98,43.86,0.919,1.712,304.9,0.0,Low
Tomato,Unripe,135,30.1,60.84,0.289,2.664,631.7,4.97,Medium
Mango,Semi-Ripe,229,28.31,73.53,0.748,2.464,550.9,2.78,Medium
Onion,Semi-Ripe,98,25.98,70.33,2.449,3.521,476.1,4.88,Low
Banana,Ripe,168,25.57,42.15,1.198,1.026,541.4,6.36,Low
Onion,Unripe,152,21.53,70.49,0.371,1.614,538.1,4.2,Medium
Mango,Ripe,236,23.78,72.4,5.245,3.298,451.9,3.42,Medium
Brinjal,Unripe,154,24.51,83.41,0.416,1.796,535.8,6.6,Medium
Tomato,Semi-Ripe,113,22.5,60.14,0.844,1.506,587.7,3.86,Low
Banana,Semi-Ripe,3,28.76,41.1,0.484,1.851,386.6,2.7,Low
Mango,Unripe,193,31.79,56.04,0.484,2.389,541.5,3.14,Low
Brinjal,Unripe,81,23.37,54.84,0.729,2.393,300.0,3.82,Low
Brinjal,Semi-Ripe,222,28.13,76.84,1.561,2.269,300.0,4.8,Medium
Tomato,Ripe,58,22.86,35.4,2.468,1.369,567.7,0.8,Low
Brinjal,Semi-Ripe,105,25.78,62.62,0.763,3.35,449.9,6.17,Low
Brinjal,Ripe,199,24.24,85.11,0.493,3.959,397.6,8.05,Medium
Mango,Semi-Ripe,36,29.41,68.09,1.398,0.399,493.6,4.76,Low
Tomato,Semi-Ripe,66,24.28,78.76,1.427,0.791,452.5,4.86,Low
Banana,Ripe,190,31.05,48.3,1.183,3.603,381.4,7.96,Medium
Mango,Semi-Ripe,76,26.02,48.78,1.213,4.227,303.3,1.53,Low
Brinjal,Ripe,230,24.4,85.25,0.924,0.158,300.0,3.35,Medium
Tomato,Ripe,129,21.99,69.21,1.071,3.397,588.7,3.3,Low
Mango,Semi-Ripe,198,28.01,69.24,0.881,4.302,449.3,5.41,Medium
Brinjal,Semi-Ripe,131,30.58,54.58,2.115,1.551,616.3,3.55,Medium
Onion,Unripe,10,28.09,69.21,4.758,4.238,448.1,0.78,Low
Banana,Unripe,195,35.96,54.25,1.134,2.304,542.6,4.85,Medium
Tomato,Ripe,101,32.72,82.24,0.995,2.846,485.0,3.54,Medium
Brinjal,Semi-Ripe,93,25.77,95.0,1.196,1.709,505.3,5.13,Low
Tomato,Ripe,177,25.73,73.81,0.631,3.601,511.2,4.7,Low
Tomato,Semi-Ripe,67,28.88,60.38,1.708,3.418,446.5,0.0,Low
Brinjal,Unripe,103,23.65,37.6,1.362,4.397,352.4,4.43,Low
Mango,Semi-Ripe,146,31.67,47.79,0.745,4.085,591.9,7.1,Medium
Tomato,Unripe,142,28.45,86.66,1.88,2.49,691.2,4.26,Medium
Banana,Semi-Ripe,175,28.03,55.65,1.013,5.919,699.1,6.38,Medium
Mango,Semi-Ripe,19,29.75,63.55,0.507,3.986,433.6,1.82,Low
Brinjal,Ripe,239,33.89,75.86,1.279,3.095,412.0,6.39,Medium
Onion,Ripe,146,27.68,85.79,1.18,1.403,433.5,2.91,Low
Tomato,Semi-Ripe,149,26.55,65.6,1.959,0.817,478.9,3.84,Low
Brinjal,Ripe,212,33.03,63.14,1.79,0.91,493.7,4.61,Medium
Brinjal,Unripe,118,30.87,68.86,0.926,1.473,380.2,4.77,Low
Onion,Semi-Ripe,7,25.72,60.47,0.719,4.015,322.4,1.1,Low
Mango,Semi-Ripe,32,27.02,61.11,1.001,3.036,506.0,0.25,Low
Tomato,Semi-Ripe,228,27.78,72.94,1.29,1.825,300.0,6.08,Medium
Onion,Ripe,237,28.45,70.22,1.403,2.351,487.9,6.12,Medium
Tomato,Semi-Ripe,20,21.57,93.58,1.235,2.216,386.6,2.94,Low
Banana,Unripe,165,20.83,73.27,0.938,3.38,593.6,6.16,Medium
Brinjal,Semi-Ripe,159,23.45,81.81,2.009,1.533,625.7,4.04,Medium
Tomato,Unripe,39,23.14,55.14,0.624,2.885,628.5,3.47,Low
Mango,Semi-Ripe,189,24.42,74.3,5.672,2.83,458.4,4.14,Medium
Tomato,Ripe,110,29.54,59.32,1.706,1.566,363.8,3.35,Low
Onion,Unripe,55,26.32,72.75,0.454,4.247,402.2,3.77,Low
Mango,Semi-Ripe,135,27.79,76.26,1.138,2.175,534.5,8.2,Medium
Brinjal,Unripe,218,22.1,68.6,1.718,1.408,302.5,6.45,Medium
Mango,Unripe,52,25.15,95.0,0.783,3.438,667.2,4.11,Low
Brinjal,Unripe,149,29.35,85.14,0.351,2.56,460.3,5.68,Medium
Brinjal,Semi-Ripe,176,29.38,82.13,0.483,2.949,560.0,0.39,Low
Tomato,Semi-Ripe,150,24.1,77.17,1.462,1.197,300.0,4.87,Low
Brinjal,Semi-Ripe,156,27.65,89.16,0.293,3.394,388.9,6.01,Medium
Brinjal,Unripe,174,35.8,50.76,0.363,4.89,300.0,4.74,Low
Tomato,Unripe,56,26.93,84.44,1.456,1.111,622.5,3.09,Low
Mango,Unripe,24,24.23,56.11,0.856,2.89,480.8,1.1,Low
Onion,Ripe,238,26.3,61.23,0.614,1.636,568.6,4.58,Medium
Banana,Semi-Ripe,77,27.37,74.74,0.707,5.459,507.6,1.92,Low
Tomato,Semi-Ripe,228,26.4,82.8,0.357,3.864,556.2,7.04,Medium
Brinjal,Unripe,64,26.87,54.16,1.404,2.81,459.5,5.97,Low
Brinjal,Unripe,63,21.23,61.85,0.569,1.149,475.6,6.74,Low
Banana,Semi-Ripe,6,23.15,69.17,0.687,1.415,489.0,1.04,Low
Tomato,Ripe,106,26.4,65.76,1.275,3.321,548.7,2.57,Low
Tomato,Unripe,227,26.34,78.25,0.836,1.001,551.9,3.87,Medium
Mango,Semi-Ripe,215,24.74,95.0,0.611,1.036,837.4,3.25,Medium
Banana,Semi-Ripe,73,26.29,73.03,0.248,2.51,701.8,1.57,Low
Brinjal,Ripe,97,27.24,59.18,1.293,2.647,300.0,2.74,Low
Brinjal,Unripe,161,30.56,52.44,1.057,2.918,482.8,6.01,Medium
Mango,Unripe,230,26.6,64.1,0.696,2.017,451.3,3.97,Medium
Brinjal,Semi-Ripe,145,28.6,56.72,0.484,3.512,653.6,6.14,Medium
Tomato,Semi-Ripe,48,24.83,73.61,1.009,1.552,462.1,5.54,Low
Tomato,Unripe,85,29.29,73.42,1.4,3.189,555.7,4.03,Low
Brinjal,Semi-Ripe,174,28.5,62.44,1.071,2.736,300.0,6.8,Low
Onion,Ripe,5,30.46,91.82,3.148,3.161,318.4,0.11,Low
Brinjal,Ripe,144,29.85,59.17,1.638,3.8,751.1,3.22,Medium
Banana,Unripe,185,29.35,66.57,0.928,1.999,506.0,5.06,Medium
Onion,Ripe,83,26.61,75.67,1.677,1.773,380.2,3.9,Low
Mango,Ripe,129,27.98,78.7,1.035,0.643,529.1,6.62,Medium
Brinjal,Semi-Ripe,172,31.25,83.33,1.032,0.279,373.6,2.77,Medium
Brinjal,Semi-Ripe,143,24.39,73.14,2.478,2.306,466.0,3.25,Low
Tomato,Ripe,5,24.49,80.61,0.533,2.382,325.7,2.41,Low
Onion,Semi-Ripe,141,27.73,60.02,1.016,1.305,405.4,3.26,Low
Brinjal,Unripe,55,28.66,79.02,2.3,1.542,450.0,1.28,Low
Mango,Unripe,178,23.7,78.86,1.241,4.176,634.5,3.78,Medium
Onion,Ripe,62,26.7,86.15,0.772,3.463,555.7,2.8,Low
Mango,Semi-Ripe,235,26.62,47.98,0.303,1.112,576.6,7.93,Medium
Tomato,Semi-Ripe,28,18.14,57.11,0.204,2.013,496.9,1.0,Low
Brinjal,Ripe,214,26.12,77.88,4.277,2.947,598.7,6.54,Medium
Tomato,Unripe,8,26.37,36.18,1.241,1.811,395.2,4.89,Low
Banana,Ripe,164,26.36,73.9,0.664,1.61,412.1,3.55,Medium
Brinjal,Unripe,85,32.66,80.72,1.277,2.128,548.9,3.99,Low
Tomato,Semi-Ripe,47,22.14,61.08,0.515,3.7,466.5,4.1,Low
Brinjal,Unripe,52,23.7,62.84,0.793,3.8,498.3,3.86,Low
Banana,Ripe,9,16.55,55.11,0.518,1.691,480.3,2.76,Low
Mango,Unripe,32,25.08,61.74,0.372,3.007,650.4,1.66,Low
Tomato,Semi-Ripe,94,25.42,62.09,0.229,2.493,656.7,4.82,Low
Brinjal,Unripe,37,24.96,59.81,0.327,1.391,424.9,2.27,Low
Tomato,Ripe,233,31.43,59.15,2.044,2.173,300.0,5.35,Medium
Tomato,Unripe,199,30.44,64.75,0.501,1.109,414.6,5.2,Low
Mango,Semi-Ripe,113,27.31,64.6,1.454,3.779,392.4,5.4,Low
Banana,Ripe,22,25.52,90.49,1.954,4.208,599.8,6.23,Low
Onion,Ripe,237,31.1,63.27,1.012,2.048,610.5,4.02,Medium
Brinjal,Semi-Ripe,174,26.92,72.13,0.811,1.786,376.3,4.68,Medium
Brinjal,Semi-Ripe,44,23.73,61.08,1.098,3.66,409.5,0.36,Low
Tomato,Unripe,13,20.14,60.92,0.747,3.838,322.5,5.32,Low
Brinjal,Semi-Ripe,149,25.23,47.55,2.323,1.274,516.1,4.37,Medium
Mango,Ripe,9,30.02,49.14,3.719,2.337,494.6,2.07,Low
Banana,Unripe,148,36.11,53.52,2.759,2.435,594.7,4.37,Low
Brinjal,Unripe,106,27.25,70.2,0.222,1.652,559.7,3.96,Low
Tomato,Unripe,212,23.94,80.91,0.736,2.925,573.2,3.73,Medium
Mango,Semi-Ripe,92,22.26,46.56,1.003,1.73,315.0,5.74,Low
Mango,Unripe,107,29.21,61.41,1.383,1.906,424.8,4.94,Low
Onion,Ripe,131,19.94,51.6,0.298,2.389,613.9,5.48,Medium
Onion,Semi-Ripe,236,29.2,64.83,0.295,0.862,435.4,4.11,Medium
Onion,Ripe,169,30.27,80.91,2.496,0.238,304.7,3.21,Low
Banana,Ripe,161,28.75,62.64,0.676,3.51,597.0,4.23,Low
Brinjal,Semi-Ripe,74,26.12,67.43,0.353,1.686,430.7,4.83,Low
Brinjal,Ripe,116,29.26,85.46,0.462,4.848,627.5,4.8,Medium
Brinjal,Semi-Ripe,46,27.68,73.49,1.314,4.669,497.8,1.65,Low
Brinjal,Ripe,94,23.89,58.88,0.562,1.943,466.7,4.83,Low
Onion,Unripe,198,34.4,69.91,1.184,5.073,663.6,3.13,Medium
Mango,Ripe,23,25.59,58.07,0.504,3.531,343.7,1.59,Low
Brinjal,Semi-Ripe,39,30.1,73.05,0.295,1.79,672.1,3.25,Low
Brinjal,Semi-Ripe,141,17.33,74.18,2.71,0.1,423.3,2.08,Low
Brinjal,Unripe,192,32.11,51.59,1.321,3.257,519.5,3.07,Low
Onion,Semi-Ripe,234,32.88,70.1,0.792,2.534,520.6,8.1,High
Tomato,Semi-Ripe,141,27.12,66.59,0.694,2.974,448.7,6.65,Low
Onion,Semi-Ripe,158,29.24,74.54,2.788,2.248,408.5,8.52,Medium
Onion,Ripe,69,29.23,77.98,1.513,1.242,455.6,4.14,Low
Onion,Semi-Ripe,98,24.43,73.73,2.232,2.03,378.3,4.84,Low
Mango,Ripe,75,29.19,64.36,0.665,3.277,735.4,3.12,Low
Banana,Ripe,26,23.77,79.2,1.036,2.11,442.3,2.18,Low
Tomato,Semi-Ripe,89,24.56,57.52,1.325,2.104,639.1,5.14,Low
Tomato,Semi-Ripe,52,31.51,52.15,0.68,0.829,623.3,5.58,Low
Banana,Ripe,142,30.9,30.0,0.935,2.6,543.6,5.62,Low
Onion,Unripe,181,24.17,67.16,0.665,1.277,483.7,3.16,Low
Mango,Ripe,236,24.07,58.14,1.322,3.51,523.3,6.04,Medium
Brinjal,Unripe,212,24.42,72.77,0.397,1.692,568.7,3.66,Medium
Tomato,Semi-Ripe,76,29.93,44.35,1.492,2.175,512.1,2.83,Low
Tomato,Unripe,226,23.0,60.23,1.243,4.88,312.0,8.16,Medium
Brinjal,Ripe,226,28.43,73.64,0.867,2.163,300.0,3.05,Medium
Mango,Semi-Ripe,121,29.99,55.64,1.37,2.015,681.1,7.86,Low
Tomato,Semi-Ripe,49,26.65,72.91,0.775,3.144,300.0,4.08,Low
Onion,Semi-Ripe,187,31.04,61.32,0.626,0.536,523.5,3.9,Medium
Onion,Ripe,27,25.78,67.61,1.463,3.876,471.8,2.95,Low
Tomato,Unripe,87,26.14,75.14,1.508,3.593,519.3,2.31,Low
Onion,Unripe,128,23.09,79.43,0.701,3.077,363.2,3.05,Low
Tomato,Ripe,208,31.07,69.11,0.66,0.1,542.1,5.13,Medium
Brinjal,Semi-Ripe,235,23.93,58.23,0.88,2.215,524.7,4.73,Medium
Brinjal,Ripe,197,28.4,62.5,0.679,1.1,831.3,3.18,Medium
Mango,Semi-Ripe,116,26.71,75.64,2.908,3.737,515.6,3.49,Low
Tomato,Ripe,20,22.79,55.74,1.248,3.658,661.8,0.37,Low
Banana,Unripe,192,24.56,65.86,1.01,2.927,320.2,2.51,Medium
Onion,Semi-Ripe,206,32.53,63.37,0.521,1.177,622.4,2.66,Medium
Tomato,Semi-Ripe,113,27.81,66.76,1.677,4.144,527.2,6.86,Medium
Onion,Semi-Ripe,133,22.96,55.89,0.652,2.212,532.4,4.83,Low
Brinjal,Ripe,204,28.22,45.78,0.633,4.486,534.0,6.02,Medium
Onion,Unripe,31,26.42,74.25,1.717,2.792,704.8,2.89,Low
Mango,Ripe,195,40.0,79.57,1.311,3.057,530.6,5.75,Medium
Brinjal,Ripe,123,28.14,46.49,0.173,1.994,405.9,6.09,Low
Banana,Unripe,165,25.48,72.43,0.895,4.048,426.1,5.21,Low
Brinjal,Semi-Ripe,45,32.68,81.0,1.092,3.169,598.1,5.99,Low
Tomato,Unripe,148,19.64,75.15,0.788,4.087,553.7,4.21,Low
Banana,Semi-Ripe,64,27.38,63.0,1.119,2.695,316.3,4.35,Low
Onion,Semi-Ripe,124,34.98,56.68,0.282,2.448,561.8,5.26,Medium
Onion,Ripe,126,26.54,68.97,0.138,3.155,370.1,2.33,Low
Mango,Unripe,230,20.07,70.97,0.505,4.087,552.6,5.34,Medium
Tomato,Semi-Ripe,161,25.42,69.15,1.218,3.618,403.3,1.12,Low
Banana,Unripe,134,32.82,65.84,0.105,2.652,466.2,3.87,Medium
Mango,Ripe,96,28.5,55.01,0.554,0.457,434.6,3.15,Low
Mango,Unripe,81,23.64,73.07,0.26,3.391,682.3,2.86,Low
Tomato,Ripe,157,24.26,73.65,0.844,0.917,548.2,3.65,Low
Banana,Semi-Ripe,212,24.76,70.41,3.937,2.539,651.3,5.97,Medium
Tomato,Ripe,137,28.44,69.33,0.859,2.373,847.4,2.55,Low
Onion,Unripe,159,32.35,88.15,0.928,0.94,505.6,7.76,Medium
Tomato,Semi-Ripe,79,31.21,60.51,1.799,2.91,680.2,4.47,Low
Tomato,Unripe,134,28.82,83.38,1.015,4.87,416.1,2.66,Low
Banana,Unripe,137,21.67,59.19,0.86,2.156,650.6,5.31,Low
Tomato,Ripe,164,21.69,81.31,1.913,3.342,403.1,6.26,Medium
Banana,Ripe,76,29.13,82.8,1.391,5.091,497.8,4.08,Low
Tomato,Ripe,84,21.62,64.48,1.224,3.449,564.4,1.7,Low
Onion,Unripe,86,26.1,87.93,0.907,1.791,583.3,7.56,Medium
Banana,Ripe,101,28.22,73.63,0.785,2.761,347.3,4.86,Low
Mango,Semi-Ripe,70,22.45,57.47,1.9,3.029,396.0,1.09,Low
Brinjal,Unripe,47,22.9,63.51,0.79,4.077,573.4,3.44,Low
Banana,Semi-Ripe,120,26.62,81.59,2.368,3.835,455.9,3.54,Low
Onion,Unripe,206,29.01,79.08,0.48,0.1,332.3,4.98,Low
Brinjal,Semi-Ripe,7,31.25,55.3,2.728,1.558,491.5,0.44,Low
Onion,Semi-Ripe,160,29.43,66.33,1.392,2.423,485.7,4.52,Medium
Onion,Unripe,196,27.29,70.44,0.508,1.383,521.2,3.36,Low
Tomato,Ripe,198,24.02,61.91,1.428,0.1,563.5,4.25,Medium
Brinjal,Semi-Ripe,205,22.72,95.0,0.634,1.702,555.9,5.66,Medium
Onion,Semi-Ripe,76,24.96,70.8,1.024,2.496,407.8,2.55,Low
Tomato,Unripe,24,28.64,67.26,0.711,1.922,450.7,2.27,Low
Onion,Ripe,239,28.35,82.29,0.911,1.403,611.3,6.84,Medium
Brinjal,Semi-Ripe,168,18.6,63.62,1.933,2.546,434.8,2.92,Medium
Brinjal,Semi-Ripe,86,23.86,80.09,1.438,2.877,452.6,2.36,Low
Brinjal,Unripe,205,31.82,47.99,0.455,1.985,319.5,2.7,Low
Mango,Ripe,85,27.32,62.56,0.473,4.009,496.6,2.04,Low
Onion,Semi-Ripe,180,21.33,80.59,1.209,2.563,541.4,4.89,Medium
Brinjal,Ripe,231,36.42,86.84,1.272,1.541,300.0,6.42,Medium
Banana,Semi-Ripe,185,26.88,58.72,0.624,1.263,371.6,3.27,Low
Brinjal,Unripe,157,28.54,57.32,3.046,2.266,329.4,5.48,Low
Onion,Ripe,46,28.6,74.81,1.767,3.725,594.6,3.24,Low
Mango,Semi-Ripe,224,25.53,60.52,0.645,1.594,300.0,2.7,Medium
Onion,Semi-Ripe,102,24.09,64.78,0.603,3.155,490.6,4.04,Low
Tomato,Semi-Ripe,150,35.49,78.52,0.853,2.604,586.1,6.45,Medium
Brinjal,Ripe,147,31.01,61.47,0.793,4.693,522.5,0.86,Low
Banana,Unripe,59,30.29,44.41,2.409,2.929,447.2,6.82,Low
Brinjal,Ripe,145,29.31,52.39,1.992,1.732,541.6,3.14,Medium
Banana,Semi-Ripe,94,22.99,68.12,1.025,3.31,624.4,0.66,Low
Banana,Ripe,84,32.11,45.64,1.607,3.347,487.1,3.76,Low
Tomato,Semi-Ripe,206,23.63,64.43,1.779,2.063,300.0,6.47,Medium
Mango,Semi-Ripe,174,28.13,51.29,1.042,1.22,637.7,4.08,Medium
Onion,Semi-Ripe,117,20.44,87.68,1.326,3.09,548.0,4.46,Low
Banana,Semi-Ripe,4,18.84,93.98,1.516,2.57,496.0,6.36,Low
Tomato,Ripe,170,28.27,55.3,1.407,0.832,300.0,4.91,Low
Tomato,Unripe,177,23.76,71.08,0.58,2.78,464.2,9.99,Medium
Mango,Unripe,40,19.04,56.48,0.622,1.799,394.9,5.26,Low
Brinjal,Ripe,182,29.16,64.29,0.817,0.833,354.0,4.78,Low
Mango,Ripe,96,35.48,89.64,0.61,2.113,483.6,4.18,Low
Banana,Semi-Ripe,176,32.56,62.4,0.357,3.911,435.7,4.04,Medium
Brinjal,Unripe,202,25.97,64.57,1.605,3.829,443.6,5.37,Low
Brinjal,Ripe,168,27.04,56.69,1.274,3.541,588.8,5.53,Medium
Tomato,Ripe,226,30.55,81.75,0.392,2.796,530.7,4.48,Medium
Mango,Ripe,18,31.49,30.0,0.845,3.155,440.5,0.23,Low
Brinjal,Unripe,78,25.63,62.69,0.879,2.609,425.3,5.81,Low
Brinjal,Unripe,14,27.14,67.45,1.136,1.284,445.4,4.42,Low
Banana,Semi-Ripe,41,28.2,60.07,0.469,1.504,470.3,0.44,Low
Mango,Unripe,90,29.22,78.36,0.388,1.832,570.1,3.89,Low
Tomato,Ripe,5,26.47,82.42,1.439,4.041,374.9,4.41,Low
Tomato,Semi-Ripe,95,26.52,51.06,0.342,3.684,675.0,5.3,Low
Tomato,Unripe,30,32.52,93.12,0.85,1.312,570.2,1.61,Low
Onion,Ripe,27,31.84,50.92,0.796,2.559,300.0,4.59,Low
Banana,Ripe,201,28.91,83.46,0.917,2.057,510.2,4.94,Medium
Mango,Ripe,179,33.88,69.8,1.194,2.329,624.9,5.35,Medium
Banana,Semi-Ripe,109,25.45,61.96,3.062,1.91,546.6,2.15,Low
Banana,Ripe,136,33.49,63.09,0.326,4.046,450.5,0.0,Low
Tomato,Semi-Ripe,70,29.17,67.6,1.847,2.479,492.7,1.94,Low
Onion,Unripe,117,40.0,70.5,0.172,2.738,521.4,4.87,Medium
Banana,Semi-Ripe,186,22.23,56.96,2.653,2.747,592.4,4.36,Low
Banana,Unripe,125,24.24,65.19,0.239,1.369,330.2,5.17,Low
Banana,Unripe,191,28.68,58.75,5.504,2.619,427.4,6.78,Low
Onion,Unripe,116,28.59,53.42,0.761,3.669,696.6,3.3,Low
Onion,Semi-Ripe,87,34.8,58.19,2.468,4.12,504.0,2.77,Low
Tomato,Ripe,215,24.33,54.2,2.136,1.237,683.3,1.14,Medium
Brinjal,Unripe,217,30.62,62.96,0.737,0.83,858.3,2.32,Medium
Tomato,Ripe,55,31.65,73.19,0.777,2.568,441.0,0.75,Low
Tomato,Ripe,111,29.82,69.45,0.557,3.72,356.3,4.83,Low
Banana,Semi-Ripe,186,23.16,91.69,1.735,2.896,468.1,4.16,Medium
Banana,Semi-Ripe,62,32.63,41.47,0.743,3.248,631.9,2.28,Low
Banana,Semi-Ripe,180,31.92,73.63,0.564,1.004,648.7,3.49,Low
Tomato,Unripe,216,29.4,68.08,1.457,1.871,772.6,3.69,Medium
Brinjal,Unripe,56,27.82,77.79,0.534,0.1,495.6,4.83,Low
Banana,Unripe,36,27.9,76.6,0.794,2.343,558.6,3.1,Low
Tomato,Semi-Ripe,227,26.69,66.02,1.078,0.119,414.6,7.01,Low
Mango,Semi-Ripe,240,29.56,70.07,0.638,3.966,300.0,1.43,Medium
Tomato,Unripe,206,27.12,59.07,0.709,4.21,495.2,5.93,Medium
Onion,Unripe,147,23.61,75.36,2.928,2.655,361.5,3.39,Low
Brinjal,Ripe,20,22.81,45.45,0.867,0.836,577.2,2.23,Low
Banana,Semi-Ripe,220,23.99,77.32,0.777,2.913,300.0,7.58,Medium
Tomato,Ripe,47,27.89,67.72,0.885,4.545,411.3,2.36,Low
Onion,Ripe,43,26.89,62.16,1.375,3.023,532.1,3.9,Low
Mango,Ripe,172,27.86,65.21,0.485,3.803,544.7,2.73,Medium
Banana,Unripe,93,29.0,66.09,1.349,1.966,494.3,3.68,Low
Brinjal,Semi-Ripe,209,24.49,83.57,1.196,1.542,724.1,2.14,Medium
Mango,Semi-Ripe,210,32.86,95.0,0.286,2.422,688.3,4.92,Medium
Onion,Ripe,194,25.93,82.64,3.511,0.381,417.9,5.52,Medium
Mango,Ripe,201,25.27,61.22,2.78,4.99,693.1,6.9,Medium
Mango,Ripe,131,28.93,75.56,0.571,2.654,711.5,2.6,Medium
Tomato,Ripe,210,19.65,76.08,0.456,3.453,485.1,4.07,Medium
Mango,Unripe,220,23.84,56.9,1.173,1.992,505.4,3.98,Medium
Brinjal,Unripe,67,30.92,52.87,0.369,0.803,493.9,2.85,Low
Banana,Semi-Ripe,102,20.05,67.24,2.599,4.068,422.6,1.99,Low
Onion,Ripe,148,31.47,77.69,0.72,1.263,434.5,0.39,Low
Onion,Unripe,207,33.04,48.66,3.112,2.884,658.3,3.11,Medium
Mango,Unripe,93,25.52,59.35,0.562,2.987,552.5,3.53,Low
Brinjal,Unripe,62,28.17,74.87,0.924,2.581,433.5,2.98,Low
Banana,Ripe,77,31.48,68.5,2.428,1.637,388.9,4.42,Low
Banana,Ripe,192,25.13,85.0,0.798,2.335,409.0,6.32,Medium
Mango,Semi-Ripe,125,30.47,51.06,1.21,1.455,480.3,3.19,Low
Tomato,Unripe,61,24.32,95.0,2.149,3.39,609.6,0.38,Low
Banana,Unripe,172,25.09,49.54,0.678,3.129,396.8,5.29,Low
Brinjal,Unripe,159,23.8,43.65,0.413,2.476,608.2,4.39,Low
Onion,Semi-Ripe,124,28.37,67.29,0.36,1.875,523.6,3.52,Medium
Banana,Semi-Ripe,149,31.63,54.39,1.504,4.818,517.1,6.48,Medium
Tomato,Unripe,55,26.26,67.53,1.313,1.068,623.1,3.97,Low
Banana,Ripe,44,21.92,67.12,2.103,0.801,601.2,3.25,Low
Mango,Semi-Ripe,194,22.67,65.65,0.825,2.41,331.5,5.12,Medium
Onion,Unripe,163,28.58,57.89,0.367,2.216,369.9,5.99,Low
Brinjal,Semi-Ripe,235,34.38,73.19,0.193,3.707,472.5,4.08,Medium
Onion,Ripe,226,28.57,64.19,7.445,3.211,542.7,3.63,Medium
Mango,Ripe,87,25.45,81.24,1.446,2.532,663.7,3.12,Low
Banana,Semi-Ripe,111,30.06,65.84,1.1,3.05,507.8,1.71,Low
Tomato,Semi-Ripe,204,26.04,56.42,1.215,3.03,704.4,4.87,Medium
Tomato,Unripe,0,25.49,47.75,0.367,4.814,415.2,2.67,Low
Mango,Ripe,208,23.17,65.93,0.573,2.779,435.5,4.87,Low
Mango,Ripe,40,32.63,52.77,3.388,1.751,463.3,2.33,Low
Brinjal,Unripe,62,16.84,51.8,1.585,2.718,401.9,6.22,Low
Mango,Semi-Ripe,116,30.19,74.33,0.586,0.1,639.1,5.59,Medium
Onion,Ripe,169,25.15,46.67,0.424,2.464,300.0,4.35,Low
Brinjal,Unripe,85,25.36,84.95,0.697,3.702,439.6,3.69,Low
Onion,Semi-Ripe,226,33.77,69.92,0.802,3.162,637.8,7.69,Medium
Mango,Ripe,188,24.14,67.47,4.197,2.828,462.5,3.7,Medium
Banana,Unripe,178,24.28,55.58,0.877,3.214,628.7,2.9,Low
Banana,Semi-Ripe,186,26.48,77.17,0.435,3.714,763.7,5.14,High
Brinjal,Semi-Ripe,7,28.66,67.97,0.96,4.068,509.6,3.33,Low
Onion,Semi-Ripe,198,25.23,59.77,1.203,2.992,640.3,5.76,Medium
Banana,Unripe,145,20.7,70.4,0.408,2.152,790.3,5.73,Medium
Onion,Ripe,44,23.54,47.81,1.325,0.1,548.3,1.71,Low
Banana,Unripe,187,32.13,48.38,2.331,3.576,494.2,2.21,Medium
Mango,Semi-Ripe,25,27.3,54.56,1.102,3.067,608.3,1.75,Low
Tomato,Unripe,148,28.8,72.19,0.572,2.668,642.1,5.32,Low
Mango,Ripe,137,25.95,67.96,0.691,1.743,495.3,2.48,Low
Mango,Semi-Ripe,6,24.36,80.59,0.313,3.562,441.9,0.0,Low
Mango,Semi-Ripe,90,33.71,56.96,0.911,2.217,706.1,3.84,Low
Banana,Unripe,28,26.25,74.9,1.243,2.462,467.5,1.82,Low
Mango,Semi-Ripe,228,25.23,66.63,0.534,2.438,643.2,2.13,Medium
Onion,Ripe,193,31.38,56.68,3.888,2.995,531.5,4.95,Medium
Mango,Semi-Ripe,240,24.11,72.62,1.741,1.237,719.2,4.68,Medium
Brinjal,Unripe,117,24.62,67.21,0.285,3.119,398.1,6.92,Medium
Brinjal,Unripe,79,27.04,60.45,0.289,1.707,397.9,3.61,Low
Onion,Unripe,230,27.0,68.5,0.502,1.746,602.5,6.31,Medium
Brinjal,Ripe,73,28.04,66.45,3.008,3.474,364.4,3.34,Low
Mango,Unripe,100,35.37,66.16,1.866,1.405,514.0,2.62,Low
Banana,Unripe,32,28.34,63.05,3.116,3.472,685.8,2.01,Low
Tomato,Semi-Ripe,198,17.49,52.34,1.007,2.612,300.0,6.82,Low
Mango,Unripe,28,28.31,68.9,0.864,0.687,548.3,4.18,Low
Onion,Unripe,8,27.15,58.37,0.418,4.001,645.4,0.0,Low
Tomato,Unripe,200,27.17,55.76,1.277,2.841,496.9,2.65,Low
Mango,Unripe,202,27.98,65.11,0.872,2.934,388.7,2.78,Medium
Tomato,Semi-Ripe,205,26.89,76.81,0.849,3.608,468.5,6.87,Medium
Banana,Unripe,207,26.79,70.23,3.104,4.149,399.4,1.87,Medium
Brinjal,Unripe,34,29.45,61.63,0.915,2.721,508.3,4.32,Low
Tomato,Ripe,87,24.83,61.14,2.539,3.179,466.8,4.26,Low
Tomato,Ripe,184,23.21,75.63,0.329,2.908,438.4,4.97,Medium
Onion,Unripe,74,39.1,39.24,6.565,2.123,555.9,2.54,Low
Mango,Ripe,187,24.14,77.57,0.77,0.758,689.5,6.88,Medium
Tomato,Unripe,219,27.4,45.51,1.641,2.736,539.3,5.33,Medium
Tomato,Semi-Ripe,231,21.02,51.02,1.834,4.017,661.2,2.67,Medium
Onion,Semi-Ripe,187,27.47,61.83,0.706,3.142,689.5,2.56,Medium
Onion,Semi-Ripe,192,23.27,94.04,1.774,1.326,429.6,1.84,Low
Tomato,Semi-Ripe,144,25.23,88.13,1.84,3.707,533.0,6.39,Low
Mango,Ripe,18,31.18,76.48,0.607,2.16,449.0,5.28,Low
Tomato,Unripe,105,28.89,72.28,0.612,0.199,322.1,5.72,Low
Banana,Semi-Ripe,229,29.27,45.65,1.032,3.62,542.7,4.99,Medium
Onion,Ripe,219,19.92,69.88,0.922,1.46,373.7,2.56,Low
Brinjal,Semi-Ripe,57,34.35,61.41,2.652,4.459,558.1,1.29,Low
Mango,Ripe,180,22.23,58.2,1.635,3.763,313.3,2.88,Low
Brinjal,Unripe,74,33.11,69.86,0.952,2.249,520.5,3.31,Low
Mango,Semi-Ripe,100,31.09,62.35,1.528,3.005,311.5,6.2,Low
Onion,Unripe,156,29.31,78.43,0.239,5.166,580.9,6.86,Medium
Banana,Semi-Ripe,119,23.58,44.77,0.65,3.6,452.8,3.05,Low
Onion,Semi-Ripe,145,27.61,68.9,1.223,2.762,441.2,0.21,Low
Mango,Ripe,23,25.12,57.45,2.183,5.678,635.2,0.68,Low
Onion,Ripe,71,27.12,63.08,1.15,2.629,461.4,5.49,Low
Mango,Unripe,195,26.0,71.66,2.775,3.14,513.3,5.26,Low
Brinjal,Semi-Ripe,149,18.85,54.59,1.836,1.47,476.2,3.65,Low
Tomato,Ripe,202,31.49,69.97,0.71,0.658,560.9,4.16,Medium
Mango,Unripe,232,26.68,65.45,0.907,2.183,625.2,3.93,Medium
Banana,Unripe,85,25.06,60.07,1.331,2.542,600.3,1.35,Low
Banana,Ripe,63,24.76,62.35,0.73,2.862,444.0,6.99,Low
Tomato,Semi-Ripe,74,28.43,66.15,2.921,0.938,645.1,6.48,Low
Tomato,Semi-Ripe,137,23.42,58.79,0.46,3.227,390.0,2.66,Low
Onion,Unripe,60,17.98,68.09,1.248,1.587,410.9,0.06,Low
Mango,Semi-Ripe,94,28.63,64.66,1.673,3.17,484.7,3.93,Low
Brinjal,Semi-Ripe,41,29.08,60.66,0.803,3.528,625.6,2.73,Low
Tomato,Unripe,92,26.2,87.08,0.686,2.065,359.6,4.73,Low
Mango,Ripe,228,22.41,72.98,0.948,1.44,607.0,6.77,Medium
Tomato,Ripe,102,27.36,63.41,1.765,4.198,493.4,1.62,Low
Banana,Semi-Ripe,182,21.14,69.75,0.705,3.46,448.0,6.99,Medium
Banana,Unripe,103,22.89,55.68,0.473,2.667,631.7,3.1,Low
Banana,Unripe,104,24.0,62.76,2.238,4.115,403.7,4.84,Low
Brinjal,Unripe,158,30.38,64.16,1.322,2.592,774.3,3.93,Medium
Brinjal,Ripe,26,25.55,53.04,2.025,1.817,478.8,4.47,Low
Mango,Ripe,85,25.21,72.65,1.702,1.398,518.0,0.0,Low
Banana,Ripe,33,34.82,61.93,4.599,2.381,685.1,4.23,Low
Tomato,Ripe,47,28.41,63.73,2.183,3.349,521.1,1.57,Low
Brinjal,Unripe,171,28.36,61.18,0.602,4.029,642.7,4.68,Medium
Mango,Ripe,42,25.52,95.0,1.39,2.526,300.0,5.24,Low
Tomato,Unripe,48,24.61,60.05,0.677,3.834,446.9,1.63,Low
Onion,Unripe,138,18.25,43.18,0.728,2.264,547.6,2.43,Low
Banana,Semi-Ripe,83,30.87,48.8,0.372,1.64,629.8,2.83,Low
Tomato,Ripe,29,28.79,77.11,0.819,1.063,592.4,2.06,Low
Tomato,Ripe,230,26.28,84.04,1.465,1.943,581.1,3.37,Medium
Mango,Semi-Ripe,222,26.45,59.82,0.955,1.104,627.3,5.36,Medium
Onion,Unripe,140,29.94,83.35,0.463,4.71,557.0,4.46,Medium
Tomato,Unripe,126,20.78,76.9,0.344,2.983,300.0,4.85,Low
Banana,Unripe,194,24.64,65.73,4.385,2.395,673.1,3.35,Medium
Mango,Ripe,234,22.45,64.87,1.256,4.394,399.5,3.61,Medium
Brinjal,Semi-Ripe,25,34.09,70.17,0.562,1.068,537.6,2.59,Low
Banana,Semi-Ripe,23,30.5,78.53,1.382,2.349,521.7,2.33,Low
Banana,Ripe,79,18.19,72.77,4.629,4.7,505.7,3.04,Low
Onion,Semi-Ripe,73,20.94,59.88,1.544,2.342,367.3,2.1,Low
Tomato,Unripe,215,26.47,65.91,0.142,5.191,300.0,5.67,Medium
Mango,Ripe,122,25.11,91.78,6.402,3.364,379.7,2.27,Medium
Tomato,Semi-Ripe,195,21.7,71.01,0.274,3.937,599.1,4.62,Low
Mango,Ripe,160,34.78,78.43,0.866,3.968,326.4,3.87,Low
Mango,Ripe,174,28.25,74.48,0.452,2.502,394.4,4.53,Low
Onion,Unripe,230,28.9,71.28,0.596,1.963,550.2,7.39,Medium
Brinjal,Unripe,141,24.23,69.3,1.22,2.373,376.7,1.83,Low
Mango,Semi-Ripe,187,29.89,78.77,0.235,1.414,434.8,0.44,Medium
Brinjal,Semi-Ripe,64,25.48,76.62,0.939,2.427,509.8,2.2,Low
Onion,Ripe,62,25.87,71.17,2.233,2.495,533.9,1.17,Low
Tomato,Unripe,141,29.44,59.67,0.554,4.358,374.3,0.0,Low
Banana,Ripe,217,20.48,72.63,0.378,3.153,516.9,8.25,Medium
Banana,Ripe,12,33.39,67.2,0.907,5.099,547.9,3.65,Low
Onion,Ripe,120,27.73,64.3,0.789,0.125,347.2,5.14,Low
Mango,Semi-Ripe,48,32.12,95.0,0.659,1.161,525.8,2.56,Low
Brinjal,Unripe,213,22.7,49.53,0.435,2.109,414.0,5.81,Medium
Banana,Ripe,124,23.31,79.5,1.438,4.142,514.9,3.23,Low
Mango,Unripe,10,22.35,57.65,1.517,2.379,586.8,4.09,Low
Mango,Semi-Ripe,0,28.0,69.57,0.474,0.885,478.8,2.84,Low
Onion,Unripe,154,27.26,95.0,0.523,2.23,609.6,4.28,Low
Onion,Unripe,55,25.14,56.45,1.1,1.183,594.9,3.23,Low
Mango,Semi-Ripe,9,22.94,59.31,0.509,0.967,608.9,5.25,Low
Banana,Semi-Ripe,36,21.93,67.79,1.133,4.699,548.4,3.23,Low
Tomato,Ripe,37,26.81,57.83,2.794,2.113,632.1,1.09,Low
Banana,Semi-Ripe,83,25.14,78.61,0.959,2.69,546.2,4.1,Low
Onion,Ripe,173,24.26,61.59,0.428,2.398,300.0,5.46,Low
Brinjal,Ripe,206,33.19,75.85,1.316,2.223,405.0,4.71,Medium
Banana,Semi-Ripe,128,26.67,52.05,0.883,1.575,474.6,3.94,Low
Brinjal,Ripe,228,32.08,46.32,0.9,2.158,489.5,3.32,Medium
Banana,Ripe,190,24.87,65.25,1.395,2.871,542.9,4.95,Medium
Banana,Semi-Ripe,39,27.98,49.18,1.622,4.06,403.2,0.78,Low
Tomato,Semi-Ripe,177,26.78,86.22,1.025,3.542,741.0,4.17,Medium
Tomato,Semi-Ripe,55,20.21,49.64,0.958,1.159,487.7,1.96,Low
Banana,Unripe,232,32.71,55.55,4.24,3.587,499.1,7.05,Medium
Tomato,Unripe,204,26.46,72.96,2.317,3.023,419.5,7.74,Medium
Tomato,Unripe,15,29.99,60.96,1.792,1.813,379.6,0.62,Low
Mango,Semi-Ripe,41,23.99,49.78,1.096,2.7,484.8,2.98,Low
Banana,Ripe,106,26.34,92.48,0.495,3.13,503.3,3.21,Medium
Brinjal,Ripe,178,23.53,55.98,2.202,2.552,489.6,5.47,Medium
Onion,Unripe,133,31.94,65.64,1.106,3.028,698.6,4.27,Medium
Brinjal,Ripe,20,28.25,65.49,0.668,1.551,484.8,2.04,Low
Onion,Semi-Ripe,151,28.47,76.52,0.843,4.692,489.7,4.48,Low
Mango,Ripe,156,32.43,73.55,0.508,0.378,597.8,3.99,Medium
Brinjal,Semi-Ripe,224,31.63,58.08,2.096,3.136,479.5,8.05,Medium
Tomato,Ripe,64,30.06,64.09,1.613,2.903,564.7,1.84,Low
Tomato,Ripe,9,21.31,65.28,1.136,3.207,346.5,3.07,Low
Brinjal,Semi-Ripe,180,24.22,76.99,0.97,1.721,347.5,5.58,Low
Mango,Ripe,169,22.98,53.98,0.621,3.786,514.6,5.32,Medium
Banana,Ripe,125,29.91,92.22,0.225,2.381,472.2,3.46,Low
Onion,Unripe,166,27.68,58.89,0.372,1.195,402.9,6.95,Low
Brinjal,Ripe,43,21.44,67.9,0.595,1.296,514.6,0.0,Low
Mango,Ripe,30,26.25,54.08,0.535,2.637,525.1,0.89,Low
Brinjal,Semi-Ripe,96,21.02,52.42,1.225,0.744,414.8,4.85,Low
Onion,Semi-Ripe,215,26.79,57.51,1.765,4.481,437.7,3.5,Medium
Mango,Unripe,123,20.38,56.35,0.914,3.654,526.0,2.29,Low
Banana,Ripe,154,29.12,63.03,2.681,4.51,377.5,3.51,Medium
Brinjal,Ripe,240,28.51,56.25,0.578,4.394,427.5,3.97,Medium
Brinjal,Semi-Ripe,72,34.63,76.35,0.909,2.113,564.1,4.51,Low
Banana,Ripe,115,30.39,58.6,0.965,1.544,497.1,5.51,Low
Banana,Unripe,165,25.31,57.27,2.148,0.1,442.7,4.64,Medium
Banana,Semi-Ripe,36,30.27,63.28,1.077,2.053,391.6,4.83,Low
Banana,Ripe,96,21.41,79.91,1.098,4.442,378.4,1.16,Low
Mango,Semi-Ripe,133,23.15,70.58,0.314,1.589,484.2,4.23,Low
Onion,Ripe,73,28.33,66.8,0.533,2.269,743.1,5.8,Low
Brinjal,Unripe,53,18.37,50.8,2.154,1.89,567.9,4.89,Low
Brinjal,Ripe,105,26.85,54.29,0.234,2.912,340.1,6.35,Low
Tomato,Unripe,211,22.92,52.66,2.56,3.915,584.9,3.97,Medium
Banana,Unripe,100,27.41,83.68,1.419,0.807,408.9,5.35,Low
Mango,Ripe,201,22.69,74.37,0.593,1.017,499.4,4.14,Medium
Tomato,Ripe,163,28.7,57.66,0.559,4.135,429.3,5.53,Low
Mango,Semi-Ripe,31,27.08,61.23,3.77,3.306,742.7,5.23,Low
Tomato,Unripe,220,32.6,58.1,2.686,2.215,363.9,3.71,Medium
Brinjal,Semi-Ripe,141,27.03,57.37,0.92,4.378,537.6,0.85,Medium
Banana,Unripe,137,23.93,73.52,1.099,0.998,417.8,7.47,Low
Brinjal,Unripe,167,26.01,64.55,0.636,3.524,588.7,5.38,Low
Onion,Unripe,10,21.62,92.97,1.099,2.425,535.2,2.43,Low
Mango,Semi-Ripe,60,28.62,83.0,0.624,3.167,650.5,2.93,Low
Tomato,Unripe,191,29.36,83.71,0.947,0.1,586.2,1.02,Medium
Tomato,Ripe,150,36.88,76.06,3.551,2.213,416.8,4.68,Medium
Tomato,Unripe,93,24.51,62.93,0.935,3.31,849.9,2.66,Low
Tomato,Ripe,111,25.93,75.17,0.48,2.43,566.7,3.93,Low
Banana,Ripe,149,24.7,63.81,0.384,3.881,433.9,4.34,Low
Brinjal,Semi-Ripe,116,27.85,87.56,1.093,3.844,524.7,0.0,Low
Mango,Semi-Ripe,110,28.53,72.85,0.587,1.446,575.7,4.7,Low
Banana,Unripe,132,26.79,71.15,1.188,3.406,571.1,4.42,Low
Mango,Unripe,67,31.35,69.52,0.322,1.408,559.5,3.89,Low
Brinjal,Unripe,137,24.53,88.88,1.621,2.559,616.0,3.81,Medium
Brinjal,Semi-Ripe,166,30.94,50.79,0.476,3.222,604.2,4.58,Medium
Brinjal,Ripe,171,29.15,90.06,1.033,1.581,398.3,4.86,Medium
Banana,Ripe,149,26.95,65.77,0.789,3.366,753.0,4.78,Low
Onion,Ripe,109,25.74,51.13,3.33,1.944,736.3,4.66,Low
Tomato,Ripe,157,36.71,58.97,1.128,1.861,596.1,4.89,Medium
Banana,Semi-Ripe,174,23.73,48.19,3.903,3.277,504.6,7.92,Low
Tomato,Ripe,74,28.19,75.84,1.481,1.58,506.7,2.08,Low
Onion,Unripe,117,24.0,55.54,2.712,1.524,461.1,3.23,Low
Tomato,Unripe,163,34.14,70.02,0.864,3.645,476.7,7.5,Medium
Banana,Ripe,159,30.55,81.61,1.274,2.619,300.0,4.13,Medium
Tomato,Unripe,119,24.29,59.94,2.347,0.9,683.6,5.6,Low
Brinjal,Ripe,63,29.05,64.78,1.884,3.441,641.3,3.5,Low
Banana,Unripe,219,28.03,52.36,1.45,2.053,300.0,4.72,Low
Banana,Ripe,130,24.93,63.34,0.795,0.957,606.8,5.84,Low
Onion,Ripe,130,30.03,95.0,0.895,0.1,499.1,4.99,Medium
Onion,Unripe,112,28.56,77.34,2.217,3.494,476.1,1.08,Low
Banana,Unripe,183,27.86,64.82,2.565,1.554,559.1,5.01,Medium
Mango,Ripe,72,26.83,60.66,0.66,1.132,300.0,1.57,Low
Mango,Ripe,225,28.72,67.49,0.594,3.203,498.7,7.49,Low
Brinjal,Semi-Ripe,15,27.92,69.56,0.531,3.386,509.5,5.84,Low
Onion,Semi-Ripe,3,27.24,62.97,1.787,1.634,509.7,5.91,Low
Banana,Semi-Ripe,122,24.44,74.36,0.522,3.504,335.9,4.61,Low
Banana,Ripe,207,33.78,56.56,1.772,4.76,553.6,4.15,Medium
Onion,Unripe,2,22.8,56.5,1.465,3.981,627.2,3.1,Low
Tomato,Unripe,163,28.71,72.44,0.683,3.81,548.9,2.76,Medium
Tomato,Unripe,93,25.72,53.98,2.988,2.846,472.5,7.84,Low
Tomato,Semi-Ripe,5,34.04,76.75,0.359,2.012,822.7,4.71,Low
Banana,Unripe,89,23.39,67.83,3.195,2.439,389.1,4.12,Low
Onion,Ripe,155,24.06,46.07,1.25,2.985,592.8,6.15,Medium
Mango,Semi-Ripe,152,23.12,69.31,0.234,1.117,529.2,3.44,Low
Brinjal,Ripe,204,28.29,47.78,3.047,1.654,741.5,2.95,Medium
Onion,Ripe,237,21.51,76.32,1.975,0.929,546.4,1.36,Medium
Onion,Unripe,13,25.09,65.02,0.741,2.759,572.1,2.81,Low
Brinjal,Ripe,206,18.39,90.21,0.509,2.591,560.7,4.6,Medium
Mango,Unripe,2,27.96,80.86,0.333,1.782,373.0,3.46,Low
Brinjal,Ripe,234,25.0,55.27,5.424,3.403,395.7,5.33,Medium
Banana,Ripe,186,21.05,43.75,0.524,1.351,466.9,5.58,Medium
Banana,Ripe,229,31.34,58.94,0.413,1.741,614.9,6.71,Medium
Brinjal,Semi-Ripe,16,21.77,53.34,1.206,3.359,528.0,0.06,Low
Brinjal,Unripe,17,30.19,89.91,0.318,3.522,475.2,4.27,Low
Onion,Unripe,237,24.2,67.88,0.503,1.625,664.7,4.61,Medium
Banana,Ripe,67,33.41,79.2,2.007,2.755,300.0,4.24,Low
Brinjal,Unripe,91,30.0,64.58,1.384,1.643,344.5,5.43,Low
Mango,Semi-Ripe,71,22.97,65.84,0.763,2.283,300.0,5.2,Low
Banana,Ripe,37,23.33,67.61,1.013,2.658,645.0,3.18,Low
Onion,Ripe,17,29.42,81.28,0.734,3.116,488.4,3.03,Low
Brinjal,Unripe,32,25.95,71.74,0.958,2.849,616.0,4.49,Low
Banana,Semi-Ripe,204,26.32,55.31,0.587,2.8,486.9,2.25,Medium
Banana,Unripe,6,32.09,87.47,0.666,1.314,622.8,0.86,Low
Mango,Unripe,215,24.01,64.49,0.652,2.927,484.8,4.58,Medium
Mango,Ripe,53,27.37,62.53,0.602,3.106,549.2,0.74,Low
Brinjal,Ripe,145,30.82,34.05,2.077,3.258,531.6,3.75,Low
Tomato,Ripe,62,30.24,75.61,1.714,1.709,540.5,2.66,Low
Tomato,Ripe,214,26.36,69.21,0.521,3.507,702.2,5.22,Medium
Banana,Unripe,9,25.84,69.2,0.433,1.051,305.1,2.51,Low
Brinjal,Semi-Ripe,172,20.04,63.17,0.896,2.026,491.8,6.49,Medium
Onion,Unripe,225,22.78,61.1,4.521,2.197,523.8,6.23,Medium
Banana,Unripe,106,28.27,63.57,0.487,1.111,505.8,3.64,Low
Tomato,Ripe,108,26.45,73.56,0.893,2.18,452.3,3.2,Low
Brinjal,Semi-Ripe,36,27.3,75.67,1.064,2.744,435.8,2.85,Low
Mango,Unripe,211,31.16,65.23,0.927,0.492,683.6,4.98,Medium
Tomato,Ripe,230,22.25,79.39,0.726,2.066,491.5,9.79,Medium
Brinjal,Ripe,119,26.06,67.05,2.245,0.577,792.6,1.3,Low
Brinjal,Unripe,166,27.75,61.95,1.375,4.746,563.4,2.82,Low
Tomato,Ripe,182,24.18,70.38,1.808,2.734,465.2,2.75,Medium
Brinjal,Ripe,85,32.73,51.69,1.511,2.638,566.3,4.0,Low
Banana,Unripe,0,30.63,70.79,1.87,2.755,513.1,2.91,Low
Brinjal,Unripe,30,28.16,49.49,3.032,3.165,661.0,1.83,Low
Brinjal,Unripe,216,34.18,55.67,2.539,3.576,359.9,6.71,Medium
Banana,Unripe,192,21.0,43.78,5.09,0.78,300.0,5.47,Low
Mango,Unripe,22,26.97,65.9,2.345,3.941,543.3,4.45,Low
Brinjal,Semi-Ripe,193,28.47,87.32,0.626,3.87,600.3,6.98,Medium
Tomato,Unripe,212,23.34,66.6,1.81,2.427,534.3,1.21,Medium
Banana,Unripe,130,28.2,75.72,1.644,2.369,580.7,5.29,Low
Brinjal,Ripe,108,22.57,95.0,3.835,0.1,563.1,1.47,Low
Mango,Semi-Ripe,240,29.76,72.85,0.508,1.132,322.4,5.83,Medium
Tomato,Unripe,210,31.23,58.82,1.478,3.071,533.7,4.89,Medium
Tomato,Ripe,93,28.09,60.47,0.621,3.821,658.0,3.56,Low
Banana,Unripe,114,19.59,68.01,1.432,3.302,520.6,1.7,Low
Banana,Semi-Ripe,227,23.13,60.41,0.86,2.417,342.8,7.08,Medium
Brinjal,Ripe,222,29.26,61.3,1.399,4.618,459.9,2.84,Medium
Onion,Unripe,151,27.08,79.82,0.373,3.606,566.8,5.66,Medium
Onion,Unripe,156,16.22,80.31,1.742,2.067,715.5,1.79,Medium
Mango,Ripe,177,31.97,48.24,1.155,4.9,300.0,4.59,Low
Tomato,Unripe,69,27.55,58.18,1.112,1.294,543.3,6.58,Low
Brinjal,Semi-Ripe,221,23.72,62.43,3.916,0.881,388.1,9.4,Medium
Tomato,Ripe,70,30.98,75.19,0.765,2.037,560.9,0.43,Low
Brinjal,Semi-Ripe,200,24.29,81.72,1.271,1.665,570.5,3.63,Medium
Mango,Unripe,197,24.25,95.0,1.073,2.099,472.0,3.92,Medium
Mango,Ripe,69,28.43,62.41,1.149,3.378,575.8,7.39,Low
Tomato,Ripe,194,34.12,63.01,4.736,2.463,636.8,4.71,Low
Tomato,Semi-Ripe,209,33.49,75.06,1.046,2.491,480.3,6.94,Medium
Tomato,Unripe,119,28.44,59.81,0.672,2.565,339.5,4.47,Low
Banana,Semi-Ripe,130,28.85,66.31,3.705,0.1,671.1,1.9,Low
Mango,Ripe,122,30.17,63.02,0.806,0.833,599.4,0.62,Low
Mango,Unripe,10,21.97,36.54,0.325,2.076,567.7,1.52,Low
Tomato,Semi-Ripe,130,29.58,69.48,0.595,1.573,417.1,8.23,Low
Tomato,Semi-Ripe,162,24.06,65.81,0.418,2.245,618.3,4.91,Low
Brinjal,Semi-Ripe,135,28.27,83.25,0.284,4.045,745.1,6.02,Medium
Onion,Unripe,120,26.09,68.07,0.776,2.418,485.4,1.39,Low
Brinjal,Semi-Ripe,120,29.0,52.94,0.952,1.046,511.3,3.35,Low
Onion,Ripe,129,27.47,64.9,2.285,1.628,372.2,5.45,Low
Brinjal,Unripe,223,15.0,42.91,1.554,4.382,413.7,3.21,Medium
Tomato,Unripe,99,27.72,53.47,1.505,4.186,371.1,3.57,Low
Brinjal,Semi-Ripe,54,29.57,75.63,0.535,3.155,515.7,1.56,Low
Mango,Ripe,15,28.78,65.03,1.858,0.781,459.1,4.17,Low
Brinjal,Unripe,209,26.59,79.07,2.648,2.837,544.7,5.73,Medium
Brinjal,Ripe,43,33.57,44.4,1.318,2.922,393.0,4.25,Low
Onion,Ripe,100,28.25,65.09,1.344,2.528,479.9,5.27,Low
Onion,Unripe,182,28.75,62.29,0.413,1.873,385.6,4.27,Medium
Brinjal,Unripe,43,31.18,79.47,2.092,2.101,522.5,4.82,Low
Onion,Unripe,56,28.45,76.07,3.478,1.796,304.1,2.11,Low
Banana,Ripe,153,23.41,75.71,1.254,1.24,518.2,5.46,Medium
Onion,Unripe,151,17.25,86.5,0.66,4.003,466.6,0.76,Low
Tomato,Semi-Ripe,58,25.09,63.58,0.893,3.471,521.7,1.85,Low
Banana,Unripe,130,30.04,84.02,0.745,2.187,301.7,8.23,Medium
Brinjal,Semi-Ripe,169,25.59,55.47,0.777,2.887,578.6,5.63,Medium
Onion,Ripe,53,30.2,55.03,1.574,2.929,464.2,4.24,Low
Onion,Unripe,106,27.59,77.03,1.216,5.077,526.1,2.29,Low
Mango,Unripe,67,32.15,49.94,2.019,3.46,300.0,1.33,Low
Brinjal,Semi-Ripe,226,25.82,74.87,1.296,3.418,350.9,4.74,Medium
Tomato,Semi-Ripe,92,28.87,69.22,0.546,2.542,453.2,3.48,Low
Tomato,Ripe,206,29.02,80.86,0.704,2.022,665.1,8.42,Medium
Brinjal,Unripe,212,33.01,67.29,0.674,4.021,563.3,6.88,Medium
Mango,Semi-Ripe,40,20.17,68.67,0.878,3.217,515.6,3.18,Low
Banana,Ripe,226,25.17,74.11,3.512,1.588,389.1,5.33,Medium
Mango,Ripe,11,30.39,60.05,3.929,2.999,367.2,4.0,Low
Brinjal,Semi-Ripe,93,33.18,59.53,1.796,3.421,533.2,1.24,Low
Tomato,Ripe,38,27.96,73.69,1.087,0.195,584.1,0.0,Low
Brinjal,Semi-Ripe,11,25.83,67.65,0.386,1.485,525.1,3.97,Low
Brinjal,Semi-Ripe,133,30.03,63.11,1.166,2.899,705.1,4.23,Medium
Onion,Unripe,144,30.47,67.01,0.575,0.383,418.1,1.87,Low
Mango,Ripe,140,25.56,87.13,3.131,0.557,521.5,0.41,Low
Mango,Ripe,100,28.32,62.68,0.325,2.202,300.0,5.31,Low
Banana,Unripe,189,31.72,62.34,1.309,3.041,525.3,3.83,Low
Mango,Semi-Ripe,118,34.56,47.51,0.542,3.092,676.3,4.64,Medium
Brinjal,Ripe,128,29.97,67.49,0.993,4.241,375.0,3.56,Low
Brinjal,Unripe,106,27.18,75.88,1.594,2.59,601.1,3.71,Medium
Brinjal,Ripe,49,26.78,78.03,2.045,2.09,672.9,2.02,Low
Banana,Ripe,157,29.23,69.3,0.958,1.062,417.2,4.25,Low
Brinjal,Semi-Ripe,199,26.54,79.47,1.704,2.077,556.0,5.93,Medium
Tomato,Ripe,73,27.76,76.77,0.629,3.278,689.6,2.88,Low
Tomato,Unripe,111,22.77,81.36,1.188,3.328,527.7,3.23,Low
Mango,Semi-Ripe,215,32.19,79.81,2.017,2.791,594.4,6.17,Medium
Mango,Semi-Ripe,49,22.44,86.84,1.262,3.102,300.0,4.3,Low
Onion,Ripe,101,25.27,65.96,0.69,3.904,571.7,1.66,Low
Mango,Unripe,64,27.39,52.08,0.823,2.583,562.1,3.22,Low
Onion,Unripe,82,34.96,75.96,2.036,4.004,340.9,2.54,Low
Banana,Unripe,110,25.31,77.37,0.466,1.701,384.3,3.84,Low
Brinjal,Ripe,222,24.34,86.84,0.516,2.419,572.5,7.75,Medium
Tomato,Ripe,3,24.8,83.38,1.524,1.971,463.7,3.18,Low
Brinjal,Ripe,86,33.64,91.35,0.735,3.372,633.4,7.43,Medium
Banana,Semi-Ripe,208,15.75,75.44,0.362,1.384,537.3,5.39,Medium
Onion,Semi-Ripe,20,22.99,70.75,2.574,2.146,506.8,2.44,Low
Tomato,Semi-Ripe,122,37.93,51.38,0.463,0.454,479.5,3.93,Low
Mango,Semi-Ripe,37,29.36,71.7,0.87,3.154,535.1,3.2,Low
Onion,Unripe,134,22.58,61.37,0.648,3.871,596.4,4.69,Low
Banana,Unripe,172,26.83,70.54,0.812,3.502,564.1,2.78,Medium
Banana,Unripe,153,27.27,68.65,0.538,3.394,449.2,3.92,Low
Banana,Unripe,135,30.38,73.66,1.649,3.423,648.7,2.82,Medium
Mango,Unripe,178,34.36,66.83,1.081,3.27,578.9,6.49,Medium
Onion,Semi-Ripe,128,28.55,79.22,1.991,3.176,546.2,0.57,Medium
Banana,Ripe,147,24.84,35.32,0.653,3.247,511.0,4.55,Low
Tomato,Ripe,19,30.15,70.28,4.451,1.779,560.0,0.0,Low
Mango,Ripe,5,24.21,82.43,0.264,2.28,300.0,3.34,Low
Onion,Unripe,39,22.87,90.44,0.33,2.577,529.0,2.25,Low
Banana,Semi-Ripe,130,19.96,76.78,3.412,2.131,696.8,0.79,Low
Brinjal,Semi-Ripe,95,20.74,88.22,1.394,0.777,526.4,5.34,Low
Tomato,Semi-Ripe,88,23.41,70.03,1.27,1.141,510.0,0.0,Low
Tomato,Unripe,107,22.29,68.03,1.352,2.753,428.5,3.73,Low
Mango,Unripe,238,28.25,74.35,1.492,3.496,559.1,6.6,Medium
Banana,Unripe,90,22.2,67.96,1.233,2.51,476.6,6.06,Low
Brinjal,Unripe,107,15.0,58.61,0.509,5.541,657.1,0.89,Low
Tomato,Semi-Ripe,121,22.82,61.82,1.773,1.488,396.4,3.02,Low
Onion,Semi-Ripe,186,25.11,54.65,1.588,2.989,445.7,6.68,Low
Brinjal,Ripe,176,24.58,74.34,2.718,3.92,427.9,6.68,Medium
Mango,Ripe,236,33.08,68.14,3.438,3.672,720.1,7.64,Medium
Banana,Unripe,153,24.55,63.68,1.26,3.221,477.2,8.95,Medium
Banana,Semi-Ripe,229,30.52,61.2,0.423,3.677,434.2,4.33,Medium
Brinjal,Unripe,147,26.92,74.06,3.458,2.561,300.0,4.93,Low
Tomato,Ripe,129,26.83,77.37,0.49,4.329,390.6,3.43,Low
Banana,Unripe,134,23.66,54.43,1.267,3.911,563.3,0.55,Low
Banana,Unripe,115,26.76,52.55,0.836,1.563,562.9,3.72,Low
Brinjal,Semi-Ripe,48,23.94,79.45,0.74,2.854,421.9,0.0,Low
Mango,Ripe,88,27.68,51.5,1.707,0.798,428.5,2.62,Low
Mango,Semi-Ripe,145,26.06,74.57,1.187,4.174,723.2,1.6,Low
Onion,Ripe,146,23.22,87.4,1.432,2.747,823.6,5.04,Medium
Onion,Unripe,38,30.97,87.43,0.565,3.984,638.0,1.55,Low
Onion,Ripe,193,28.71,76.85,0.885,2.38,687.1,1.6,Medium
Onion,Unripe,171,25.21,76.51,0.584,0.458,712.6,6.11,Medium
Tomato,Ripe,126,27.58,95.0,0.87,5.401,765.7,2.93,Medium
Brinjal,Unripe,109,26.66,39.99,0.92,2.644,463.8,3.03,Low
Brinjal,Ripe,134,23.53,62.43,3.636,1.4,394.6,2.35,Low
Mango,Unripe,140,27.28,78.18,0.834,3.76,720.0,6.25,Medium
Banana,Ripe,103,24.52,63.95,0.226,4.739,384.3,4.22,Low
Onion,Ripe,207,23.22,82.88,2.655,2.277,376.6,3.88,Medium
Tomato,Semi-Ripe,38,20.51,67.53,1.37,2.391,379.3,0.0,Low
Onion,Ripe,89,25.57,69.58,0.912,2.762,484.2,8.09,Low
Mango,Semi-Ripe,95,29.27,64.7,0.736,1.278,300.0,7.2,Low
Onion,Unripe,24,24.22,61.73,0.515,1.74,328.0,5.39,Low
Banana,Semi-Ripe,21,37.08,61.43,3.883,4.46,425.3,1.49,Low
Tomato,Semi-Ripe,214,30.54,71.25,1.037,2.355,356.5,4.17,Medium
Tomato,Semi-Ripe,186,32.22,58.71,0.296,1.579,627.5,5.45,Low
Onion,Unripe,87,30.18,79.44,1.258,2.003,500.8,1.94,Low
Brinjal,Semi-Ripe,64,34.41,75.84,2.326,3.68,569.2,1.49,Low
Mango,Unripe,97,23.85,81.19,1.116,0.327,556.1,6.29,Medium
Brinjal,Semi-Ripe,169,16.76,54.45,0.532,2.78,475.2,4.43,Low
Banana,Semi-Ripe,71,25.22,47.61,0.5,5.208,618.6,1.34,Low
Tomato,Semi-Ripe,15,29.23,67.95,0.526,4.734,554.3,4.39,Low
Brinjal,Ripe,101,27.61,95.0,2.901,3.131,461.8,2.68,Medium
Tomato,Semi-Ripe,144,28.1,83.19,0.951,3.948,300.0,0.67,Low
Banana,Semi-Ripe,125,32.28,61.35,0.309,3.938,562.5,1.96,Medium
Tomato,Ripe,41,28.53,73.09,1.309,2.362,348.6,2.06,Low
Mango,Unripe,203,30.2,76.73,1.104,3.517,545.6,5.33,Medium
Onion,Unripe,152,23.24,51.58,0.73,4.467,509.5,4.63,Medium
Banana,Unripe,173,22.62,84.44,0.49,1.11,336.8,6.79,Low
Brinjal,Ripe,230,33.46,65.99,0.475,3.134,531.0,4.83,Medium
Mango,Semi-Ripe,123,27.4,66.91,2.14,2.898,523.0,3.14,Low
Tomato,Unripe,139,24.51,68.29,1.189,2.613,523.4,6.41,Low
Brinjal,Semi-Ripe,184,24.51,81.73,1.398,2.516,517.6,6.47,Medium
Mango,Unripe,186,24.4,58.94,1.187,2.755,421.7,4.35,Low
Tomato,Ripe,204,24.16,47.52,1.258,2.847,571.0,5.47,Medium
Banana,Unripe,169,21.87,71.88,0.72,3.73,417.5,3.67,Low
Banana,Unripe,14,21.0,43.48,0.866,3.024,371.0,0.58,Low
Tomato,Ripe,84,26.22,64.39,2.26,2.304,581.0,7.46,Medium
Banana,Ripe,142,24.63,82.24,2.692,1.576,612.4,3.23,Low
Banana,Unripe,107,31.43,74.95,0.425,1.98,572.7,4.31,Low
Onion,Ripe,10,28.17,80.51,0.864,2.787,475.1,0.0,Low
Tomato,Unripe,64,28.06,75.44,1.799,1.723,300.0,4.59,Low
Banana,Unripe,74,24.03,95.0,3.734,3.54,677.8,1.22,Medium
Brinjal,Unripe,8,26.52,60.94,3.481,2.973,300.0,5.62,Low
Banana,Semi-Ripe,183,28.44,72.78,0.573,3.758,570.3,7.93,Medium
Mango,Semi-Ripe,91,29.86,62.74,2.441,1.797,753.2,4.61,Low
Onion,Semi-Ripe,190,26.62,79.48,1.042,1.586,517.9,4.99,Low
Mango,Unripe,209,31.32,67.26,2.077,3.75,534.9,4.67,Medium
Onion,Semi-Ripe,213,27.03,88.63,1.736,2.643,545.5,4.97,Medium
Onion,Semi-Ripe,218,30.17,61.63,0.413,2.277,523.8,5.85,Medium
Brinjal,Ripe,120,25.04,84.89,1.47,3.269,782.1,4.1,Medium
Brinjal,Unripe,58,19.75,75.12,2.022,3.228,398.8,4.96,Low
Banana,Ripe,20,28.07,67.61,0.986,1.119,383.8,1.09,Low
Brinjal,Ripe,150,29.9,74.51,0.842,4.023,460.7,7.05,Low
Mango,Semi-Ripe,30,29.3,71.14,0.333,2.049,708.9,2.1,Low
Tomato,Ripe,58,28.69,72.27,1.614,4.37,430.8,1.85,Low
Brinjal,Ripe,58,25.61,65.52,1.157,1.033,551.6,3.85,Low
Onion,Ripe,65,23.77,59.58,0.524,2.849,628.5,4.05,Low
Onion,Semi-Ripe,89,29.21,63.98,0.796,2.296,593.5,0.44,Low
Brinjal,Unripe,79,28.71,47.8,1.114,0.327,622.2,2.58,Low
Onion,Ripe,126,24.76,78.1,0.676,3.224,670.2,0.1,Low
Banana,Unripe,230,31.44,53.18,1.002,0.384,537.0,4.04,Medium
Tomato,Ripe,155,23.47,65.39,0.294,2.179,445.2,3.22,Low
Mango,Ripe,162,24.67,75.78,2.572,3.715,517.7,4.98,Medium
Mango,Ripe,39,33.55,78.07,1.011,1.917,459.3,1.55,Low
Onion,Semi-Ripe,27,30.47,46.7,0.463,1.506,802.6,1.83,Low
Onion,Unripe,45,25.57,66.9,0.179,3.38,436.1,5.39,Low
Brinjal,Semi-Ripe,204,28.15,73.52,2.055,2.226,558.0,8.66,Medium
Onion,Unripe,41,27.62,68.62,1.478,2.054,319.9,1.33,Low
Mango,Ripe,237,16.02,84.13,1.159,3.902,515.9,7.18,Medium
Brinjal,Ripe,181,23.37,58.14,1.83,1.216,465.5,5.37,Medium
Tomato,Unripe,199,26.8,43.41,1.827,1.994,581.1,1.76,Low
Tomato,Unripe,72,25.57,77.72,1.146,3.453,584.2,1.94,Low
Brinjal,Ripe,37,27.99,61.55,0.837,1.145,670.0,0.0,Low
Brinjal,Semi-Ripe,40,31.52,46.9,0.747,4.453,660.5,3.56,Low
Banana,Ripe,206,25.71,66.1,1.343,2.261,492.0,3.03,Medium
Banana,Semi-Ripe,103,22.77,82.77,2.659,3.462,386.7,3.98,Low
Brinjal,Unripe,98,28.3,52.84,0.931,3.46,400.7,8.3,Low
Mango,Ripe,59,25.69,95.0,2.811,2.332,536.3,6.08,Low
Mango,Unripe,85,26.38,57.95,1.298,1.973,518.9,2.14,Low
Mango,Ripe,89,25.83,69.04,1.305,2.453,531.0,1.75,Low
Mango,Ripe,180,35.97,53.37,5.385,3.284,435.8,6.99,Low
Mango,Unripe,198,18.04,68.5,3.18,1.415,672.5,3.07,Medium
Tomato,Ripe,112,25.45,66.4,3.238,1.176,323.3,5.63,Low
Banana,Ripe,80,26.99,50.13,0.572,4.133,429.1,8.38,Low
Banana,Ripe,108,23.88,95.0,4.639,1.692,370.7,5.01,Low
Tomato,Ripe,42,30.6,62.06,0.944,2.889,474.9,5.14,Low
Onion,Ripe,16,30.25,62.07,0.853,2.278,649.6,4.61,Low
Banana,Unripe,56,26.81,79.63,0.221,2.326,465.5,2.17,Low
Tomato,Unripe,5,25.92,89.77,1.257,4.073,512.2,3.08,Low
Tomato,Semi-Ripe,8,26.55,81.52,0.468,2.406,579.7,0.87,Low
Tomato,Ripe,57,26.58,53.59,1.331,2.107,459.8,5.51,Low
Banana,Semi-Ripe,217,26.69,70.57,0.443,2.203,545.9,3.15,Medium
Mango,Semi-Ripe,44,26.25,45.42,3.52,1.946,530.1,4.29,Low
Onion,Semi-Ripe,167,28.01,78.82,1.471,1.763,364.3,6.54,Low
Banana,Unripe,35,30.01,48.38,4.933,1.951,444.3,2.04,Low
Brinjal,Semi-Ripe,111,22.08,58.36,0.489,4.33,542.6,2.53,Low
Mango,Semi-Ripe,146,22.8,67.96,2.958,3.283,653.9,3.95,Medium
Tomato,Unripe,135,20.01,73.34,0.283,2.12,653.8,2.51,Low
Mango,Unripe,192,30.47,64.87,1.157,3.58,751.5,5.09,Medium
Brinjal,Ripe,61,28.0,86.23,0.643,0.754,558.3,1.58,Low
Brinjal,Unripe,179,29.02,76.68,0.731,4.013,450.4,3.13,Medium
Tomato,Unripe,97,21.28,75.74,0.697,3.925,492.3,4.65,Low
Mango,Unripe,107,34.14,53.25,0.527,4.96,486.3,4.9,Medium
Banana,Semi-Ripe,77,24.56,88.39,0.414,3.613,451.1,2.9,Low
Mango,Unripe,240,27.67,58.36,0.734,2.981,546.0,2.42,Medium
Mango,Semi-Ripe,198,30.42,88.85,1.085,3.92,551.5,6.98,Medium
Onion,Unripe,111,23.05,92.27,2.258,1.812,359.1,3.02,Medium
Onion,Unripe,179,24.81,74.15,1.23,2.065,630.6,8.36,Medium
Mango,Ripe,220,27.72,80.38,2.263,2.429,300.0,4.9,Medium
Tomato,Semi-Ripe,68,38.43,31.0,0.355,4.006,473.3,3.56,Low
Mango,Unripe,78,28.2,65.66,0.739,1.559,637.9,2.66,Low
Onion,Unripe,183,33.43,81.23,1.645,1.442,572.9,5.13,Medium
Onion,Semi-Ripe,68,31.82,79.09,1.272,2.76,457.2,9.57,Low
Brinjal,Unripe,22,28.47,53.36,0.547,3.289,736.3,2.14,Low
Brinjal,Unripe,143,23.04,64.48,1.923,1.727,447.2,6.51,Medium
Mango,Semi-Ripe,48,31.24,37.56,0.689,3.237,300.0,3.24,Low
Banana,Unripe,141,21.01,72.96,0.58,4.005,554.3,6.3,Medium
Onion,Semi-Ripe,25,33.4,45.4,1.406,3.821,300.0,0.0,Low
Mango,Semi-Ripe,115,27.8,81.57,1.004,2.889,400.2,7.38,Low
Banana,Semi-Ripe,57,16.4,82.19,0.693,2.4,574.7,3.8,Low
Onion,Ripe,127,25.64,62.31,0.677,4.409,444.7,3.54,Low
Brinjal,Unripe,54,29.62,74.26,0.473,2.517,569.7,4.77,Low
Tomato,Unripe,60,26.05,65.39,0.758,3.534,361.0,3.48,Low
Brinjal,Semi-Ripe,217,29.86,70.9,2.16,4.654,603.0,3.04,Medium
Tomato,Semi-Ripe,236,23.6,54.23,1.187,3.419,300.0,0.97,Medium
Mango,Unripe,78,21.78,75.47,1.956,1.403,658.2,6.72,Low
Onion,Unripe,155,26.71,48.31,1.435,1.137,443.0,3.96,Low
Tomato,Unripe,85,27.13,46.04,0.651,2.173,683.7,2.42,Low
Tomato,Ripe,41,25.61,66.54,0.315,3.28,399.1,2.03,Low
Onion,Unripe,24,31.91,65.47,0.523,2.989,731.0,5.42,Low
Brinjal,Semi-Ripe,214,23.6,71.27,0.625,4.928,385.1,4.19,Medium
Mango,Unripe,15,28.25,60.21,0.592,2.979,300.0,3.84,Low
Mango,Ripe,118,27.27,90.63,1.987,2.14,505.2,3.31,Low
Onion,Semi-Ripe,52,20.77,69.93,1.973,1.253,648.1,0.87,Low
Brinjal,Unripe,183,21.72,70.79,4.704,3.798,594.9,6.32,Medium
Mango,Ripe,32,27.05,70.37,0.586,2.493,639.6,4.87,Low
Tomato,Semi-Ripe,139,34.92,80.03,3.059,0.843,597.3,2.95,Medium
Banana,Unripe,83,29.32,74.91,3.046,2.524,401.6,3.43,Low
Mango,Ripe,125,20.1,73.3,0.85,1.405,592.0,4.17,Medium
Banana,Ripe,44,15.0,76.83,1.393,2.032,511.1,3.83,Low
Tomato,Semi-Ripe,28,29.93,46.1,2.383,2.507,414.8,6.38,Low
Banana,Unripe,42,26.62,46.56,0.96,1.504,521.5,2.42,Low
Mango,Ripe,138,31.57,67.09,0.909,1.964,493.2,3.56,Low
Onion,Semi-Ripe,156,23.48,65.63,0.645,1.681,669.9,4.06,Medium
Mango,Unripe,218,28.4,74.96,0.192,1.711,438.2,3.42,Medium
Mango,Semi-Ripe,227,30.38,68.24,1.051,1.391,432.6,2.12,Medium
Mango,Semi-Ripe,181,25.21,74.98,0.608,1.969,416.2,4.91,Medium
Brinjal,Unripe,3,25.3,53.05,0.471,1.516,727.6,3.49,Low
Brinjal,Unripe,169,27.1,67.87,1.344,3.145,422.9,4.53,Low
Mango,Semi-Ripe,170,29.17,51.91,0.362,2.721,655.6,4.43,Low
Brinjal,Ripe,170,26.94,72.64,1.758,3.814,376.2,2.92,Low
Tomato,Unripe,158,30.9,45.46,1.403,4.575,560.8,4.85,Medium
Tomato,Unripe,165,25.15,72.18,0.756,3.245,531.5,4.79,Medium
Mango,Ripe,140,21.69,50.37,0.957,2.995,648.0,5.03,Low
Brinjal,Unripe,149,34.91,63.4,0.435,3.314,630.6,4.87,Medium
Banana,Semi-Ripe,166,24.58,78.74,1.691,3.013,509.8,5.2,Low
Banana,Semi-Ripe,10,24.73,70.73,1.14,2.555,435.6,4.99,Low
Brinjal,Ripe,122,26.74,48.25,1.201,2.468,695.0,4.99,Medium
Tomato,Unripe,30,27.27,59.93,1.421,1.376,423.6,3.73,Low
Mango,Unripe,223,25.45,49.98,0.638,3.423,300.0,2.04,Medium
Brinjal,Ripe,238,26.93,47.66,0.345,2.466,300.0,7.25,Medium
Onion,Unripe,38,26.84,69.41,1.954,4.094,306.2,2.42,Low
Tomato,Semi-Ripe,214,27.7,74.72,1.619,3.507,571.5,5.21,Medium
Mango,Ripe,114,17.57,73.29,0.687,1.811,765.7,1.58,Low
Onion,Semi-Ripe,162,34.52,75.23,1.332,3.871,300.0,8.21,Medium
Onion,Semi-Ripe,157,26.41,67.86,2.412,0.1,406.1,0.0,Low
Mango,Unripe,28,29.32,64.72,2.219,4.623,510.7,5.51,Low
Tomato,Semi-Ripe,218,21.49,55.12,0.674,1.028,685.5,5.88,Medium
Banana,Unripe,154,25.12,62.72,0.353,3.045,405.4,0.92,Low
Brinjal,Semi-Ripe,117,24.31,52.14,0.398,2.97,570.9,7.57,Medium
Mango,Semi-Ripe,148,32.88,57.86,0.804,3.736,470.0,5.2,Low
Mango,Ripe,235,24.66,69.07,2.783,2.138,812.9,1.08,Medium
Brinjal,Ripe,156,30.03,66.59,0.601,0.14,517.3,3.61,Medium
Banana,Semi-Ripe,158,24.4,95.0,0.659,2.14,542.7,5.36,Medium
Mango,Semi-Ripe,211,25.19,51.85,0.649,2.259,510.1,8.12,Medium
Onion,Unripe,168,26.02,66.5,0.689,0.246,450.2,3.78,Medium
Onion,Semi-Ripe,34,32.14,50.92,0.992,2.55,614.0,0.0,Low
Brinjal,Ripe,197,19.44,63.35,0.408,1.317,360.9,7.49,Low
Onion,Ripe,216,21.74,63.83,2.136,3.214,300.0,5.99,Medium
Mango,Ripe,176,19.21,78.14,0.904,2.229,482.0,0.59,Medium
Tomato,Ripe,36,22.65,62.6,5.671,4.657,597.9,3.55,Low
Brinjal,Unripe,125,23.75,65.7,0.44,2.218,430.3,4.81,Low
Banana,Unripe,13,20.54,62.84,3.043,2.973,522.4,2.07,Low
Banana,Unripe,186,24.06,51.19,2.648,2.266,353.5,3.24,Low
Mango,Semi-Ripe,230,18.94,60.17,0.75,0.714,627.5,4.16,Medium
Tomato,Ripe,8,22.93,63.42,0.758,2.275,578.2,2.01,Low
Tomato,Ripe,26,31.8,68.89,0.525,3.329,502.4,3.45,Low
Brinjal,Semi-Ripe,224,28.61,74.71,0.529,3.162,520.2,6.61,Medium
Mango,Ripe,192,27.75,65.18,1.0,2.177,332.8,0.94,Medium
Onion,Ripe,198,22.99,64.97,1.015,0.898,338.1,5.34,Low
Banana,Unripe,50,20.86,47.35,0.326,3.209,485.4,3.98,Low
Tomato,Ripe,153,22.44,74.48,4.98,2.961,561.6,4.64,Medium
Brinjal,Semi-Ripe,199,26.83,59.65,0.834,3.428,567.7,4.16,Low
Brinjal,Unripe,16,30.47,76.97,1.047,2.198,456.4,5.25,Low
Tomato,Semi-Ripe,68,30.61,83.8,0.645,0.647,589.4,5.74,Low
Onion,Unripe,71,29.52,65.75,0.83,3.087,670.5,2.69,Low
Brinjal,Semi-Ripe,130,24.05,55.72,0.778,2.49,489.4,3.91,Medium
Banana,Semi-Ripe,61,27.1,67.8,0.998,4.031,537.2,4.62,Low
Tomato,Semi-Ripe,82,25.71,72.18,0.99,2.532,475.1,5.79,Low
Banana,Semi-Ripe,61,26.2,64.21,1.757,2.45,484.8,1.76,Low
Onion,Semi-Ripe,15,35.15,61.23,1.172,2.959,520.3,0.8,Low
Mango,Ripe,161,19.95,74.76,1.637,1.843,704.4,4.93,Low
Onion,Semi-Ripe,153,26.06,73.97,0.993,1.79,609.8,2.31,Low
Tomato,Ripe,211,31.85,63.84,1.176,2.392,599.0,1.53,Medium
Brinjal,Semi-Ripe,138,21.14,48.15,0.845,1.488,445.6,2.68,Low
Mango,Ripe,164,24.43,73.48,2.018,2.248,392.2,5.22,Low
Tomato,Semi-Ripe,86,24.88,58.79,1.253,4.634,546.7,6.33,Low
Brinjal,Ripe,93,26.11,70.57,0.895,3.647,649.2,2.34,Low
Banana,Unripe,99,20.62,69.81,0.877,2.839,706.8,3.46,Low
Mango,Semi-Ripe,233,29.38,45.33,0.926,4.207,300.0,5.58,Medium
Mango,Unripe,113,29.67,68.97,1.022,1.593,793.6,2.69,Low
Banana,Semi-Ripe,207,29.03,74.17,0.961,5.239,550.0,3.68,Medium
Tomato,Unripe,77,23.52,75.65,0.676,1.993,609.1,4.03,Low
Banana,Semi-Ripe,165,27.35,69.41,1.708,4.704,300.0,2.32,Medium
Tomato,Unripe,66,23.4,44.27,1.785,4.699,471.6,1.91,Low
Mango,Semi-Ripe,95,25.67,83.32,3.486,0.571,598.7,3.28,Low
Banana,Semi-Ripe,206,35.61,72.93,0.655,4.114,359.0,5.55,Medium
Brinjal,Ripe,164,27.38,53.56,1.594,2.188,300.0,1.74,Low
Mango,Unripe,117,22.25,58.55,0.263,1.875,540.3,3.67,Low
Brinjal,Unripe,98,27.72,70.77,1.787,3.077,494.0,1.35,Low
Onion,Ripe,192,21.59,76.16,0.361,1.391,673.0,3.57,Medium
Banana,Ripe,37,22.2,62.14,0.502,3.052,480.8,4.36,Low
Brinjal,Ripe,204,22.84,77.91,1.262,1.465,489.6,4.82,Medium
Banana,Semi-Ripe,149,25.22,46.49,0.647,2.695,583.7,7.29,Medium
Mango,Unripe,79,30.75,55.49,0.588,3.969,624.0,3.32,Low
Mango,Semi-Ripe,168,29.31,43.23,0.712,2.925,415.0,6.26,Low
Mango,Ripe,238,29.09,57.23,1.667,2.104,613.3,6.79,Medium
Banana,Unripe,84,22.6,86.1,0.52,3.096,437.4,3.48,Low
Tomato,Ripe,94,24.83,92.69,0.963,0.953,502.0,1.26,Low
Brinjal,Unripe,223,28.09,70.82,0.767,1.577,580.5,4.99,Medium
Tomato,Semi-Ripe,82,24.49,60.34,1.775,2.027,601.4,2.53,Low
Brinjal,Semi-Ripe,205,25.89,65.34,1.81,3.366,538.2,3.93,Medium
Banana,Unripe,216,28.77,73.68,0.277,2.946,370.3,5.37,Low
Brinjal,Unripe,140,25.6,49.24,2.078,3.089,300.0,1.57,Low
Tomato,Unripe,19,27.9,61.13,0.652,2.47,477.4,1.16,Low
Mango,Unripe,14,33.37,85.22,1.18,1.633,616.6,0.85,Low
Mango,Semi-Ripe,67,26.31,55.45,0.518,4.137,554.0,2.85,Low
Brinjal,Unripe,4,31.72,59.01,1.297,1.732,529.0,1.17,Low
Mango,Semi-Ripe,183,29.24,68.16,5.965,2.961,499.2,3.43,Medium
Mango,Unripe,154,21.13,71.4,1.093,2.377,537.1,4.59,Low
Tomato,Unripe,109,22.59,60.5,0.725,3.119,380.7,3.01,Low
Mango,Ripe,196,23.67,68.92,0.85,1.834,593.6,4.86,Medium
Onion,Semi-Ripe,32,23.58,75.3,0.358,3.658,601.6,0.88,Low
Tomato,Semi-Ripe,120,26.64,91.54,2.757,4.016,457.4,2.45,Low
Onion,Semi-Ripe,81,29.46,66.49,1.245,3.59,552.4,7.15,Low
Onion,Semi-Ripe,5,32.02,67.5,0.48,2.673,300.0,1.3,Low
Onion,Unripe,115,28.23,86.33,0.491,2.021,521.6,0.09,Low
Brinjal,Ripe,34,25.22,61.41,1.011,5.604,484.0,3.52,Low
Brinjal,Semi-Ripe,11,18.67,52.11,1.92,1.409,651.1,1.36,Low
Onion,Semi-Ripe,50,27.28,71.0,0.447,3.469,476.2,3.54,Low
Brinjal,Semi-Ripe,46,27.1,80.91,2.18,2.866,604.2,2.89,Low
Banana,Ripe,151,27.73,72.33,0.938,2.431,453.1,5.3,Medium
Banana,Semi-Ripe,191,35.42,66.84,0.521,2.704,300.0,4.61,Low
Onion,Ripe,117,31.96,50.62,0.721,1.939,472.9,3.5,Low
Mango,Semi-Ripe,154,30.14,67.3,3.401,2.97,523.6,6.41,Low
Banana,Ripe,24,23.15,82.8,0.378,2.849,518.1,0.0,Low
Tomato,Semi-Ripe,189,24.95,53.19,0.599,5.445,519.9,2.38,Medium
Brinjal,Semi-Ripe,120,26.62,65.06,1.948,3.678,439.2,2.45,Low
Tomato,Semi-Ripe,103,23.9,63.35,1.164,3.067,461.2,0.69,Low
Tomato,Ripe,209,29.0,59.63,0.575,3.133,364.8,4.15,Medium
Mango,Ripe,75,28.43,70.98,1.965,4.523,300.0,2.36,Low
Brinjal,Unripe,105,22.65,73.32,2.031,1.433,487.2,5.51,Low
Onion,Semi-Ripe,223,31.79,73.19,1.261,2.299,410.6,5.02,Medium
Banana,Semi-Ripe,36,27.41,56.28,0.651,0.402,629.6,2.55,Low
Brinjal,Ripe,125,20.08,48.25,0.726,3.115,300.0,3.32,Low
Mango,Unripe,139,26.79,71.15,1.221,3.433,534.9,2.27,Low
Tomato,Semi-Ripe,168,28.12,61.93,0.399,1.405,754.6,6.12,Medium
Tomato,Unripe,223,30.89,90.06,2.533,4.079,478.1,7.35,Medium
Tomato,Unripe,82,25.65,90.61,3.288,1.709,499.7,1.3,Low
Mango,Unripe,27,30.31,91.89,0.848,2.123,551.2,5.74,Low
Brinjal,Unripe,96,27.75,56.72,1.283,2.632,560.5,2.44,Low
Tomato,Ripe,37,21.74,74.83,2.293,4.254,451.0,1.59,Low
Mango,Ripe,175,21.34,78.45,3.931,1.556,379.0,5.45,Medium
Brinjal,Unripe,136,31.49,77.1,2.974,2.82,578.3,5.14,Medium
Tomato,Unripe,182,31.78,63.75,0.297,3.352,300.0,4.56,Low
Banana,Semi-Ripe,81,28.29,83.35,0.802,3.125,599.9,2.85,Low
Mango,Unripe,230,32.98,68.01,1.42,3.166,453.0,7.37,Medium
Onion,Semi-Ripe,215,31.23,69.54,0.708,3.338,500.4,3.96,Medium
Banana,Ripe,220,29.73,49.55,3.483,1.89,436.9,5.02,Medium
Banana,Semi-Ripe,171,23.35,75.74,3.129,4.357,671.7,7.6,Medium
Onion,Semi-Ripe,45,33.93,64.88,0.565,2.378,529.9,0.63,Low
Brinjal,Ripe,35,29.15,73.58,0.893,2.232,461.4,2.09,Low
Banana,Unripe,230,25.46,70.82,0.592,3.982,458.0,7.11,Medium
Brinjal,Ripe,209,24.33,70.17,0.872,1.806,482.2,5.96,Medium
Banana,Semi-Ripe,212,28.03,67.45,0.854,2.852,787.6,6.65,Medium
Brinjal,Semi-Ripe,154,20.32,77.44,1.95,1.705,341.9,1.97,Low
Mango,Ripe,206,29.8,65.61,0.537,5.271,629.9,5.55,Medium
Mango,Ripe,118,23.19,50.54,0.16,5.04,568.2,3.4,Low
Onion,Unripe,39,28.48,74.83,0.325,2.379,684.8,7.06,Low
Banana,Ripe,61,24.91,58.29,0.487,3.072,575.5,4.69,Low
Banana,Unripe,205,25.94,52.11,0.632,2.506,500.4,4.92,Medium
Tomato,Semi-Ripe,156,23.97,55.73,1.14,2.117,622.4,4.89,Medium
Mango,Semi-Ripe,240,26.36,71.4,0.47,2.632,527.6,5.48,Medium
Brinjal,Semi-Ripe,216,34.56,66.84,0.428,2.455,590.6,6.35,Medium
Banana,Ripe,183,32.54,42.41,0.522,0.827,671.4,3.15,Medium
Mango,Unripe,9,28.42,63.4,0.458,2.789,511.1,5.07,Low
Tomato,Semi-Ripe,44,26.9,82.03,0.678,2.453,449.1,0.64,Low
Banana,Unripe,90,30.38,62.58,0.658,2.843,422.7,3.95,Low
Mango,Semi-Ripe,8,31.52,66.01,1.62,2.415,554.1,1.11,Low
Onion,Ripe,225,23.68,80.52,0.5,2.104,394.6,5.28,Medium
Tomato,Ripe,54,26.69,77.55,0.779,3.462,458.0,4.93,Low
Brinjal,Ripe,92,19.71,80.26,0.683,3.086,383.9,0.52,Low
Mango,Semi-Ripe,162,31.49,34.73,1.762,4.036,561.0,4.14,Low
Mango,Semi-Ripe,8,35.26,88.8,0.898,3.044,409.7,0.0,Low
Brinjal,Unripe,153,27.32,75.64,2.086,2.283,345.6,3.83,Low
Banana,Unripe,24,18.5,95.0,0.446,3.178,366.7,0.19,Low
Tomato,Semi-Ripe,217,29.44,58.61,0.966,0.321,431.5,5.4,Medium
Brinjal,Ripe,166,23.38,46.84,0.668,4.814,442.4,3.72,Low
Tomato,Ripe,80,24.35,68.09,0.424,2.802,530.2,4.8,Low
Onion,Ripe,168,29.51,64.7,0.954,4.903,480.6,6.73,Medium
Mango,Unripe,75,28.02,75.84,3.364,1.544,544.4,3.42,Low
Brinjal,Ripe,27,25.05,80.9,0.55,1.271,554.1,4.43,Low
Mango,Unripe,2,24.4,66.95,0.915,2.902,588.9,5.01,Low
Mango,Ripe,52,27.5,65.11,0.399,2.899,300.0,1.46,Low
Tomato,Ripe,170,25.36,74.27,0.36,2.872,364.7,7.12,Medium
Onion,Semi-Ripe,135,22.56,64.92,0.576,2.704,566.6,4.05,Medium
Banana,Semi-Ripe,65,25.67,63.92,0.73,1.809,525.4,1.52,Low
Tomato,Unripe,165,28.36,80.45,0.753,0.866,617.2,5.02,Medium
Tomato,Semi-Ripe,93,26.29,83.12,0.854,2.811,314.7,3.49,Low
Mango,Unripe,37,21.35,81.01,0.315,1.089,443.0,0.41,Low
Banana,Semi-Ripe,163,30.96,65.98,0.645,0.985,464.4,2.47,Low
Tomato,Unripe,109,16.04,42.32,1.421,2.081,520.0,6.76,Low
Mango,Unripe,160,25.21,66.22,0.386,2.974,504.3,4.92,Low
Mango,Semi-Ripe,135,24.52,58.9,0.78,4.687,556.3,6.79,Low
Onion,Unripe,24,27.59,66.44,1.228,3.577,486.2,2.04,Low
Banana,Ripe,11,29.25,59.95,0.578,4.077,664.7,1.19,Low
Tomato,Unripe,24,31.51,67.75,1.27,3.219,702.9,0.0,Low
Mango,Ripe,53,24.15,55.53,0.345,2.904,365.9,4.88,Low
Onion,Ripe,54,29.35,52.63,1.862,5.256,505.4,3.89,Low
Tomato,Unripe,221,27.78,82.67,1.292,1.045,595.8,4.42,Medium
Tomato,Semi-Ripe,188,20.15,56.36,1.04,2.045,570.2,3.33,Medium
Tomato,Semi-Ripe,212,34.6,68.0,2.198,2.131,451.1,7.07,Medium
Tomato,Unripe,114,21.24,79.45,0.794,3.483,530.6,3.55,Low
Onion,Unripe,77,28.68,78.97,0.649,1.423,310.0,3.12,Low
Onion,Semi-Ripe,97,28.56,77.54,2.614,3.34,497.7,2.58,Low
Brinjal,Semi-Ripe,209,28.1,71.63,3.627,3.138,324.8,4.27,Medium
Tomato,Semi-Ripe,85,25.02,76.69,0.615,3.395,561.0,4.51,Low
Brinjal,Ripe,152,30.31,84.48,0.923,3.375,366.1,1.77,Low
Brinjal,Semi-Ripe,34,20.76,73.1,2.078,4.192,519.6,3.05,Low
Brinjal,Ripe,236,26.74,45.95,0.947,2.446,538.3,7.05,Medium
Brinjal,Ripe,154,24.74,61.66,1.516,3.083,509.1,4.2,Low
Brinjal,Ripe,232,24.29,76.36,1.727,1.69,424.2,7.18,Medium
Banana,Semi-Ripe,71,28.71,60.47,0.675,1.439,474.8,5.77,Low
Tomato,Semi-Ripe,148,31.31,87.44,1.341,4.441,641.7,5.9,Medium
Onion,Ripe,66,25.63,67.24,0.996,1.607,449.0,2.32,Low
Onion,Semi-Ripe,112,30.12,69.02,0.427,3.205,502.6,3.78,Low
Banana,Unripe,77,27.2,81.5,0.5,3.084,433.2,4.05,Low
Banana,Ripe,34,23.43,65.81,0.633,3.792,622.5,2.06,Low
